source_file,source_unit,excerpt,verification_status,verification_reason
scrapers-data/dataset_google-search-scraper_2026-08-26_12-40-44-349.csv,1," true https://api.apify.com/v2/key-value-stores/v5tH7nucRDDEvLv6F/records/kUw6OrwGTdgKV82-0.html?signature=1f8QMVRRo55RYJyo8e4uc    Analyse spatiale du risque d inondation dans le bassin versant du Mbanya à Douala, capitale économique du Cameroun. https://www.semanticscholar.org › ... inondation         1  Analyse spatiale du risque d inondation dans le bassin ... organic https://www.semanticscholar.org/paper/Analyse-spatiale-du-risque-d-inondation-dans-le-du-Abomo-Fouda/e58cbd80866a9adb36bdd64fc4b4d9e083727ea4 Semantic Scholar    Inondation à Kai-Kai, dans le département du Mayo Danay, région de l'Extrême-nord du Cameroun ! Plusieurs maisons écroulées et d'autres dégâts ... Facebook › Croix-Rouge Camerounaise Inondation Mayo    il y a 3 ans    2 Plus de 80 réactions Croix-Rouge Camerounaise organic https://www.facebook.com/lacroixrougecamerounaise/posts/la-croix-rouge-camerounaise-vole-au-secours-des-populations-sinistr%C3%A9es-lors-des-/200276249322884/ Facebook · Croix-Rouge Camerounaise    28 mai 2566 E. B. — Cameroun : Les précipitations et les crues ont détruit 48 464 hectares de surface agricole à l'Extrême-Nord en 2022. 28 mai 2023. Facebook ... https://vitrineducameroun.com › Environnement 2022         3  Les précipitations et les crues ont détruit 48 464 hectares ... organic https://vitrineducameroun.com/2023/05/28/cameroun-les-precipitations-et-les-crues-ont-detruit-48-464-hectares-de-surface-agricole-a-lextreme-nord-en-2022/ Vitrine du Cameroun 5   Ce mémoire présente la création d'une carte web pour visualiser les zones à risque d'inondations et de glissements de terrain à Yaoundé, afin d'améliorer ... https://fr.scribd.com › document › Memoire inondations       2  4  Webmapping des risques d'inondation à Yaoundé | PDF organic https://fr.scribd.com/document/862518094/Memoire Scribd    Agnès Mballa, 32 ans, et Louis Marie Nya, 42 ans, ont perdu la vie le 15 août dernier après une cérémonie nuptiale à ... https://fr.journalducameroun.com › cameroun-deux-m",FLOOD_EVIDENCE_NEEDS_DATE,Scraper/search result mentions Far North and flooding but is not the full source text; no promotion from a snippet.
scrapers-data/dataset_google-search-scraper_2026-08-26_12-40-44-349.csv,3, false https://api.apify.com/v2/key-value-stores/v5tH7nucRDDEvLv6F/records/crB53Agm0cjzrBU-0.html?signature=1Lm8Tjj6Qo2JCeoRVP3P2                                                                                                                                                                                                                             CM DESKTOP google.cm   1 10 inondation Yagoua Mayo-Danay 2022 SEARCH http://www.google.cm/search?q=inondation+Yagoua+Mayo-Danay+2022&lr=lang_fr L http://www.google.cm/search?q=inondation+Yagoua+Mayo-Danay+2022&lr=lang_fr,FLOOD_EVIDENCE_NEEDS_DATE,Scraper/search result mentions Far North and flooding but is not the full source text; no promotion from a snippet.
scrapers-data/dataset_google-search-scraper_2026-08-26_12-40-44-349.csv,5," true https://api.apify.com/v2/key-value-stores/v5tH7nucRDDEvLv6F/records/3bIylcw6Z5WcfQO-0.html?signature=V4taYk1nNK6nOgVM5DES    *INONDATIONS DANS LE LOGONE ET CHARI*. *Le Préfet organise une réunion de crise et d'évaluation.* La salle des Actes de la Mairie de Kousseri a ... Facebook › UNICEF Cameroon INONDATIONS LOGONE CHARI Kousseri  il y a 1 an    1 Plus de 30 réactions UNICEF Cameroon organic https://www.facebook.com/unicefcameroon/posts/un-rayon-despoir-%C3%A0-kousseri-les-eaux-se-retirent-peu-%C3%A0-peu-laissant-place-%C3%A0-un-n/1012434087591319/ Facebook · UNICEF Cameroon    25 août 2024 — La récurrence des pluies depuis le mois de juillet à Août 2024, associée à une succession de fortes pluies diluviennes (avec une durée moyenne d ... https://go.ifrc.org › field-reports          2  CMR: Inondation - 08-2024 - inondation Logone et Chari organic https://go.ifrc.org/field-reports/17223 IFRC GO - Home   2022-11-08T12:00:00.000Z Plus de 15 330 ménages (88 537 personnes) sont affectés par les inondations dans les départements de Mayo-Danay, Logone et Chari et Mayo-Tsanaga ... https://reliefweb.int › report › cameroon › cameroun-ex... inondations Logone Chari       3  Extrême-Nord, Rapport de situation No. 25, septembre 2022 organic https://reliefweb.int/report/cameroon/cameroun-extreme-nord-rapport-de-situation-no-25-septembre-2022 ReliefWeb    5 déc. 2022 — Plus de 38000 ménages (200072 personnes) sont affectés par les inondations dans les départements du Mayo-Danay, Mayo-Tsanaga et Logone et Chari. https://www.unocha.org › report › cameroon › camero... inondations Logone Chari       4  Cameroun : Rapport de situation, 29 dec. 2022 organic https://www.unocha.org/publications/report/cameroon/cameroun-rapport-de-situation-29-dec-2022 OCHA   2022-10-21T12:00:00.000Z Depuis trois semaines, les eaux des fleuves Logone et Chari sortent de leur lit et inondent plusieurs quartiers de la ville de Kousseri, située ... https://cameroon-tribune.cm › article.html › en.htm",FLOOD_EVIDENCE_NEEDS_DATE,Scraper/search result mentions Far North and flooding but is not the full source text; no promotion from a snippet.
scrapers-data/dataset_google-search-scraper_2026-08-26_12-40-44-349.csv,8," true https://api.apify.com/v2/key-value-stores/v5tH7nucRDDEvLv6F/records/jJNzUGf2IZ4p8rJ-0.html?signature=YGcNxNrJHswUR7c0hqJ2    INONDATIONS À MAROUA. Les récentes pluies ont occasionné des inondations dans plusieurs quartiers de la ville. Entre autres raisons évoquées ... Facebook › CRTVweb INONDATIONS À MAROUA     il y a 5 ans    1 Plus de 90 réactions #Cameroun #Maroua #Inondations Sept membres du ... organic https://www.facebook.com/CRTVweb/posts/camerounmarouainondationssept-membres-du-gouvernement-aux-c%C3%B4t%C3%A9s-des-populations-/2687613684810951/?locale=fr_FR Facebook · CRTVweb    Oct 19, 2022󰞋󱟠. 󳄫. INONDATION A MAROUA #équinoxetv ... Maroua Diamaré ▻ Maroua Diamaré. 1y · Public · INNONDATION À MAROUA ... Facebook › Équinoxe Tv      il y a 3 ans    2 Plus de 50 réactions INONDATION A MAROUA #équinoxetv ... organic https://www.facebook.com/equinoxe.tv1/posts/inondation-a-maroua%C3%A9quinoxetv-audel%C3%A0delimagenousrendonscompte/3552483891690011/ Facebook · Équinoxe Tv 5   Ce mémoire examine la relation entre l'étalement urbain et les inondations à Maroua II, au Cameroun, en mettant en évidence le manque de canalisations ... https://fr.scribd.com › Memoire-Koffi-Cam-Master-3-Bon inondations Maroua      1  3  Gestion des inondations à Maroua II | PDF | Assainissement organic https://fr.scribd.com/document/668900448/Memoire-Koffi-Cam-Master-3-Bon Scribd    17 mars 2026 — Risques en milieu urbain sahélien : cas de Maroua au Cameroun. December 2022; Analele Universitatii Bucuresti Geografie/Annals of the ... https://www.researchgate.net › publication › 36655072... Maroua 2022        4  (PDF) Risques en milieu urbain sahélien : cas de Maroua ... organic https://www.researchgate.net/publication/366550720_Risques_en_milieu_urbain_sahelien_cas_de_Maroua_au_Cameroun ResearchGate    Les vérités sur l'INONDATION dans certains quartiers de la ville de Maroua ... Maroua diginews ▻ Maroua Diamaré City. 9w · Public · ☔   MAROUA : ... Facebook › CRTVweb      il y a 4 an",FLOOD_EVIDENCE_NEEDS_DATE,Scraper/search result mentions Far North and flooding but is not the full source text; no promotion from a snippet.
scrapers-data/dataset_google-search-scraper_2026-08-26_12-40-44-349.csv,9," true https://api.apify.com/v2/key-value-stores/v5tH7nucRDDEvLv6F/records/j1EYuPpMRBpw53p-0.html?signature=KGQNJczPtjaSxuXuUCU1    ... inondations qui affectent la région de l'extrême nord particulièrement les départements du Mayo Danay, Mayo Kani et le Logone et Chari. Le Mayo ... Facebook › Croix-Rouge Camerounaise inondations Mayo Kani    il y a 5 ans    1 Plus de 80 réactions Dans le cadre de la mise en oeuvre du DREF (Disaster ... organic https://www.facebook.com/lacroixrougecamerounaise/posts/dans-le-cadre-de-la-mise-en-oeuvre-du-dref-disaster-response-emergency-fund-init/1753695861474396/ Facebook · Croix-Rouge Camerounaise    de N François — The aim of this research is to monitor the hydrogeochemical evolution of subsurface groundwater in the localities of Kaélé (Mayo-Kani) and Yagoua (Mayo-. Danay) ... https://revues.imist.ma › fr_CA › article › download Kaélé Mayo Kani       2  surface groundwater in the localities of Kaélé and Yagoua i organic https://revues.imist.ma/index.php/ewash-ti/fr_CA/article/download/66937/34666/197483 Portail des Revues Scientifiques Marocaines    Le tam tam au son lugubre. Ces poissons valent quoi par rapport aux pertes, conséquence des inondations ? 1y. Facebook › CRTVweb      il y a 1 an    3 Plus de 870 réactions Du poisson en abondance dans le Mayo Danay ... organic https://www.facebook.com/CRTVweb/posts/du-poisson-en-abondance-dans-le-mayo-danay-les-inondations-dans-la-r%C3%A9gion-de-lex/603464885408987/ Facebook · CRTVweb    2 févr. 2021 — Le Mayo-Sava enregistre encore le plus grand nombre d'incidents avec 18 attaques qui ont causé la mort de sept personnes et blessé huit autres. https://reliefweb.int › report › cameroun-rapport-de-situ... Mayo         4  Cameroun : Rapport de situation, 2 février 2021 - Cameroon organic https://reliefweb.int/report/cameroon/cameroun-rapport-de-situation-2-f-vrier-2021 ReliefWeb   2021-11-04T12:00:00.000Z Dans le Mayo-Danay et le Mayo-Kani, plus de 85 pour cent des ménages souhaitent rest",FLOOD_EVIDENCE_NEEDS_DATE,Scraper/search result mentions Far North and flooding but is not the full source text; no promotion from a snippet.
scrapers-data/dataset_google-search-scraper_2026-08-26_12-40-44-349.csv,10," true https://api.apify.com/v2/key-value-stores/v5tH7nucRDDEvLv6F/records/e8H8bZ1NxckRqGj-0.html?signature=1knSqBXrkHm3tRZL3CBvt   2024-09-16T12:00:00.000Z Des pluies torrentielles ont provoqué des inondations, affectant plus d'une centaine de ménages dans les départements du Diamaré et Mayo-Tsanaga ... https://reliefweb.int › report › cameroon › cameroun-ex... Des pluies torrentielles ont provoqué des inondations         1  Extrême-Nord, Rapport de situation No. 46 - juillet 2024 organic https://reliefweb.int/report/cameroon/cameroun-extreme-nord-rapport-de-situation-no-46-juillet-2024 ReliefWeb    En effet, entre les mois d'août et de septembre 2022, de fortes pluies diluviennes se sont abattues dans les départements du Mayo-Danay et du Logone-Et-Chari. https://dtm.iom.int › dtm_download_track 2022 Mayo        2  Région de l'Extrême-Nord ROUND 26 organic https://dtm.iom.int/dtm_download_track/37506?file=1&amp;type=node&amp;id=26451 International Organization for Migration   2022-11-24T12:00:00.000Z Plus de 258 000 personnes affectées par les inondations dans les départements du Mayo-Danay, Logone et Chari et Mayo-Tsanaga. · Plus de 10 295 ... https://www.unocha.org › report › cameroon › camero... inondations Mayo Tsanaga       3  Note d'information sur les inondations n°3 (au ... organic https://www.unocha.org/publications/report/cameroon/cameroun-extreme-nord-note-dinformation-sur-les-inondations-ndeg3-au-15-novembre-2022 OCHA    19 juil. 2024 — En 2022, par exemple, plus de 314 000 personnes avaient été affectées par les inondations, selon les estimations du Bureau de la coordination ... https://www.stopblablacam.com › societe › 1907-12679-... plus de 314 000 personnes avaient été affectées par les inondations         4  dégâts importants à Mokolo après des pluies diluviennes organic https://www.stopblablacam.com/societe/1907-12679-extreme-nord-degats-importants-a-mokolo-apres-des-pluies-diluviennes StopBlaBlaCam    Le 13 juin 2019 à Mokolo (Région de l'Extrême-",FLOOD_EVIDENCE_NEEDS_DATE,Scraper/search result mentions Far North and flooding but is not the full source text; no promotion from a snippet.
scrapers-data/dataset_google-search-scraper_2026-08-26_12-40-44-349.csv,13," true https://api.apify.com/v2/key-value-stores/v5tH7nucRDDEvLv6F/records/vgiC01asAaiPS9p-0.html?signature=Z3B35lFG0sqQTKztsSuy   2022-12-05T12:00:00.000Z okolo et Mora. Plus de 38000 ménages (200072 personnes) sont affectés par les inondations dans les départements du Mayo-Danay, Mayo-Tsanaga et ... https://www.unocha.org › cameroon Mora inondations Mayo Mayo      1  Cameroun : Rapport de situation, 29 dec. 2022 organic https://www.unocha.org/publications/report/cameroon/cameroun-rapport-de-situation-29-dec-2022 OCHA   2022-11-24T12:00:00.000Z Plus de 258 000 personnes affectées par les inondations dans les départements du Mayo-Danay, Logone et Chari et Mayo-Tsanaga. · Plus de 10 295 ...Read more https://reliefweb.int › cameroon inondations Mayo Mayo       2  Cameroun - Extrême-Nord : Note d'information sur les ... organic https://reliefweb.int/report/cameroon/cameroun-extreme-nord-note-dinformation-sur-les-inondations-ndeg3-au-15-novembre-2022 ReliefWeb    Les inondations de 2022 ont détruit des milliers de têtes de bétail, en particulier dans les départements du Logone-et-Chari, du Mayo-Danay et du Mayo-Sava. https://fews.net › juin-2023 inondations 2022 Mayo Mayo Sava     3  Des situations de Crise attendues dans certaines parties ... organic https://fews.net/fr/west-africa/cameroun/perspectives-sur-la-securite-alimentaire/juin-2023 FEWS NET    Mayo Sava et Mayo-Tsanaga) ode allant de septembre 2022 à février 2023 sont liés à 63 pour cent aux inondations et aux forte pluies, https://dtm.iom.int › dtm_download_track de septembre 2022 à février 2023 sont liés à 63 pour cent aux inondations         4  Région de l'Extrême-Nord ROUND 26 organic https://dtm.iom.int/dtm_download_track/37506?file=1&amp;type=node&amp;id=26451 International Organization for Migration    inondations Start Date 01/04/2022 End Date 31/12/2022 Project. Mayo Sava (Arrondissement de Kolofata, Mora), du Mayo Danay https://projects.hpc.tools › view inondations Start Date 01/04/2022 End Date 31/12",FLOOD_EVIDENCE_NEEDS_DATE,Scraper/search result mentions Far North and flooding but is not the full source text; no promotion from a snippet.
scrapers-data/dataset_google-search-scraper_2026-08-26_12-42-44-173 (1).csv,0,"            true https://api.apify.com/v2/key-value-stores/j8MrtRwF00k19ihDP/records/VLvWoHXmvTOroAs-0.html?signature=aXkhol8JEmBeyPIRzNki    Elles peuvent provoquer des inondations par ruissellement et par débordement des cours d'eau, mais aussi des glissements de terrain, des coulées de boues et des ... https://meteofrance.com › meteo-monde › mbalmayo inondations         1  METEO Mbalmayo organic https://meteofrance.com/meteo-monde/mbalmayo/2228079 METEO France    Après les fortes pluies, Lomé fait face à des inondations. Éc... Apr 1, 2026 · 328 views. Dans un décret ... Facebook › CRTVweb       il y a 7 ans   2 Plus de 50 réactions Coupures d'eau à Yaoundé et Mbalmayo. Le ministre de l' ... organic https://www.facebook.com/CRTVweb/videos/coupures-deau-%C3%A0-yaound%C3%A9-et-mbalmayo-le-ministre-de-l%C3%A9nergie-et-de-leau-%C3%A0-la-rech/599857660503323/ Facebook · CRTVweb    Ce bilan fait état de 729 cas d'inondations recensés ayant affecté 88 083 ménages, causé 95 décès et 154 blessés. De nombreuses pertes en ... Facebook › CBC Health Services - CBCHS inondations      il y a 8 mois   3 Plus de 10 réactions Stakeholders strengthen the Kinabari and Djourou Early ... organic https://www.facebook.com/cbchealthservices/posts/blangoua-stakeholders-strengthen-the-kinabari-and-djourou-early-action-plans-in-/1265330672311038/ Facebook · CBC Health Services - CBCHS    19 août 2022 — Les deux personnes sont décédées lundi 15 août à Mbalmayo. Dans d'autres formations sanitaires de l'arrondissement ... https://fr.journalducameroun.com › cameroun-deux-mo... Mbalmayo         4  Cameroun Deux Morts Apres Un Mariage A Mbalmayo organic https://fr.journalducameroun.com/cameroun-deux-morts-apres-un-mariage-a-mbalmayo/ Journalducameroun.com 5   Ce mémoire présente la création d'une carte web pour visualiser les zones à risque d'inondations et de glissements de terrain à Yaoundé, afin d'améliorer ... https://fr.scribd.com › document › Memoire inondations       2  5  Webmapping des r",FLOOD_EVIDENCE_NEEDS_DATE,Scraper/search result mentions Far North and flooding but is not the full source text; no promotion from a snippet.
scrapers-data/dataset_google-search-scraper_2026-08-26_12-42-44-173 (1).csv,1,            false https://api.apify.com/v2/key-value-stores/j8MrtRwF00k19ihDP/records/05Mh6Vek4Jc5uU2-0.html?signature=jOoxUTebQHIJBiiRnOFO                                                                                                                                                                                                                             CM DESKTOP google.cm   1 10 inondation Kousseri Logone-et-Chari 2025 SEARCH http://www.google.cm/search?q=inondation+Kousseri+Logone-et-Chari+2025&lr=lang_fr L http://www.google.cm/search?q=inondation+Kousseri+Logone-et-Chari+2025&lr=lang_fr,FLOOD_EVIDENCE_NEEDS_DATE,Scraper/search result mentions Far North and flooding but is not the full source text; no promotion from a snippet.
scrapers-data/dataset_google-search-scraper_2026-08-26_12-42-44-173 (1).csv,3,            false https://api.apify.com/v2/key-value-stores/j8MrtRwF00k19ihDP/records/Zfwdq56gfpnSRdq-0.html?signature=sebUe70gYnkPCL4aH9Eq                                                                                                                                                                                                                             CM DESKTOP google.cm   1 10 inondation Yagoua Mayo-Danay 2025 SEARCH http://www.google.cm/search?q=inondation+Yagoua+Mayo-Danay+2025&lr=lang_fr L http://www.google.cm/search?q=inondation+Yagoua+Mayo-Danay+2025&lr=lang_fr,FLOOD_EVIDENCE_NEEDS_DATE,Scraper/search result mentions Far North and flooding but is not the full source text; no promotion from a snippet.
scrapers-data/dataset_google-search-scraper_2026-08-26_12-42-44-173 (1).csv,5,"            true https://api.apify.com/v2/key-value-stores/j8MrtRwF00k19ihDP/records/Z9MPy2l86GKAXng-0.html?signature=ETybdvoBaVY81IPZN250    Ce bilan fait état de 729 cas d'inondations recensés ayant affecté 88 083 ménages, causé 95 décès et 154 blessés. De nombreuses pertes en ... Facebook › Cameroon Tribune inondations      il y a 1 an   1 Plus de 50 réactions Extrême-Nord : le Conseil régional au chevet des sinistrés ... organic https://www.facebook.com/camerountribune/posts/extr%C3%AAme-nord-le-conseil-r%C3%A9gional-au-chevet-des-sinistr%C3%A9s-des-inondations-de-2024/1321685899960944/ Facebook · Cameroon Tribune    1 févr. 2021 — Le Mayo-Sava enregistre encore le plus grand nombre d'incidents avec 18 attaques qui ont causé la mort de sept personnes et blessé huit autres. https://reliefweb.int › report › cameroon › cameroun-ex... Mayo         2  Cameroun : Extrême-Nord, Rapport de situation No. 5 ... organic https://reliefweb.int/report/cameroon/cameroun-extr-me-nord-rapport-de-situation-no-5-d-cembre-2020 ReliefWeb    INONDATIONS Les inondations ont englouti les cultures dans L'arrondissement de KALFOU, département du Mayo DANAY. Le quotidien des populations ... Facebook › CRTVweb       il y a 1 an   3 Plus de 870 réactions Du poisson en abondance dans le Mayo Danay! les ... organic https://www.facebook.com/CRTVweb/posts/du-poisson-en-abondance-dans-le-mayo-danay-les-inondations-dans-la-r%C3%A9gion-de-lex/603464885408987/ Facebook · CRTVweb    de F Saha · 2020 · Cité 3 fois — La zone montagneuse notamment les départements de Mayo Tsanaga et Mayo Sava est moins exposée. La pauvreté, le mauvais choix de sites de ... https://theses.hal.science › document Mayo Mayo       de F Saha · 2020 · Cité 3 fois — La zone montagneuse notamment les départements de Mayo Tsanaga et Mayo Sava est moins exposée. La pauvreté, le mauvais choix de sites de ... 4  les inondations dans la région de l'extrême-nord du ... organic https://theses.hal.science/tel-05054784/document TEL - Th",FLOOD_EVIDENCE_NEEDS_DATE,Scraper/search result mentions Far North and flooding but is not the full source text; no promotion from a snippet.
scrapers-data/dataset_google-search-scraper_2026-08-26_12-42-44-173 (1).csv,7,"            false https://api.apify.com/v2/key-value-stores/j8MrtRwF00k19ihDP/records/gKGPwLE1XEtJFPy-0.html?signature=WK6VAXoNRh3wI8knED60    4 août 2025 — ... Mayo-Danay, Mayo-Sava et Mayo-Tsanaga. En début juin, ces intempéries ont endommagé 431 ménages dont 423 constitués de personnes déplacées ... https://reliefweb.int › report › cameroon › cameroun-ex... Mayo Tsanaga        1  Cameroun : Extrême-Nord, Rapport de situation No 57 organic https://reliefweb.int/report/cameroon/cameroun-extreme-nord-rapport-de-situation-no-57-juin-2025 ReliefWeb   2025-10-07T12:00:00.000Z Plus de 1 000 personnes affectées par les inondations dans les départements du Mayo-Tsanaga, Mayo-Danay et Logone et Chari. Près de 5 000 ... https://www.unocha.org › report › cameroon › camero... inondations Mayo Tsanaga       2  Cameroun : Extrême-Nord, Rapport de situation No 59 organic https://www.unocha.org/publications/report/cameroon/cameroun-extreme-nord-rapport-de-situation-no-59-aout-2025 OCHA    Inondations à Tchouvouk : le dégât est incalculable De nombreux habitants de cette localité du Mayo Tsanaga ont perdu leurs maisons, bétails ... Facebook › Baba info. Mra Inondations Mayo Tsanaga     il y a 2 ans   3 Plus de 40 réactions Inondations à Tchouvouk : le dégât est incalculable De ... organic https://www.facebook.com/Babainfo.Mra1960.net/videos/inondations-%C3%A0-tchouvouk-le-d%C3%A9g%C3%A2t-est-incalculablede-nombreux-habitants-de-cette-/3763074277240364/ Facebook · Baba info. Mra    7 avr. 2025 — Plus de 11 000 personnes déplacées dans le Mayo-Tsanaga et le Logone et Chari. · Plus de 32 500 personnes ont reçu une assistance en eau, hygiène ... https://reliefweb.int › report › cameroon › cameroun-ex... Mayo Tsanaga        4  Cameroun : Extrême-Nord, Rapport de situation No 53 organic https://reliefweb.int/report/cameroon/cameroun-extreme-nord-rapport-de-situation-no-53-fevrier-2025 ReliefWeb                                                                                              ",FLOOD_EVIDENCE_NEEDS_DATE,Scraper/search result mentions Far North and flooding but is not the full source text; no promotion from a snippet.
scrapers-data/dataset_google-search-scraper_2026-08-26_12-42-44-173 (1).csv,10,"            true https://api.apify.com/v2/key-value-stores/j8MrtRwF00k19ihDP/records/MVVyaG5mUF4k4Yn-0.html?signature=1Onxox7KC0Kt8ZOlV7by   2025-08-04T12:00:00.000Z A Gobo, les vents ont affecté 448 personnes, endommagé 115 abris et causé des blessures à 15 personnes. Dans le département du Mayo-Sava, les ...Read more https://www.unocha.org › cameroon Mayo Sava        1  Cameroun : Extrême-Nord, Rapport de situation No 57 organic https://www.unocha.org/publications/report/cameroon/cameroun-extreme-nord-rapport-de-situation-no-57-juin-2025 OCHA    Avec un avancement de 43,44% au 29 mai 2025, les travaux de reconstruction de la section Mora- Tchakamari se poursuivent sur le terrain, avec ...Read more Facebook › Alwihda Info 2025 Mora     2 weeks ago   2 90+ reactions Cameroun : la reconstruction de la section Mora organic https://www.facebook.com/Alwihda/posts/cameroun-la-reconstruction-de-la-section-mora-tchakamari-entre-dans-sa-phase-fin/1525089862981774/ Facebook · Alwihda Info    La tendance des déplacements est marquée par les conflits et les inondations d'après les informateurs clés: ▫ Entre janvier et juin 2024, les conflits des ...Read more https://dtm.iom.int › dtm_download_track inondations         3  Région de l'Extrême-Nord ROUND 28 organic https://dtm.iom.int/dtm_download_track/80116?file=1&amp;type=node&amp;id=53626 International Organization for Migration   2024-06-14T12:00:00.000Z Dans les zones sujettes aux inondations, notamment Mayo Danay, Logone-et-Chari, Mayo Sava et Mayo Tsanaga, les inondations devraient perturber ...Read more https://fews.net › juin-2024 inondations Mayo Sava inondations       4  Malgré les récoltes, des situations de Crise attendues dans ... organic https://fews.net/fr/west-africa/cameroun/perspectives-sur-la-securite-alimentaire/juin-2024 FEWS NET    La population cible est constituée des personnes déplacées internes vivant dans les trois arrondissements du département du Mayo-Sava : Mora, Kolofata et ...Read more https://jo",FLOOD_EVIDENCE_NEEDS_DATE,Scraper/search result mentions Far North and flooding but is not the full source text; no promotion from a snippet.
scrapers-data/dataset_google-search-scraper_2026-08-26_12-42-44-173 (1).csv,13,"            true https://api.apify.com/v2/key-value-stores/j8MrtRwF00k19ihDP/records/B3dJkoFI0MVpitM-0.html?signature=1osQthXb4nMvVllSwx1T5    La pluie qui s'est abattue sur la ville de Maroua ce samedi 24 mai 2025 a provoqué des inondations dans plusieurs quartiers de la capitale de l' ... Facebook › Tchad24 La pluie qui s'est abattue sur la ville de Maroua ce samedi 24 mai 2025      il y a 1 an   1 Plus de 170 réactions 🟡🔵 Cameroun: #Maroua pieds dans l'eau La pluie qui s'est ... organic https://www.facebook.com/Tchad24.tv/posts/-cameroun-maroua-pieds-dans-leaula-pluie-qui-sest-abattue-hier-dans-la-cit%C3%A9-capi/782341060797627/ Facebook · Tchad24    24 déc. 2025 — Plus de 30,000 personnes affectées par les inondations dans le Mayo-Danay et le Logone et Chari, avec des destructions d'abris, de champs et d' ... https://www.unocha.org › report › cameroon › camero... inondations         2  Cameroun: Extrême-Nord, Rapport de situation No 61 organic https://www.unocha.org/publications/report/cameroon/cameroun-extreme-nord-rapport-de-situation-no-61-octobre-2025 OCHA    ‍♂️ La pluie qui s'est abattue sur la ville de Maroua ce samedi 24 mai 2025 a provoqué des inondations dans plusieurs quartiers de la ... Facebook › Équinoxe Tv       il y a 3 ans   3 Plus de 50 réactions INONDATION A MAROUA #équinoxetv ... organic https://www.facebook.com/equinoxe.tv1/posts/inondation-a-maroua%C3%A9quinoxetv-audel%C3%A0delimagenousrendonscompte/3552483891690011/ Facebook · Équinoxe Tv    de F Saha · 2020 · Cité 3 fois — La ville de Maroua et les arrondissements de Kousseri, Maga et Kaï-kaï comme étant les plus à risque. Par ses faibles densités, le département ... https://theses.hal.science › document Maroua        de F Saha · 2020 · Cité 3 fois — La ville de Maroua et les arrondissements de Kousseri, Maga et Kaï-kaï comme étant les plus à risque. Par ses faibles densités, le département ... 4  les inondations dans la région de l'extrême-nord du ... organic https://theses.hal.science/t",FLOOD_EVIDENCE_NEEDS_DATE,Scraper/search result mentions Far North and flooding but is not the full source text; no promotion from a snippet.
scrapers-data/dataset_google-search-scraper_2026-08-26_12-42-44-173.csv,0,"            true https://api.apify.com/v2/key-value-stores/j8MrtRwF00k19ihDP/records/VLvWoHXmvTOroAs-0.html?signature=aXkhol8JEmBeyPIRzNki    Elles peuvent provoquer des inondations par ruissellement et par débordement des cours d'eau, mais aussi des glissements de terrain, des coulées de boues et des ... https://meteofrance.com › meteo-monde › mbalmayo inondations         1  METEO Mbalmayo organic https://meteofrance.com/meteo-monde/mbalmayo/2228079 METEO France    Après les fortes pluies, Lomé fait face à des inondations. Éc... Apr 1, 2026 · 328 views. Dans un décret ... Facebook › CRTVweb       il y a 7 ans   2 Plus de 50 réactions Coupures d'eau à Yaoundé et Mbalmayo. Le ministre de l' ... organic https://www.facebook.com/CRTVweb/videos/coupures-deau-%C3%A0-yaound%C3%A9-et-mbalmayo-le-ministre-de-l%C3%A9nergie-et-de-leau-%C3%A0-la-rech/599857660503323/ Facebook · CRTVweb    Ce bilan fait état de 729 cas d'inondations recensés ayant affecté 88 083 ménages, causé 95 décès et 154 blessés. De nombreuses pertes en ... Facebook › CBC Health Services - CBCHS inondations      il y a 8 mois   3 Plus de 10 réactions Stakeholders strengthen the Kinabari and Djourou Early ... organic https://www.facebook.com/cbchealthservices/posts/blangoua-stakeholders-strengthen-the-kinabari-and-djourou-early-action-plans-in-/1265330672311038/ Facebook · CBC Health Services - CBCHS    19 août 2022 — Les deux personnes sont décédées lundi 15 août à Mbalmayo. Dans d'autres formations sanitaires de l'arrondissement ... https://fr.journalducameroun.com › cameroun-deux-mo... Mbalmayo         4  Cameroun Deux Morts Apres Un Mariage A Mbalmayo organic https://fr.journalducameroun.com/cameroun-deux-morts-apres-un-mariage-a-mbalmayo/ Journalducameroun.com 5   Ce mémoire présente la création d'une carte web pour visualiser les zones à risque d'inondations et de glissements de terrain à Yaoundé, afin d'améliorer ... https://fr.scribd.com › document › Memoire inondations       2  5  Webmapping des r",FLOOD_EVIDENCE_NEEDS_DATE,Scraper/search result mentions Far North and flooding but is not the full source text; no promotion from a snippet.
scrapers-data/dataset_google-search-scraper_2026-08-26_12-42-44-173.csv,1,            false https://api.apify.com/v2/key-value-stores/j8MrtRwF00k19ihDP/records/05Mh6Vek4Jc5uU2-0.html?signature=jOoxUTebQHIJBiiRnOFO                                                                                                                                                                                                                             CM DESKTOP google.cm   1 10 inondation Kousseri Logone-et-Chari 2025 SEARCH http://www.google.cm/search?q=inondation+Kousseri+Logone-et-Chari+2025&lr=lang_fr L http://www.google.cm/search?q=inondation+Kousseri+Logone-et-Chari+2025&lr=lang_fr,FLOOD_EVIDENCE_NEEDS_DATE,Scraper/search result mentions Far North and flooding but is not the full source text; no promotion from a snippet.
scrapers-data/dataset_google-search-scraper_2026-08-26_12-42-44-173.csv,3,            false https://api.apify.com/v2/key-value-stores/j8MrtRwF00k19ihDP/records/Zfwdq56gfpnSRdq-0.html?signature=sebUe70gYnkPCL4aH9Eq                                                                                                                                                                                                                             CM DESKTOP google.cm   1 10 inondation Yagoua Mayo-Danay 2025 SEARCH http://www.google.cm/search?q=inondation+Yagoua+Mayo-Danay+2025&lr=lang_fr L http://www.google.cm/search?q=inondation+Yagoua+Mayo-Danay+2025&lr=lang_fr,FLOOD_EVIDENCE_NEEDS_DATE,Scraper/search result mentions Far North and flooding but is not the full source text; no promotion from a snippet.
scrapers-data/dataset_google-search-scraper_2026-08-26_12-42-44-173.csv,5,"            true https://api.apify.com/v2/key-value-stores/j8MrtRwF00k19ihDP/records/Z9MPy2l86GKAXng-0.html?signature=ETybdvoBaVY81IPZN250    Ce bilan fait état de 729 cas d'inondations recensés ayant affecté 88 083 ménages, causé 95 décès et 154 blessés. De nombreuses pertes en ... Facebook › Cameroon Tribune inondations      il y a 1 an   1 Plus de 50 réactions Extrême-Nord : le Conseil régional au chevet des sinistrés ... organic https://www.facebook.com/camerountribune/posts/extr%C3%AAme-nord-le-conseil-r%C3%A9gional-au-chevet-des-sinistr%C3%A9s-des-inondations-de-2024/1321685899960944/ Facebook · Cameroon Tribune    1 févr. 2021 — Le Mayo-Sava enregistre encore le plus grand nombre d'incidents avec 18 attaques qui ont causé la mort de sept personnes et blessé huit autres. https://reliefweb.int › report › cameroon › cameroun-ex... Mayo         2  Cameroun : Extrême-Nord, Rapport de situation No. 5 ... organic https://reliefweb.int/report/cameroon/cameroun-extr-me-nord-rapport-de-situation-no-5-d-cembre-2020 ReliefWeb    INONDATIONS Les inondations ont englouti les cultures dans L'arrondissement de KALFOU, département du Mayo DANAY. Le quotidien des populations ... Facebook › CRTVweb       il y a 1 an   3 Plus de 870 réactions Du poisson en abondance dans le Mayo Danay! les ... organic https://www.facebook.com/CRTVweb/posts/du-poisson-en-abondance-dans-le-mayo-danay-les-inondations-dans-la-r%C3%A9gion-de-lex/603464885408987/ Facebook · CRTVweb    de F Saha · 2020 · Cité 3 fois — La zone montagneuse notamment les départements de Mayo Tsanaga et Mayo Sava est moins exposée. La pauvreté, le mauvais choix de sites de ... https://theses.hal.science › document Mayo Mayo       de F Saha · 2020 · Cité 3 fois — La zone montagneuse notamment les départements de Mayo Tsanaga et Mayo Sava est moins exposée. La pauvreté, le mauvais choix de sites de ... 4  les inondations dans la région de l'extrême-nord du ... organic https://theses.hal.science/tel-05054784/document TEL - Th",FLOOD_EVIDENCE_NEEDS_DATE,Scraper/search result mentions Far North and flooding but is not the full source text; no promotion from a snippet.
scrapers-data/dataset_google-search-scraper_2026-08-26_12-42-44-173.csv,7,"            false https://api.apify.com/v2/key-value-stores/j8MrtRwF00k19ihDP/records/gKGPwLE1XEtJFPy-0.html?signature=WK6VAXoNRh3wI8knED60    4 août 2025 — ... Mayo-Danay, Mayo-Sava et Mayo-Tsanaga. En début juin, ces intempéries ont endommagé 431 ménages dont 423 constitués de personnes déplacées ... https://reliefweb.int › report › cameroon › cameroun-ex... Mayo Tsanaga        1  Cameroun : Extrême-Nord, Rapport de situation No 57 organic https://reliefweb.int/report/cameroon/cameroun-extreme-nord-rapport-de-situation-no-57-juin-2025 ReliefWeb   2025-10-07T12:00:00.000Z Plus de 1 000 personnes affectées par les inondations dans les départements du Mayo-Tsanaga, Mayo-Danay et Logone et Chari. Près de 5 000 ... https://www.unocha.org › report › cameroon › camero... inondations Mayo Tsanaga       2  Cameroun : Extrême-Nord, Rapport de situation No 59 organic https://www.unocha.org/publications/report/cameroon/cameroun-extreme-nord-rapport-de-situation-no-59-aout-2025 OCHA    Inondations à Tchouvouk : le dégât est incalculable De nombreux habitants de cette localité du Mayo Tsanaga ont perdu leurs maisons, bétails ... Facebook › Baba info. Mra Inondations Mayo Tsanaga     il y a 2 ans   3 Plus de 40 réactions Inondations à Tchouvouk : le dégât est incalculable De ... organic https://www.facebook.com/Babainfo.Mra1960.net/videos/inondations-%C3%A0-tchouvouk-le-d%C3%A9g%C3%A2t-est-incalculablede-nombreux-habitants-de-cette-/3763074277240364/ Facebook · Baba info. Mra    7 avr. 2025 — Plus de 11 000 personnes déplacées dans le Mayo-Tsanaga et le Logone et Chari. · Plus de 32 500 personnes ont reçu une assistance en eau, hygiène ... https://reliefweb.int › report › cameroon › cameroun-ex... Mayo Tsanaga        4  Cameroun : Extrême-Nord, Rapport de situation No 53 organic https://reliefweb.int/report/cameroon/cameroun-extreme-nord-rapport-de-situation-no-53-fevrier-2025 ReliefWeb                                                                                              ",FLOOD_EVIDENCE_NEEDS_DATE,Scraper/search result mentions Far North and flooding but is not the full source text; no promotion from a snippet.
scrapers-data/dataset_google-search-scraper_2026-08-26_12-42-44-173.csv,10,"            true https://api.apify.com/v2/key-value-stores/j8MrtRwF00k19ihDP/records/MVVyaG5mUF4k4Yn-0.html?signature=1Onxox7KC0Kt8ZOlV7by   2025-08-04T12:00:00.000Z A Gobo, les vents ont affecté 448 personnes, endommagé 115 abris et causé des blessures à 15 personnes. Dans le département du Mayo-Sava, les ...Read more https://www.unocha.org › cameroon Mayo Sava        1  Cameroun : Extrême-Nord, Rapport de situation No 57 organic https://www.unocha.org/publications/report/cameroon/cameroun-extreme-nord-rapport-de-situation-no-57-juin-2025 OCHA    Avec un avancement de 43,44% au 29 mai 2025, les travaux de reconstruction de la section Mora- Tchakamari se poursuivent sur le terrain, avec ...Read more Facebook › Alwihda Info 2025 Mora     2 weeks ago   2 90+ reactions Cameroun : la reconstruction de la section Mora organic https://www.facebook.com/Alwihda/posts/cameroun-la-reconstruction-de-la-section-mora-tchakamari-entre-dans-sa-phase-fin/1525089862981774/ Facebook · Alwihda Info    La tendance des déplacements est marquée par les conflits et les inondations d'après les informateurs clés: ▫ Entre janvier et juin 2024, les conflits des ...Read more https://dtm.iom.int › dtm_download_track inondations         3  Région de l'Extrême-Nord ROUND 28 organic https://dtm.iom.int/dtm_download_track/80116?file=1&amp;type=node&amp;id=53626 International Organization for Migration   2024-06-14T12:00:00.000Z Dans les zones sujettes aux inondations, notamment Mayo Danay, Logone-et-Chari, Mayo Sava et Mayo Tsanaga, les inondations devraient perturber ...Read more https://fews.net › juin-2024 inondations Mayo Sava inondations       4  Malgré les récoltes, des situations de Crise attendues dans ... organic https://fews.net/fr/west-africa/cameroun/perspectives-sur-la-securite-alimentaire/juin-2024 FEWS NET    La population cible est constituée des personnes déplacées internes vivant dans les trois arrondissements du département du Mayo-Sava : Mora, Kolofata et ...Read more https://jo",FLOOD_EVIDENCE_NEEDS_DATE,Scraper/search result mentions Far North and flooding but is not the full source text; no promotion from a snippet.
scrapers-data/dataset_google-search-scraper_2026-08-26_12-42-44-173.csv,13,"            true https://api.apify.com/v2/key-value-stores/j8MrtRwF00k19ihDP/records/B3dJkoFI0MVpitM-0.html?signature=1osQthXb4nMvVllSwx1T5    La pluie qui s'est abattue sur la ville de Maroua ce samedi 24 mai 2025 a provoqué des inondations dans plusieurs quartiers de la capitale de l' ... Facebook › Tchad24 La pluie qui s'est abattue sur la ville de Maroua ce samedi 24 mai 2025      il y a 1 an   1 Plus de 170 réactions 🟡🔵 Cameroun: #Maroua pieds dans l'eau La pluie qui s'est ... organic https://www.facebook.com/Tchad24.tv/posts/-cameroun-maroua-pieds-dans-leaula-pluie-qui-sest-abattue-hier-dans-la-cit%C3%A9-capi/782341060797627/ Facebook · Tchad24    24 déc. 2025 — Plus de 30,000 personnes affectées par les inondations dans le Mayo-Danay et le Logone et Chari, avec des destructions d'abris, de champs et d' ... https://www.unocha.org › report › cameroon › camero... inondations         2  Cameroun: Extrême-Nord, Rapport de situation No 61 organic https://www.unocha.org/publications/report/cameroon/cameroun-extreme-nord-rapport-de-situation-no-61-octobre-2025 OCHA    ‍♂️ La pluie qui s'est abattue sur la ville de Maroua ce samedi 24 mai 2025 a provoqué des inondations dans plusieurs quartiers de la ... Facebook › Équinoxe Tv       il y a 3 ans   3 Plus de 50 réactions INONDATION A MAROUA #équinoxetv ... organic https://www.facebook.com/equinoxe.tv1/posts/inondation-a-maroua%C3%A9quinoxetv-audel%C3%A0delimagenousrendonscompte/3552483891690011/ Facebook · Équinoxe Tv    de F Saha · 2020 · Cité 3 fois — La ville de Maroua et les arrondissements de Kousseri, Maga et Kaï-kaï comme étant les plus à risque. Par ses faibles densités, le département ... https://theses.hal.science › document Maroua        de F Saha · 2020 · Cité 3 fois — La ville de Maroua et les arrondissements de Kousseri, Maga et Kaï-kaï comme étant les plus à risque. Par ses faibles densités, le département ... 4  les inondations dans la région de l'extrême-nord du ... organic https://theses.hal.science/t",FLOOD_EVIDENCE_NEEDS_DATE,Scraper/search result mentions Far North and flooding but is not the full source text; no promotion from a snippet.
scrapers-data/dataset_google-search-scraper_2026-08-26_12-45-31-723.csv,1,"         true https://api.apify.com/v2/key-value-stores/V6dKVuckqobj9rQDW/records/bd8oLDzzdzwpZYA-0.html?signature=64psC10aHAVuI3fkfnjZ   2024-09-04T12:00:00.000Z Au moins 11 personnes décédées, dont 4 enfants noyés à la suite de fortes pluies dans la ville de Maroua. Contexte. Depuis le mois de juillet, ... https://www.unocha.org › report › cameroon › camero... Maroua           1  Cameroun - Extrême-Nord : Note d'information sur les ... organic https://www.unocha.org/publications/report/cameroon/cameroun-extreme-nord-note-dinformation-sur-les-inondations-au-04-septembre-2024 OCHA    La pluie qui s'est abattue sur la ville de Maroua ce samedi 24 mai 2025 a provoqué des inondations dans plusieurs quartiers de la capitale de l' ... Facebook › Cameroon Tribune Maroua inondations      il y a 2 ans    2 Plus de 40 réactions Extrême-Nord Maroua les pieds dans l'eau Ces derniers ... organic https://www.facebook.com/camerountribune/posts/extr%C3%AAme-nordmaroua-les-pieds-dans-leauces-derniers-jours-des-pluies-incessantes-/1014795807316623/ Facebook · Cameroon Tribune   2024-10-03T12:00:00.000Z Au 03 octobre 2024, les pluies torrenti- elles ont détruit plus de 56 000 maisons, inondé des dizaines de milliers d'hectares de cultures, et ... https://fscluster.org › default › files › 2024-10 › C... Au 03 octobre 2024, les pluies torrenti- elles ont détruit plus de 56 000 maisons           3  CAMEROUN : EXTRÊME-NORD organic https://fscluster.org/sites/default/files/2024-10/CMR_Inondations_05102024_0.pdf Food Security Cluster    28 janv. 2025 — 30 cas de choléra notifiés, dont 2 confirmés dans le département du Diamaré. • Plus de 39 300 personnes déplacées depuis janvier 2024 dans l' ... https://reliefweb.int › report › cameroon › cameroun-ex... Diamaré 2024          4  Cameroun : Extrême-Nord, Rapport de situation No.50 organic https://reliefweb.int/report/cameroon/cameroun-extreme-nord-rapport-de-situation-no50-novembre-2024 ReliefWeb   2024-09-19T12:00:00.000Z Au 19 septembre 20",FLOOD_EVIDENCE_NEEDS_DATE,Scraper/search result mentions Far North and flooding but is not the full source text; no promotion from a snippet.
scrapers-data/dataset_google-search-scraper_2026-08-26_12-45-31-723.csv,3,"         true https://api.apify.com/v2/key-value-stores/V6dKVuckqobj9rQDW/records/oQyh6CsCveRYq2R-0.html?signature=1MHjlHeTsU0nKuIsH3Dw    Massa Média : Quel bilan faites-vous des inondations de 2024 dans le 9e arrondissement ? ... Mbalmayo ce 20 mai 2024. Facebook › Croix-Rouge Camerounaise inondations 2024 Mbalmayo 2024    il y a 1 an    1 Plus de 20 réactions La Croix-Rouge Camerounaise aux cotés des personnes ... organic https://www.facebook.com/lacroixrougecamerounaise/posts/la-croix-rouge-camerounaise-aux-cot%C3%A9s-des-personnes-victimes-dinondations-dans-l/579385324745306/ Facebook · Croix-Rouge Camerounaise    ""Opération d'assistance aux sinistrés des inondations dans le Mayo Danay : la Croix-Rouge Camerounaise au chevet des plus vulnérables"" est ... Facebook › Croix-Rouge Camerounaise        il y a 3 ans    2 8 réactions ""Opération d'assistance aux sinistrés des inondations dans le ... organic https://www.facebook.com/lacroixrougecamerounaise/posts/op%C3%A9ration-dassistance-aux-sinistr%C3%A9s-des-inondations-dans-le-mayo-danay-la-croix-/206203252063517/ Facebook · Croix-Rouge Camerounaise   2024-09-16T12:00:00.000Z D'où l'organisation au mois de juillet 2024 à Mbalmayo, l'une des 28 communes traversées par le fleuve, dans la région du Centre du Cameroun, de ... https://fr.mongabay.com › 2024/09 › au-cameroun-la-... 2024 Mbalmayo          3  Au Cameroun, la mobilisation s'intensifie pour sauver le ... organic https://fr.mongabay.com/2024/09/au-cameroun-la-mobilisation-sintensifie-pour-sauver-le-fleuve-nyong/ Mongabay Afrique 5   Ce mémoire présente la création d'une carte web pour visualiser les zones à risque d'inondations et de glissements de terrain à Yaoundé, afin d'améliorer ... https://fr.scribd.com › document › Memoire inondations         2  4  Webmapping des risques d'inondation à Yaoundé | PDF organic https://fr.scribd.com/document/862518094/Memoire Scribd    Elles peuvent provoquer des inondations par ruissellement et par débordement des cours d'",FLOOD_EVIDENCE_NEEDS_DATE,Scraper/search result mentions Far North and flooding but is not the full source text; no promotion from a snippet.
scrapers-data/dataset_google-search-scraper_2026-08-26_12-45-31-723.csv,4,"         true https://api.apify.com/v2/key-value-stores/V6dKVuckqobj9rQDW/records/10Kt9hfHv72Q5ut-0.html?signature=O1O9fpNnUuv55sPPplw4    Ce document présente le dimensionnement hydraulique et hydrologique d'un ouvrage de franchissement sur le cours d'eau Lékié à Ebolmongo dans la commune de ... https://fr.scribd.com › memoire-final-DD-Repare Lékié           1  Dimensionnement hydraulique du Lékié | PDF organic https://fr.scribd.com/document/708117194/memoire-final-DD-Repare Scribd    Le president que nous avions elu en 2018 est ou? Si il ne bats pas campagne comme les autres candidats cette fois ci, je ne pourrais plus le ... Facebook › CRTVweb        il y a 1 an    2 Plus de 320 réactions Paul BIYA et le département de la Lekié, un amour toujours ... organic https://www.facebook.com/CRTVweb/posts/paul-biya-et-le-d%C3%A9partement-de-la-leki%C3%A9-un-amour-toujours-aussi-fort-le-pr%C3%A9siden/665494222539386/ Facebook · CRTVweb    Amélioration durable de l'accès à l'eau des habitants ruraux départements du Mbam-et-Inoubou et de la Lékié en consolidant la mission de service public ... https://bdd.pseau.org › organismes › organisme_detail Lékié           3  Gescod - Organisme - pS-Eau organic https://bdd.pseau.org/outils/organismes/organisme_detail.php?org_organisme_id=2297 Programme Solidarité Eau    Selon le médecin de l'hôpital de district de MONATELE, les enfants ont succombé à un empoisonnement au monoxyde de carbone du générateur stocké ... Facebook › LE CAMEROUN c'est le CAMEROUN MONATELE       il y a 1 an    4 1 commentaire Monatele (Région du Centre) : la fumée du générateur tue ... organic https://www.facebook.com/groups/422215331553535/posts/1965817077193345/ Facebook · LE CAMEROUN c'est le CAMEROUN    Les inondations entrainent une hausse ... Les faits ont eu lieu à Monatélé, chef lieu du département de la Lékie, dans la nuit du 16 au 17 septembre 2024. https://actucameroun.com › Enfants inondations Monatélé Lékie 2024        5  Enfants - Page 5 organic h",FLOOD_EVIDENCE_NEEDS_DATE,Scraper/search result mentions Far North and flooding but is not the full source text; no promotion from a snippet.
scrapers-data/dataset_google-search-scraper_2026-08-26_12-45-31-723.csv,5,"         true https://api.apify.com/v2/key-value-stores/V6dKVuckqobj9rQDW/records/4D7rnRbOTMIsK4S-0.html?signature=zHNFGbzpC7RYAFfmhvXn    La tendance des déplacements est marquée par les conflits et les inondations d'après les informateurs clés: ▫ Entre janvier et juin 2024, les conflits des ... https://dtm.iom.int › dtm_download_track inondations 2024          1  Région de l'Extrême-Nord ROUND 28 organic https://dtm.iom.int/dtm_download_track/80116?file=1&amp;type=node&amp;id=53626 International Organization for Migration   2024-09-16T12:00:00.000Z Des pluies torrentielles ont provoqué des inondations, affectant plus d'une centaine de ménages dans les départements du Diamaré et Mayo-Tsanaga ... https://reliefweb.int › report › cameroon › cameroun-ex... inondations Mayo          2  Extrême-Nord, Rapport de situation No. 46 - juillet 2024 organic https://reliefweb.int/report/cameroon/cameroun-extreme-nord-rapport-de-situation-no-46-juillet-2024 ReliefWeb    4 août 2025 — A Gobo, les vents ont affecté 448 personnes, endommagé 115 abris et causé des blessures à 15 personnes. Dans le département du Mayo-Sava, les ... https://www.unocha.org › report › cameroon › camero... Mayo Sava          3  Cameroun : Extrême-Nord, Rapport de situation No 57 organic https://www.unocha.org/publications/report/cameroon/cameroun-extreme-nord-rapport-de-situation-no-57-juin-2025 OCHA   2024-10-03T12:00:00.000Z Au 03 octobre 2024, les pluies torrenti- elles ont détruit plus de 56 000 maisons, inondé des dizaines de milliers d'hectares de cultures, et ... https://fscluster.org › default › files › 2024-10 › C... 2024           4  CAMEROUN : EXTRÊME-NORD organic https://fscluster.org/sites/default/files/2024-10/CMR_Inondations_05102024_0.pdf Food Security Cluster    14 juin 2024 — Dans les zones sujettes aux inondations, notamment Mayo Danay, Logone-et-Chari, Mayo Sava et Mayo Tsanaga, les inondations devraient perturber ... https://fews.net › west-africa › cameroun › juin-2024 inondations M",FLOOD_EVIDENCE_NEEDS_DATE,Scraper/search result mentions Far North and flooding but is not the full source text; no promotion from a snippet.
scrapers-data/dataset_google-search-scraper_2026-08-26_12-45-31-723.csv,8,"         true https://api.apify.com/v2/key-value-stores/V6dKVuckqobj9rQDW/records/9o9jy59pQJwv4Pt-0.html?signature=17jrekCNb6Y9PB0lxatB5    25 août 2024 — De plus les prévisions météorologiques nationales, prévoient des crues du fleuve Logone durant la troisième décade du mois d'août 2024 (du 21 au ... https://go.ifrc.org › field-reports Logone 2024          1  CMR: Inondation - 08-2024 - inondation Logone et Chari organic https://go.ifrc.org/field-reports/17223 IFRC GO - Home   2024-10-29T12:00:00.000Z Au 18 octobre 2024, plus de 459 000 personnes ont été affectées, plus de 56 000 maisons ont été détruites, ainsi que des dizaines de milliers d' ... https://reliefweb.int › report › cameroon › cameroun-ex... plus de 459 000 personnes ont été affectées           2  Extrême-Nord - Aperçu des inondations (Au 18 octobre 2024) organic https://reliefweb.int/report/cameroon/cameroun-extreme-nord-apercu-des-inondations-au-18-octobre-2024 ReliefWeb    INONDATIONS DANS LE LOGONE ET CHARI : PLUS DE 50% DU DÉPARTEMENT SOUS L'EAU À LA DATE DU 3 OCT. 2024 Une séance d'information vient d'être ... Facebook › CRTVweb INONDATIONS LOGONE CHARI 2024    il y a 5 ans    3 Plus de 520 réactions Inondations recurrentes dans la ville de Kousseri ces ... organic https://www.facebook.com/CRTVweb/posts/inondations-recurrentes-dans-la-ville-de-kousseri-ces-derni%C3%A8res-semaines-du-fait/2757446067827712/ Facebook · CRTVweb    il y a 6 jours — Les inondations récurrentes dans la ville de Kousseri, située dans le département du Logone-et-Chari (Extrême-Nord du Cameroun), provoquent ... https://www.openjournals.ijaar.org › ijaar › article › view inondations Kousseri Logone Chari        4  International Journal of Advanced Academic Research organic https://www.openjournals.ijaar.org/index.php/ijaar/article/view/2229 IJAAR Publishing    4 mars 2025 — En 2024, cette municipalité, comme beaucoup d'autres dans la région de l'Extrême-Nord du Cameroun, a été confrontée à des inondations sans ... https:/",FLOOD_EVIDENCE_NEEDS_DATE,Scraper/search result mentions Far North and flooding but is not the full source text; no promotion from a snippet.
scrapers-data/dataset_google-search-scraper_2026-08-26_12-45-31-723.csv,9,"         true https://api.apify.com/v2/key-value-stores/V6dKVuckqobj9rQDW/records/n09bHPRuwBytJsD-0.html?signature=cQkhbqsnxWIctifqMfLN    The year 2024 is marked by a series of catastrophic events amongst which the flooding that has cause unprecedent losses of lives and livelihood across 14 ... https://reliefweb.int › updates › list=Cameroon: Floods -... 2024 flooding          1  Cameroon: Floods - Aug 2024 Updates (Maps / Infographics) organic https://reliefweb.int/updates?list=Cameroon%3A%20Floods%20-%20Aug%202024%20Updates%20%28Maps%20/%20Infographics%29&view=maps&advanced-search=%28D52142%29 ReliefWeb    Allocation Type: Rapid Response - CERF Rapid Response: Cameroon 2024 (Floods) Emergency health assistance to flood-affected populations in the Far North region ... https://fts.unocha.org › flows Cameroon 2024 Floods flood region        2  Cameroon Humanitarian Response Plan 2024 organic https://fts.unocha.org/plans/1159/flows?f%5B0%5D=destinationClusterIdName%3A7269%3AHealth&f%5B1%5D=destinationClusterIdName%3A7266%3ACoordination%20and%20Support%20Services&order=flow_property_directional&sort=asc OCHA    3 janv. 2025 — In the just-ended year 2024, Cameroon recorded a spate of natural disasters in some parts of the national triangle. https://www.cameroon-tribune.cm › article.html › fr.html 2024 Cameroon          3  Floods and Catastrophes : Implementing Proactive Measures organic https://www.cameroon-tribune.cm/article.html/68596/fr.html/floods-catastrophes-implementing-proactive Cameroon-Tribune    Severe flooding in Cameroon's Far North region has displaced over 365,000 people and caused widespread destruction of homes, health centres, and agricultural ... https://response.reliefweb.int › re... flooding Cameroon's region centres        4  Cameroon: Health - Reports organic https://response.reliefweb.int/cameroon/health/reports?page=16 ReliefWeb Response    Heavy rains and floods in central and southern ... Cameroon EVE Flood analysis - Period #18 (16 to 30 Sep",FLOOD_EVIDENCE_NEEDS_DATE,Scraper/search result mentions Far North and flooding but is not the full source text; no promotion from a snippet.
scrapers-data/dataset_google-search-scraper_2026-08-26_12-45-31-723.csv,10,"         true https://api.apify.com/v2/key-value-stores/V6dKVuckqobj9rQDW/records/jlU8Tgg8y9359K3-0.html?signature=1mR7V86gfpTf13rRKqevh   2024-10-03T12:00:00.000Z Au 03 octobre 2024, les pluies torrenti- elles ont détruit plus de 56 000 maisons, inondé des dizaines de milliers d'hectares de cultures, et ... https://fscluster.org › default › files › 2024-10 › C... 2024           1  CAMEROUN : EXTRÊME-NORD organic https://fscluster.org/sites/default/files/2024-10/CMR_Inondations_05102024_0.pdf Food Security Cluster    Suite a l'inondation qui continue de faire ravages dans la l'extrême nord qui touche trois départements ( Mayo Danay, Mayo Kani et le Logone et ... Facebook › MABHUKU 😋😋 NOVELS 📗📘📚 inondation Mayo Kani     il y a 1 an     2  Suite a l'inondation qui continue de faire ravages dans la l' ... organic https://www.facebook.com/groups/541581966588426/posts/1751486432264634/ Facebook · MABHUKU 😋😋 NOVELS 📗📘📚    », Maurice Kamto #MayoDanay #Yagoua #inondations #inondations2024 ... Mayo Danay, Mayo Kani et le Logone et Chari. Le Mayo Tsanaga ne ... Facebook › CRTVweb        il y a 1 an    3 Plus de 870 réactions Du poisson en abondance dans le Mayo Danay! les ... organic https://www.facebook.com/CRTVweb/posts/du-poisson-en-abondance-dans-le-mayo-danay-les-inondations-dans-la-r%C3%A9gion-de-lex/603464885408987/ Facebook · CRTVweb   2024-09-19T12:00:00.000Z Au 19 septembre 2024, les pluies torrentielles ont détruit plus de 56 000 maisons, inondé des dizaines de milliers d'hectares de cultures, et ... https://uploads.geobingan.info › attachment 2024           4  CAMEROUN : EXTRÊME-NORD organic https://uploads.geobingan.info/attachment/6daf9f17cc074fc08028bd36dcbf21e6.pdf geobingan.info    Des éléphants provoquent des pertes agricoles majeures dans le Mayo-Kani, impactant l'approvisionnement alimentaire des familles. https://actucameroun.com › Actualités Des éléphants provoquent des pertes agricoles majeures dans le Mayo-Kani           5  Éléphants dévastent plus de ",FLOOD_EVIDENCE_NEEDS_DATE,Scraper/search result mentions Far North and flooding but is not the full source text; no promotion from a snippet.
scrapers-data/dataset_google-search-scraper_2026-08-26_12-45-31-723.csv,11,"         true https://api.apify.com/v2/key-value-stores/V6dKVuckqobj9rQDW/records/EEcJHynQCjdjdMY-0.html?signature=pO1VyIwJ7TkEr1eSjCWX    Severe flooding in Cameroon's Far North region has affected over 158,620 people, including 38,069 women of reproductive age and 4,133 pregnant women. The ... https://response.reliefweb.int › re... flooding Cameroon's Far North region          1  Cameroon: Protection - Reports organic https://response.reliefweb.int/cameroon/protection/reports?page=30 ReliefWeb Response    This article examines flood risk management practices in the Far North Region of Cameroon, employing a holistic approach to assess the effectiveness of ... https://www.researchgate.net › 39... flood risk management practices in the Far North Region of Cameroon           2  Flood management in the Far North Region of Cameroon organic https://www.researchgate.net/publication/396508937_Flood_management_in_the_Far_North_Region_of_Cameroon_a_holistic_assessment ResearchGate    HCMR24-HEA-207705-1. Allocation Type: Rapid Response - CERF Rapid Response: Cameroon 2024 (Floods) ... Supporting Displaced and Crisis Affected Populations in ... https://fts.unocha.org › flows Cameroon 2024 Floods          3  Cameroon Humanitarian Response Plan 2024 organic https://fts.unocha.org/plans/1159/flows?f%5B0%5D=destinationClusterIdName%3A7269%3AHealth&f%5B1%5D=destinationClusterIdName%3A7266%3ACoordination%20and%20Support%20Services&order=flow_property_directional&sort=asc OCHA    A comparative study of Machine Learning and Deep Learning methods for flood forecasting in the Far-North region, Cameroon. Francis Yongwa Dtissibe , Ado Adamou ... https://hal.science › ... flood Far North region Cameroon        4  A comparative study of Machine Learning and Deep ... organic https://hal.science/hal-04626833v1 Archive ouverte HAL    CERF Rapid Response: Cameroon 2024 (Floods), Flood, United Nations ... Emergency health assistance to flood-affected populations in the Far North region ... http",FLOOD_EVIDENCE_NEEDS_DATE,Scraper/search result mentions Far North and flooding but is not the full source text; no promotion from a snippet.
scrapers-data/dataset_google-search-scraper_2026-08-26_12-45-31-723.csv,12,         false https://api.apify.com/v2/key-value-stores/V6dKVuckqobj9rQDW/records/VVGVIlaJa1ulUgu-0.html?signature=1cKtp9lw8lcP53TiZMq8f                                                                                                                                                                                                                                                                 CM DESKTOP google.cm   1 10 inondation Mokolo Mayo-Tsanaga 2024 SEARCH http://www.google.cm/search?q=inondation+Mokolo+Mayo-Tsanaga+2024&lr=lang_fr L http://www.google.cm/search?q=inondation+Mokolo+Mayo-Tsanaga+2024&lr=lang_fr,FLOOD_EVIDENCE_NEEDS_DATE,Scraper/search result mentions Far North and flooding but is not the full source text; no promotion from a snippet.
scrapers-data/dataset_google-search-scraper_2026-08-26_12-45-31-723.csv,13,"         true https://api.apify.com/v2/key-value-stores/V6dKVuckqobj9rQDW/records/IfCEG1fSTt1gUGW-0.html?signature=llVSEOz9L5I7DQkFaqUZ   2024-10-23T12:00:00.000Z Selon le rapport d'OCHA du 03 octobre 2024, les départements les plus touchés par ces inondations sont le Mayo-Danay et le Logone et Chari, avec ... https://www.actioncontrelafaim.org › actualites › a-la-une 2024 inondations Mayo Danay        1  Inondations au Cameroun, l'Extrême-Nord se noie organic https://www.actioncontrelafaim.org/actualites/a-la-une/inondations-au-cameroun-lextreme-nord-se-noie/ Action contre la Faim    YAGOUA…   Le pont du centre-ville de Yagoua est tombé, ce matin du 12 septembre 2024. La ville est coupée en deux. La circulation est devenue ... Facebook › Cameroon Tribune Le pont du centre-ville de Yagoua est tombé, ce matin du 12 septembre 2024       il y a 1 an    2 Plus de 30 réactions Inondations dans le Mayo-Danay : l'heure ... organic https://www.facebook.com/camerountribune/posts/inondations-dans-le-mayo-danay-lheure-de-la-reconstruction-a-sonn%C3%A9apr%C3%A8s-quatre-m/1108622424600627/ Facebook · Cameroon Tribune    29 août 2024 — Entre le 11 et le 21 août 2024, des pluies torrentielles ont détruit plus de 8 600 maisons, inondé des milliers d'hectares de cultures, et causé ... https://www.unocha.org › report › cameroon › camero... 2024           3  Cameroun : Extrême-Nord - Aperçu des inondations (Au 28 ... organic https://www.unocha.org/publications/report/cameroon/cameroun-extreme-nord-apercu-des-inondations-au-28-aout-2024 OCHA    L'inondation de 2012 à Yagoua au Cameroun, est une catastrophe naturelle qui a débuté le 10 août 2012 dans la région de l'Extrême-Nord. https://fr.wikipedia.org › wiki › Inondation_de_2012_à... inondation Yagoua          4  Inondation de 2012 à Yagoua organic https://fr.wikipedia.org/wiki/Inondation_de_2012_%C3%A0_Yagoua Wikipédia    Inondations 2024 Extrême nord. Les inondations récurrentes dans les départements du Mayo Danay, du Logone et Char",FLOOD_EVIDENCE_NEEDS_DATE,Scraper/search result mentions Far North and flooding but is not the full source text; no promotion from a snippet.
scrapers-data/dataset_google-search-scraper_2026-08-26_12-46-35-438.csv,4,"            true https://api.apify.com/v2/key-value-stores/Ljs2uze51hs8o1Wdk/records/GJrUW99k0q3uQep-0.html?signature=1paaWKt85QnVk2GDdt58O   4 janv. 2024 — Près de 10 000 personnes, 19 écoles et 3 centres de santé ont été affectés par les inondations à Blangoua dans le département du Logone et Chari ... https://reliefweb.int › report › cameroon › cameroun-ex... inondations Logone Chari        1  Cameroun : Extrême-Nord, Rapport de situation No. 38 organic https://www.google.cm/goto?url=CAESnAEB6zswFfn21I1FSJvtwrFtTbOWKC8Q5n28Lnvplhfkuvu09cNqt0cPEwrGk-8RXXc46WIZFpl5q4zucBBuRrH6X5VPVKC_rPn2dzjU3_QUjerekqXMOghnAOsyuW3HVfdo2M22GyGik1citaOUkndUXFSsvGnsf-0CqRcTPxq_tWrkUkpk2w9MDb90cRjugT0B9heHISoj8QNEMeY ReliefWeb   *INONDATIONS DANS LE LOGONE ET CHARI*. *Le Préfet organise une réunion de crise et d'évaluation.* La salle des Actes de la Mairie de Kousseri a ... Plus de 30 réactions  ·  il y a 1 an INONDATIONS LOGONE CHARI Kousseri       2  UNICEF Cameroon organic https://www.google.cm/goto?url=CAES2AEB6zswFdMaunBzVld5_9BMrG31gSbGSHYg8xgHAvXoWKm3pvEtEhXo4pg_us0SschL1-PUee2bXpblbBWLZKqRGUi8FHDtWiVxl9h7r_oQbOKvM3KXeEo25n10nwNHUo8hrO8yzBaiAq9NFTBkG__ufDIa9UcJ-O-myd3ozp4aqGo_NlC9RSJ0WYb7Cn1D-TeGLhQGUFzURpCdjWy9LXzxoB2tBWolAuTUZM36SDEZK1SZz2-wT77OaCu5Hkl2zqraPnUwBQraIcJA7Eke_89Mpa7Us2ShMLQ Facebook · UNICEF Cameroon  2023-09-06T12:00:00.000Z La montée des eaux du fleuve Logone à la suite des fortes pluies du 1er et 2 juillet a occasionné des inondations et détruit plusieurs champs ... https://www.unocha.org › report › cameroon › camero... Logone inondations         3  Cameroun : Extrême-Nord, Rapport de situation No. 34 ... organic https://www.google.cm/goto?url=CAESqQEB6zswFavr-HXlrUrzjoNFcRWiM58VHepqKKdTme8D2_uFmvcf9rS1etbTSf_2d5pAEqA3--kURnv8sxOC80ovNEGB0wxQ_gHF9tcxGiU22RHndTkO1w9Pm25znKCjn8uCOguZLEtg7xGfKj1lZRk_JWoZzW9x3_DbQTPy5eA3FrtClrQvAj59WBy1wxD4aTyVhNZaA__iXt2ZgVNK267CcFK8Tsv4xFI1 OCHA   il y a 6 jours — Les inondations récurrentes dans la ville de Kousseri, située da",FLOOD_EVIDENCE_NEEDS_DATE,Scraper/search result mentions Far North and flooding but is not the full source text; no promotion from a snippet.
scrapers-data/dataset_google-search-scraper_2026-08-26_12-46-35-438.csv,5,"            true https://api.apify.com/v2/key-value-stores/Ljs2uze51hs8o1Wdk/records/tuUhPDcjnyqsRyc-0.html?signature=18b7NmvT3eFPpmXV4e5Bn   L'inondation à Yagoua en 2022 au Cameroun, est une catastrophe naturelle qui a débuté en juin 2022 et s'est poursuivie jusqu'à la fin du mois d' août 2022 ... https://fr.wikipedia.org › wiki › Inondation_de_2022_à... inondation Yagoua         1  Inondation de 2022 à Yagoua organic https://fr.wikipedia.org/wiki/Inondation_de_2022_%C3%A0_Yagoua Wikipédia  2023-09-27T12:00:00.000Z Depuis le début du mois de juillet 2023, une montée progressive des eaux a été observée dans les arrondissements de Yagoua, Vélé et Kaï-Kaï dans ... https://reliefweb.int › report › cameroon › cameroun-ex... une montée progressive des eaux a été observée dans les arrondissements de Yagoua          2  Cameroun - Extrême Nord - Note d'information n°3 sur la ... organic https://reliefweb.int/report/cameroon/cameroun-extreme-nord-note-dinformation-ndeg3-sur-la-preparation-et-la-reponse-aux-inondations-reponse-aux-sinistres-accueillis-mourla-27-septembre-2023 ReliefWeb   Dans les départements du Logone-Et-Chari et de Mayo-. Danay, entre septembre 2022 et février 2023, environ. 21 117 individus ont effectué un déplacement suite ... https://dtm.iom.int › dtm_download_track Mayo Danay 2023        3  Région de l'Extrême-Nord ROUND 26 organic https://dtm.iom.int/dtm_download_track/37506?file=1&amp;type=node&amp;id=26451 International Organization for Migration   MAYO DANAY : La gestion des inondations préoccupe La suite ici -- https://youtu.be/TY_i_kz5qYA #Canal2international, #MAYODANAY ... Facebook › Canal 2 International        il y a 1 mois   4 Plus de 20 réactions MAYO DANAY : La gestion des inondations préoccupe La suite ... organic https://www.facebook.com/Canal2International/posts/mayo-danay-la-gestion-des-inondations-pr%C3%A9occupela-suite-ici-canal2international-/1490415323114166/ Facebook · Canal 2 International  2023-09-06T12:00:00.000Z Des dizaines d",FLOOD_EVIDENCE_NEEDS_DATE,Scraper/search result mentions Far North and flooding but is not the full source text; no promotion from a snippet.
scrapers-data/dataset_google-search-scraper_2026-08-26_12-46-35-438.csv,7,"            true https://api.apify.com/v2/key-value-stores/Ljs2uze51hs8o1Wdk/records/yFF9GTkT5QHAFxm-0.html?signature=1RjKmPlZyRU13a2vtMruj   Cette nouvelle montée des eaux relance les inquiétudes sur les problèmes de drainage et d'assainissement dans certains quartiers de Maroua, ...Read more Facebook › Ministère de l'Habitat et du Développement Urbain Maroua       1 year ago   1 100+ reactions Inondations à l'Extrême-Nord. Arrivée à Maroua vendredi ... organic https://www.facebook.com/cameroun.minhdu/posts/inondations-%C3%A0-lextr%C3%AAme-nord-arriv%C3%A9e-%C3%A0-maroua-vendredi-mme-le-ministre-de-lhabita/827132706273927/ Facebook · Ministère de l'Habitat et du Développement Urbain  2023-09-06T12:00:00.000Z Depuis janvier 2023, 246 attaques ont été rapportées, causant la mort de 169 civils selon le monitoring de protection. Outre la situation ...Read more https://www.unocha.org › cameroon 2023          2  Cameroun : Extrême-Nord, Rapport de situation No. 34 ... organic https://www.unocha.org/publications/report/cameroon/cameroun-extreme-nord-rapport-de-situation-no-34-juillet-2023 OCHA  2026-03-17T12:00:00.000Z RISQUES EN MILIEU URBAIN SAHÉLIEN : CAS DE MAROUA AU CAMEROUN 67 ; IV.1.1. Les inondations. Même si, les précipitations constituent un élément ...Read more https://www.researchgate.net › 36... MAROUA inondations         3  (PDF) Risques en milieu urbain sahélien : cas de Maroua ... organic https://www.researchgate.net/publication/366550720_Risques_en_milieu_urbain_sahelien_cas_de_Maroua_au_Cameroun ResearchGate  2024-04-25T12:00:00.000Z Les affrontements entre Arabes Choa et Mousgoum ont repris en novembre 2023, Mayo-Danay et Diamaré dans l'Extrême-Nord. Entretiens de Crisis ... https://www.crisisgroup.org › africa 2023 Diamaré         4  Cameroun : apaiser les luttes liées à l'eau dans l'Extrême- ... organic https://www.crisisgroup.org/fr/brf/africa/central-africa/cameroon/b197-curbing-feuds-over-water-cameroons-far-north International Crisis Group  2026-0",FLOOD_EVIDENCE_NEEDS_DATE,Scraper/search result mentions Far North and flooding but is not the full source text; no promotion from a snippet.
scrapers-data/dataset_google-search-scraper_2026-08-26_12-46-35-438.csv,8,"            true https://api.apify.com/v2/key-value-stores/Ljs2uze51hs8o1Wdk/records/u3kGNxW5QTYoOZ8-0.html?signature=16C51CnJtq4rdUqxcWM09  2023-11-13T12:00:00.000Z Entre août et septembre, trois attaques sur des formations sanitaires ont été rapportés, notamment à Oudjila (Mayo-Sava), Goldavi et Ouzal (Mayo ... https://www.unocha.org › report › cameroon › camero... Mayo Mayo         1  Cameroun : Extrême-Nord, Rapport de situation No. 36 organic https://www.unocha.org/publications/report/cameroon/cameroun-extreme-nord-rapport-de-situation-no-36-septembre-2023 OCHA   WOURI INFOS MOULVOUDAYE(MAYO-KANI, EXTRÊME-NORD) Les inondations ont ... inondations du 4 mai 2023 dans le territoire de Kalehe au Sud-Kivu. Facebook › Croix-Rouge Camerounaise inondations du 4 mai 2023 dans le territoire de Kalehe au Sud-Kivu       il y a 5 ans   2 Plus de 80 réactions Dans le cadre de la mise en oeuvre du DREF (Disaster ... organic https://www.facebook.com/lacroixrougecamerounaise/posts/dans-le-cadre-de-la-mise-en-oeuvre-du-dref-disaster-response-emergency-fund-init/1753695861474396/ Facebook · Croix-Rouge Camerounaise   24 janv. 2024 — Des éléphants provoquent des pertes agricoles majeures dans le Mayo-Kani, impactant l'approvisionnement alimentaire des familles. https://actucameroun.com › Actualités Des éléphants provoquent des pertes agricoles majeures dans le Mayo-Kani          3  Éléphants dévastent plus de 30 hectares de cultures dans ... organic https://actucameroun.com/2024/01/24/extreme-nord-des-elephants-devastent-plus-de-30-hectares-de-cultures-dans-le-mayo-kani/ Actu Cameroun   Mécontentement dans le MAYO-KANI : Le MINAT sur la zone du parc national où le gouverneur de l'Extrême-Nord et des autorités de la région ... Facebook › Ministère de l'Administration Territoriale du Cameroun        il y a 1 an   4 Plus de 130 réactions Mécontentement dans le MAYO-KANI : Le MINAT sur la zone ... organic https://www.facebook.com/Minat.gov.cm/videos/m%C3%A9contentement-dans-le-mayo-ka",FLOOD_EVIDENCE_NEEDS_DATE,Scraper/search result mentions Far North and flooding but is not the full source text; no promotion from a snippet.
scrapers-data/dataset_google-search-scraper_2026-08-26_12-46-35-438.csv,9,"            true https://api.apify.com/v2/key-value-stores/Ljs2uze51hs8o1Wdk/records/xLFaL9LNlneE5eP-0.html?signature=5jfxKfCla8Dfn4h1yNY9  2023-11-13T12:00:00.000Z Près de 6 000 personnes nouvellement déplacées dans l'arrondissement de Mokolo dans le Mayo-Tsanaga à la suite des attaques répétées de groupes ... https://www.unocha.org › report › cameroon › camero... Mokolo Mayo Tsanaga        1  Cameroun : Extrême-Nord, Rapport de situation No. 36 organic https://www.unocha.org/publications/report/cameroon/cameroun-extreme-nord-rapport-de-situation-no-36-septembre-2023 OCHA  2023-10-09T12:00:00.000Z Plus de 2 200 personnes nouvellement déplacées dans le département du Mayo-Tsanaga en août 2023. • A la suite des inondations dans l' ... https://reliefweb.int › report › cameroon › cameroun-ex... Mayo Tsanaga 2023 inondations       2  Cameroun : Extrême-Nord, Rapport de situation No. 35 ... organic https://reliefweb.int/report/cameroon/cameroun-extreme-nord-rapport-de-situation-no-35-aout-2023 ReliefWeb   l'arrondissement de Mokolo, département de Mayo-. Tsanaga. ▫ 2 506 PDI sont déplacés en décembre 2022 suite aux inondations dans l'arrondissement de Kai-Kai,. https://dtm.iom.int › dtm_download_track Mokolo Mayo Tsanaga inondations       3  Région de l'Extrême-Nord ROUND 26 organic https://dtm.iom.int/dtm_download_track/37506?file=1&amp;type=node&amp;id=26451 International Organization for Migration   ... inondations dans le Département du Mayo-Tsanaga. Start Date. 01/01/2023. End ... Ces personnes vulnérables sont réparties dans les localités de Mokolo, Mayo- ... https://projects.hpc.tools › project › view inondations dans le Département du Mayo-Tsanaga          4  HCMR23-WSH-197907-1 organic https://projects.hpc.tools/project/197907/view HPC - Project Module   28 juil. 2023 — Des déplacements préventifs et pendulaires ont également été rapportés dans le Mayo-Tsanaga, particulièrement dans les arrondissements de Mokolo ... https://www.unocha.org › report › cameroon › c",FLOOD_EVIDENCE_NEEDS_DATE,Scraper/search result mentions Far North and flooding but is not the full source text; no promotion from a snippet.
scrapers-data/dataset_google-search-scraper_2026-08-26_12-46-35-438.csv,10,"            true https://api.apify.com/v2/key-value-stores/Ljs2uze51hs8o1Wdk/records/PVA3XaixHOu05ff-0.html?signature=Wl94mdpRewKOqHBMeOGg  2023-09-06T12:00:00.000Z En juillet 2023, 23 civils tués dans les départements du MayoTsanaga, Mayo-Sava et Logone et Chari à la suite d'incidents sécuritaires. https://www.unocha.org › report › cameroon › camero... 2023 Mayo Sava        1  Cameroun : Extrême-Nord, Rapport de situation No. 34 ... organic https://www.unocha.org/publications/report/cameroon/cameroun-extreme-nord-rapport-de-situation-no-34-juillet-2023 OCHA   Entre août 2023 et juin 2024, 434 059 individus déplacés internes et les départements les plus impactées sont le Mayo-Tsanaga avec 144 738 individus, le Mayo- ... https://dtm.iom.int › dtm_download_track 2023 Mayo Mayo        2  Région de l'Extrême-Nord ROUND 28 organic https://dtm.iom.int/dtm_download_track/80116?file=1&amp;type=node&amp;id=53626 International Organization for Migration   4 janv. 2024 — Près de 10 000 personnes, 19 écoles et 3 centres de santé ont été affectés par les inondations à Blangoua dans le département du Logone et Chari ... https://reliefweb.int › report › cameroon › cameroun-ex... inondations          3  Cameroun : Extrême-Nord, Rapport de situation No. 38 organic https://reliefweb.int/report/cameroon/cameroun-extreme-nord-rapport-de-situation-no-38-novembre-2023 ReliefWeb   14 juin 2024 — Dans les zones sujettes aux inondations, notamment Mayo Danay, Logone-et-Chari, Mayo Sava et Mayo Tsanaga, les inondations devraient perturber ... https://fews.net › west-africa › cameroun › juin-2024 inondations Mayo Sava inondations        4  Malgré les récoltes, des situations de Crise attendues dans ... organic https://fews.net/fr/west-africa/cameroun/perspectives-sur-la-securite-alimentaire/juin-2024 FEWS NET   Le département du Mayo Sava continue d'illustrer son dynamisme politique, avec un score de 64,04 % en faveur du Président Paul Biya lors de ... Facebook › CRTVweb Mayo Sava       il y ",FLOOD_EVIDENCE_NEEDS_DATE,Scraper/search result mentions Far North and flooding but is not the full source text; no promotion from a snippet.
scrapers-data/dataset_google-search-scraper_2026-08-26_12-46-35-438.csv,13,"            true https://api.apify.com/v2/key-value-stores/Ljs2uze51hs8o1Wdk/records/aAnJNnw7KXoxmGx-0.html?signature=1LXwsu1DHKd6Y5JsLB7hv   Severe flooding in Cameroon's Far North region has affected over 158,620 people, including 38,069 women of reproductive age and 4,133 pregnant women. https://response.reliefweb.int › re... affected over 158,620 people          1  Cameroon: Protection - Reports organic https://response.reliefweb.int/cameroon/protection/reports?page=30 ReliefWeb Response   Flood Impact Factsheets for the Far North Region (September-October 2022 and September-November 2022). Date de publication Dimanche 28 mai 2023 https://fscluster.org › document › c... Flood Impact Factsheets for the Far North Region          2  Cameroon 2022 Flood Impact Factsheets for the Far North ... organic https://fscluster.org/fr/cameroon/document/cameroon-2022-flood-impact-factsheets Food Security Cluster   This article examines flood risk management practices in the Far North Region of Cameroon, employing a holistic approach to assess the effectiveness of current ... https://www.researchgate.net › 39... flood risk management practices in the Far North Region of Cameroon          3  Flood management in the Far North Region of Cameroon organic https://www.researchgate.net/publication/396508937_Flood_management_in_the_Far_North_Region_of_Cameroon_a_holistic_assessment ResearchGate   The Far-North region of Cameroon has suffered of flood crises on several occasions, resulting in significant loss of human lives, infrastructural and socio- ... https://hal.science › ... Far North region Cameroon flood       4  A comparative study of Machine Learning and Deep ... organic https://hal.science/hal-04626833v1 Archive ouverte HAL   An IDP in the Far North region … update on floods in the Far North region and a workshop organized by PSEA network in Bafoussam and in Douala.The https://cameroon.un.org › node Far North region floods Far North region        5  Cameroon Humanitarian Bull",FLOOD_EVIDENCE_NEEDS_DATE,Scraper/search result mentions Far North and flooding but is not the full source text; no promotion from a snippet.
scrapers-data/dataset_google-search-scraper_2026-08-26_12-48-26-605.csv,2,"         true https://api.apify.com/v2/key-value-stores/U9ZFAF7Ycvd7itaCS/records/erBLYF3JQPaMSbc-0.html?signature=2YdRDXKpLlRsX8vNt6qd   2022-10-18T12:00:00.000Z 2021, plus de 3 836 ménages (22 776 personnes) ont été affectés par les inondations dans des localités des départements du Mayo Danay et du ... https://www.stopblablacam.com › societe › 1810-9518-e... plus de 3 836 ménages (22 776 personnes) ont été affectés par les inondations           1   plus de 22 000 personnes sinistrées par les inondations organic https://www.stopblablacam.com/societe/1810-9518-extreme-nord-plus-de-22-000-personnes-sinistrees-par-les-inondations StopBlaBlaCam   2024-09-18T12:00:00.000Z L'effondrement de l'unique pont sur le fleuve Danay dans le département du Mayo-Danay, a divisé la ville de Yagoua en deux. Plus de 40 mille ... https://datacameroon.com › inondations-plus-de-10-000-... L'effondrement de l'unique pont sur le fleuve Danay dans le département du Mayo-Danay           2   Plus de 10 000 élèves privés d'école à l'Extrême-Nord organic https://datacameroon.com/inondations-plus-de-10-000-eleves-prives-decole-a-lextreme-nord/ DataCameroon    Inondation à Kai-Kai, dans le département du Mayo Danay, région de l'Extrême-nord du Cameroun ! Plusieurs maisons écroulées et d'autres dégâts ... Facebook › CRTVweb Inondation Mayo Danay       il y a 5 ans   3 Plus de 20 réactions  L'ampleur des inondations nécessite des mesures d ... organic https://www.facebook.com/CRTVweb/posts/lampleur-des-inondations-n%C3%A9cessite-des-mesures-durgence-dans-lextr%C3%AAme-nord-camer/2942791672626483/?locale=fr_FR Facebook · CRTVweb    En effet, entre les mois d'août et de septembre 2022, de fortes pluies diluviennes se sont abattues dans les départements du Mayo-Danay et du Logone-Et-Chari. https://dtm.iom.int › dtm_download_track Mayo Danay          4   Région de l'Extrême-Nord ROUND 26 organic https://dtm.iom.int/dtm_download_track/37506?file=1&amp;type=node&amp;id=26451 International Organization f",FLOOD_EVIDENCE_NEEDS_DATE,Scraper/search result mentions Far North and flooding but is not the full source text; no promotion from a snippet.
scrapers-data/dataset_google-search-scraper_2026-08-26_12-48-26-605.csv,3,"         true https://api.apify.com/v2/key-value-stores/U9ZFAF7Ycvd7itaCS/records/R84EcLC7FajInX4-0.html?signature=15IlXYnWYpnpOsRIbRrmV    ‍♂️ La pluie qui s'est abattue sur la ville de Maroua ce samedi 24 mai 2025 a provoqué des inondations dans plusieurs quartiers de la ... Facebook › Cameroon Tribune Maroua inondations       il y a 2 ans   1 Plus de 40 réactions  Extrême-Nord Maroua les pieds dans l'eau Ces derniers ... organic https://www.facebook.com/camerountribune/posts/extr%C3%AAme-nordmaroua-les-pieds-dans-leauces-derniers-jours-des-pluies-incessantes-/1014795807316623/ Facebook · Cameroon Tribune    17 déc. 2020 — Les principaux foyers de contamination sont les districts de santé de Maroua II, Maroua I, Guere et Yagoua. CONTEXTE HUMANITAIRE. Le contexte ... https://reliefweb.int › report › cameroon › cameroun-ex... Maroua Maroua          2   Cameroun : Extrême-Nord, Rapport de situation No. 3 ... organic https://reliefweb.int/report/cameroon/cameroun-extr-me-nord-rapport-de-situation-no-3-octobre-2020 ReliefWeb 5   Les résultats montrent que malgré une tendance à la baisse des précipitations, les inondations persistent en raison de canalisations mal entretenues et d'une ... https://fr.scribd.com › Memoire-Koffi-Cam-Master-3-Bon inondations         1  3   Gestion des inondations à Maroua II | PDF | Assainissement organic https://fr.scribd.com/document/668900448/Memoire-Koffi-Cam-Master-3-Bon Scribd    24 déc. 2025 — Plus de 30,000 personnes affectées par les inondations dans le Mayo-Danay et le Logone et Chari, avec des destructions d'abris, de champs et d' ... https://www.unocha.org › report › cameroon › camero... inondations           4   Cameroun: Extrême-Nord, Rapport de situation No 61 organic https://www.unocha.org/publications/report/cameroon/cameroun-extreme-nord-rapport-de-situation-no-61-octobre-2025 OCHA    67Entre Maroua et Bogo, l'amortissement des crues se fait suivant des lois relativement complexes. Le coefficient d'amortissement varie selo",FLOOD_EVIDENCE_NEEDS_DATE,Scraper/search result mentions Far North and flooding but is not the full source text; no promotion from a snippet.
scrapers-data/dataset_google-search-scraper_2026-08-26_12-48-26-605.csv,4,"         true https://api.apify.com/v2/key-value-stores/U9ZFAF7Ycvd7itaCS/records/MvF02JaBUpxTLPZ-0.html?signature=2MJBeNgx2XmBftIpBz6C    Analyse spatiale du risque d inondation dans le bassin versant du Mbanya à Douala, capitale économique du Cameroun. https://www.semanticscholar.org › ... inondation           1   Analyse spatiale du risque d inondation dans le bassin ... organic https://www.semanticscholar.org/paper/Analyse-spatiale-du-risque-d-inondation-dans-le-du-Abomo-Fouda/e58cbd80866a9adb36bdd64fc4b4d9e083727ea4 Semantic Scholar    Les inondations, devenues de plus en plus fréquentes et destructrices, ont mis en lumière la vulnérabilité de notre environnement face à ces ... Facebook › CRTVweb inondations        il y a 5 ans   2 Plus de 20 réactions  Inondations, glissements de terrains, dégradation de la ... organic https://www.facebook.com/CRTVweb/posts/inondations-glissements-de-terrains-d%C3%A9gradation-de-la-chauss%C3%A9e-destruction-des-p/2895985793973738/ Facebook · CRTVweb   2021-09-03T12:00:00.000Z Ces précipitations auront de graves conséquences sur les cultures, selon l'Observatoire national sur les changements climatiques. https://actucameroun.com › Société            3   Météo : des fortes pluies annoncées pour les trois ... organic https://actucameroun.com/2021/09/03/meteo-des-fortes-pluies-annoncees-pour-les-trois-prochains-mois/ Actu Cameroun 5   Ce mémoire présente la création d'une carte web pour visualiser les zones à risque d'inondations et de glissements de terrain à Yaoundé, afin d'améliorer ... https://fr.scribd.com › document › Memoire inondations         2  4   Webmapping des risques d'inondation à Yaoundé | PDF organic https://fr.scribd.com/document/862518094/Memoire Scribd    les services de la préfecture du Mayo Tsanaga font état de ce que ces inondations ont causé plusieurs morts. Six personnes ont en outre été portées ... https://www.academia.edu › MEMOIRE_TCHAMENI_... Mayo inondations          5   memoire tchameni mise en place",FLOOD_EVIDENCE_NEEDS_DATE,Scraper/search result mentions Far North and flooding but is not the full source text; no promotion from a snippet.
scrapers-data/dataset_google-search-scraper_2026-08-26_12-48-26-605.csv,5,"         true https://api.apify.com/v2/key-value-stores/U9ZFAF7Ycvd7itaCS/records/3OBLcvNyYp0oxuZ-0.html?signature=10rZ7LUo7CmyPW1SJa3Di    1 févr. 2021 — ... Kaélé dans le département du Mayo-Kani. Malgré le nombre limité de tests effectués, le pic de contamination est le second le plus élevé ... https://reliefweb.int › report › cameroon › cameroun-ex... Kaélé Mayo Kani         1   Cameroun : Extrême-Nord, Rapport de situation No. 5 ... organic https://reliefweb.int/report/cameroon/cameroun-extr-me-nord-rapport-de-situation-no-5-d-cembre-2020 ReliefWeb    Suite a l'inondation qui continue de faire ravages dans la l'extrême nord qui touche trois départements ( Mayo Danay, Mayo Kani et le Logone et ... Facebook › MABHUKU 😋😋 NOVELS 📗📘📚 inondation Mayo Kani      il y a 1 an    2   Suite a l'inondation qui continue de faire ravages dans la l' ... organic https://www.facebook.com/groups/541581966588426/posts/1751486432264634/ Facebook · MABHUKU 😋😋 NOVELS 📗📘📚    24 janv. 2024 — Des éléphants provoquent des pertes agricoles majeures dans le Mayo-Kani, impactant l'approvisionnement alimentaire des familles. https://actucameroun.com › Actualités Des éléphants provoquent des pertes agricoles majeures dans le Mayo-Kani           3   Éléphants dévastent plus de 30 hectares de cultures dans ... organic https://actucameroun.com/2024/01/24/extreme-nord-des-elephants-devastent-plus-de-30-hectares-de-cultures-dans-le-mayo-kani/ Actu Cameroun   2021-11-04T12:00:00.000Z Dans le Mayo-Danay et le Mayo-Kani, plus de 85 pour cent des ménages souhaitent rester dans leur lieu d'origine. Les intentions de retour sont ... https://dtm.iom.int › tmzbdl1461 › files › reports Mayo Kani          4   retours et solutions durables extreme nord du cameroun organic https://dtm.iom.int/sites/g/files/tmzbdl1461/files/reports/IOM_DTM_Rapport_Cameroun_RIS_R23_V4_FR_0.pdf International Organization for Migration    de N François — The aim of this research is to monitor the hydrogeochemical evolution of sub",FLOOD_EVIDENCE_NEEDS_DATE,Scraper/search result mentions Far North and flooding but is not the full source text; no promotion from a snippet.
scrapers-data/dataset_google-search-scraper_2026-08-26_12-48-26-605.csv,8,"         true https://api.apify.com/v2/key-value-stores/U9ZFAF7Ycvd7itaCS/records/wyxIQNMJTNFNfke-0.html?signature=GWlcFf3xMYcM81g60Tqm   2021-09-06T12:00:00.000Z Un décès et de nombreux dégâts matériels ont été enregistrés à la suite des inondations causées par de fortes pluies dans le département du Mayo ... https://reliefweb.int › report › cameroon › cameroun-ex... Un décès et de nombreux dégâts matériels ont été enregistrés           1   Cameroun : Extrême-Nord, Rapport de situation No. 12, ... organic https://www.google.cm/goto?url=CAESmwEB6zswFT3dkLEdR_H7bcusvl3G1QvfdDbkHS1SlJS0JYZmgnCwzVtPOXdfbzJyrk339gsZDWSMfLvUDdqE1qSPfIsTMtuDk_pCQO4ejfBWtECb26eCFWiqwJi70KXEDzPPr5CTyLaLuxWSRNtaTLXHrsMlyv6ki0nzPkHF8QcHascuQ2p_J-EcngWXbGSN0lSipiOtEZUe0FGezg ReliefWeb    Mayo-Tsanaga (53%) et du Mayo-Sava (46%). Le département du Mayo-Kani et Mayo-Sava détiennent la plus grande proportion (41% chacun) des PDI vivant dans les ... https://dtm.iom.int › dtm_download_track Mayo Sava Mayo Sava        2   Région de l'Extrême-Nord ROUND 28 organic https://www.google.cm/goto?url=CAEShgEB6zswFeyVDRxGHzlneXDQqKzgCEpcf1UhBoUT1Rte7I-0flqngNmKUYcHxeltjvdv81VfQvKLEN5BtvygZLmlL3xZTjfrAqQf2ExC5kcZ3UDS_6h9g2pNmBn_-KKYIiAS8375QHkn1cCD7u0ISDnkF0n3AcBb_kQtohXEPEBk91oH9beJqw International Organization for Migration    29 mars 2021 — 12 111 personnes déplacées internes (PDI) à cause des inondations ont reçu des kits abris d'urgence et literie de IRC dans les arrondissements ... https://www.unocha.org › report › cameroon › camero... inondations           3   Cameroun : Rapport de situation, 29 mars 2021 organic https://www.google.cm/goto?url=CAESlgEB6zswFbzwNf5DT9RMHxp29dceH009d25aS826l5WpWDUpeSYmmgl5tAiWIcbcZ_KBc4hkAUzH3FSovkM-EVVsgIIhammCFZB8_1rpXhJfYZpuAcVFO57T2ENX02axVRg6qmFe19Oe5Ppj6OlKoGASRPU9RqXDajP_83mrq7EOMUaupu6n92RLFOtfJzMoDIVz9_zPJa0 OCHA    31 janv. 2021 — 150 documents de jugement supplétif ont été déposés au tribunal de première instance de la ville de Mora dans le Mayo-Sava pour un é",FLOOD_EVIDENCE_NEEDS_DATE,Scraper/search result mentions Far North and flooding but is not the full source text; no promotion from a snippet.
scrapers-data/dataset_google-search-scraper_2026-08-26_12-48-26-605.csv,10,"         true https://api.apify.com/v2/key-value-stores/U9ZFAF7Ycvd7itaCS/records/GoqrULpXqmJ6lc9-0.html?signature=1mhsWEo1bqQwzFdNNmIMX   2024-10-29T12:00:00.000Z Le niveau du fleuve Logone et Chari bat des records. Il se situe désormais à 8,47 mètres et continue de monter chaque jour de trois centimètres ... https://lejour.cm › inondations-les-populations-du-logo... Logone Chari          1   Inondations : les populations du Logone et Chari dans le ... organic https://lejour.cm/inondations-les-populations-du-logone-et-chari-dans-le-desarroi/ LeJour.cm    de F Saha · 2021 · Cité 2 fois — Le système Chari-Logone est principal cours d'eau drainant l'Extrême-Nord du Cameroun. À l'image des autres parties du bassin versant de ce ... https://piahs.copernicus.org › articles › 2021 Le système Chari-Logone est principal cours d'eau drainant l'Extrême-Nord du Cameroun          de F Saha · 2021 · Cité 2 fois — Le système Chari-Logone est principal cours d'eau drainant l'Extrême-Nord du Cameroun. À l'image des autres parties du bassin versant de ce ... 2   Dynamique des extrêmes hydrologiques du système Chari ... organic https://piahs.copernicus.org/articles/384/241/2021/ Copernicus.org    Les récentes inondations dans le département du Logone et Chari plongent les populations dans une situation de détresse. Les eaux du fleuve ... Facebook › Rédaction FM Liberté inondations Logone Chari      il y a 1 an   3 4 commentaires  #Politique :La ville de Kousseri, située dans l'extrême nord ... organic https://www.facebook.com/groups/844070542709725/posts/1999671847149583/ Facebook · Rédaction FM Liberté    7 janv. 2021 — 1 500 ménages sont déplacés dans la ville de Kousseri à cause de la crue du Logone, causée par la forte saison des pluies. ... (Logone et Chari) ... https://www.unocha.org › report › cameroon › camero... 1 500 ménages sont déplacés dans la ville de Kousseri           4   Cameroun : Rapport de situation, 7 janv. 2020 organic https://www.unocha.org/publications/report/",FLOOD_EVIDENCE_NEEDS_DATE,Scraper/search result mentions Far North and flooding but is not the full source text; no promotion from a snippet.
scrapers-data/dataset_google-search-scraper_2026-08-26_12-48-26-605.csv,11,"         true https://api.apify.com/v2/key-value-stores/U9ZFAF7Ycvd7itaCS/records/BO13GpgSxo1Kqru-0.html?signature=Rbm7x7ORk4cwrjf349j9    SITUATION ANALYSIS During the month of August 2020, torrential rains fell in the Far North Region with an important peak on 31 August 2020, causing floods and ... https://response.reliefweb.int › re... Far North Region floods          1   Cameroon - Reports organic https://response.reliefweb.int/cameroon/reports?page=140 ReliefWeb Response    The occurrence of heavy rains in the Diamare Division (far north of Cameroon), makes this region a sensitive area to recurrent floods. This work provides a ... https://ijias.issr-journals.org › abstr... far north Cameroon region floods        2   Flood Susceptibility mapping applying Analytical Hierarchy ... organic https://ijias.issr-journals.org/abstract.php?article=IJIAS-21-144-14 IJIAS International Journal of Innovation and Applied Studies    This paper aims to investigate the existence of a temporal connection between the flooding in the Far North region (21 events) and the observed trends in ... https://www.academia.edu › Trends_in_rainfall_and_fl... flooding Far North region          3   Trends in rainfall and flood hazard in the Far North region ... organic https://www.academia.edu/90781697/Trends_in_rainfall_and_flood_hazard_in_the_Far_North_region_of_Cameroon Academia.edu    CAMEROON FLOODS CAUSE MATERIAL DAMAGE AND HAMPER HUMANITARIAN ACCESS On 26 July, heavy rainfall in Mayo-Sava division in the Far North region caused ... https://response.reliefweb.int › ma... heavy rainfall in Mayo-Sava division in the Far North region           4   Cameroon: Protection - Maps / Infographics organic https://response.reliefweb.int/cameroon/protection/maps?page=53 ReliefWeb Response    A. SITUATION ANALYSIS During the month of August 2020, torrential rains fell in the Far North Region with an important peak on 31 August 2020, causing floods ... https://response.reliefweb.int › cameroon › reports",FLOOD_EVIDENCE_NEEDS_DATE,Scraper/search result mentions Far North and flooding but is not the full source text; no promotion from a snippet.
scrapers-data/dataset_google-search-scraper_2026-08-26_12-48-26-605.csv,12,"         true https://api.apify.com/v2/key-value-stores/U9ZFAF7Ycvd7itaCS/records/CwRRu3iOxZ0IqQa-0.html?signature=FSttOkasVBG72uejd7vN    En effet, entre les mois d'août et de septembre 2022, de fortes pluies diluviennes se sont abattues dans les départements du Mayo-Danay et du Logone-Et-Chari. https://dtm.iom.int › dtm_download_track Mayo           1   Région de l'Extrême-Nord ROUND 26 organic https://dtm.iom.int/dtm_download_track/37506?file=1&amp;type=node&amp;id=26451 International Organization for Migration    4 août 2025 — ... Mayo-Danay, Mayo-Sava et Mayo-Tsanaga. En début juin, ces intempéries ont endommagé 431 ménages dont 423 constitués de personnes déplacées ... https://reliefweb.int › report › cameroon › cameroun-ex... Mayo Tsanaga          2   Cameroun : Extrême-Nord, Rapport de situation No 57 organic https://reliefweb.int/report/cameroon/cameroun-extreme-nord-rapport-de-situation-no-57-juin-2025 ReliefWeb    Un ratio de 60% de femmes cheffe de ménage contre 40% d'hommes sera respecté. Les femmes étant celles victimes de pratiques indécentes des hommes et ... https://projects.hpc.tools › project › view            3   HCMR22-FSC-186317-1 organic https://projects.hpc.tools/project/186317/view HPC - Project Module    4 janv. 2023 — Extrême-nord : plus de 7 000 personnes ont fui les violences dans le département du Mayo-Tsanaga depuis juillet 2021. Paru le mercredi, 04 ... https://www.stopblablacam.com › societe › 0401-9880-e... Mayo Tsanaga 2021         4   Extrême-nord : plus de 7 000 personnes ont fui les ... organic https://www.stopblablacam.com/societe/0401-9880-extreme-nord-plus-de-7-000-personnes-ont-fui-les-violences-dans-le-departement-du-mayo-tsanaga-depuis-juillet-2021 StopBlaBlaCam    9 avr. 2021 — La fréquence élevée des inondations catastrophiques observées dans les communes de Maroua,. Mokolo, Maga, Kaï-Kaï, dotées des fortes ... https://imt-mines-ales.hal.science › document inondations Mokolo          5   Tendances pluviométriques et aléa",FLOOD_EVIDENCE_NEEDS_DATE,Scraper/search result mentions Far North and flooding but is not the full source text; no promotion from a snippet.
scrapers-data/dataset_google-search-scraper_2026-08-26_12-48-26-605.csv,13,"En 2021, la région du Centre du Cameroun — et en particulier la capitale Yaoundé — a enregistré 25 jours d'inondations marqués par des anomalies de précipitations et des pluies intenses.Anomalies climatiques : Des épisodes de pluies torrentielles répétées et des orages violents ont caractérisé la saison des pluies 2021.Urbanisation et occupation des sols : Les constructions anarchiques dans des zones à risques (marécages, bas-fonds et abords des canaux) accentuent la vulnérabilité de certains quartiers de Yaoundé (notamment le long du canal du Mfoundi et au centre-ville).Obstruction des drains : L'engorgement des caniveaux par les déchets et le manque d'entretien des infrastructures d'assainissement ont favorisé la stagnation rapide des eaux de pluie.Si vous le souhaitez, je peux vous fournir des détails sur :Les quartiers spécifiques les plus touchés à Yaoundé en 2021Les comparaisons avec d'autres années de fortes inondations au Cameroun (comme 2020 ou 2023)Dites-moi comment vous aimeriez approfondir ce sujet.Si vous le souhaitez, je peux vous fournir des détails sur :Dites-moi comment vous aimeriez approfondir ce sujet. West and Central Africa: Weekly Regional Humanitarian Snapshot (27 July - 2 August 2021). CAMEROON FLOODS CAUSE MATERIAL DAMAGE AN... Regional Task Force Access and Humanitarian Principles /url?sa=i&source=web&rct=j&url=https://response.reliefweb.int/west-and-central-africa/access-humanitarian-principles-taskforce/maps?page%3D27&ved=2ahUKEwiOlemRqr6WAxUlhlYBHSo8PK8Q_r4PegoIAggACAAIFhAC&opi=89978449&cd&psig=AOvVaw3Ex2BqhUj_7EUBzDMFBjPf&ust=1787834898951000 The Yaounde city dwellers perceived rainfall anomalies characterized by more intense rainfall events and thunder storms as the mai... Partial views of some flooded areas in Yaounde in 2021 ... /url?sa=i&source=web&rct=j&url=https://www.researchgate.net/figure/Partial-views-of-some-flooded-areas-in-Yaounde-in-2021-Photo-credit-Nimpa-Tatiana_fig14_371964207&ved=2ahUKEwiOlemRqr6WAxUlhlYBHSo8PK8Q_r4Pe",FLOOD_EVIDENCE_NEEDS_DATE,Scraper/search result mentions Far North and flooding but is not the full source text; no promotion from a snippet.
scrapers-data/dataset_google-search-scraper_2026-08-26_12-49-52-317.csv,0,"            true https://api.apify.com/v2/key-value-stores/6OzRbSj4OBi7HzSkD/records/EEP8AJGsvBAcRaN-0.html?signature=FF2rdMU4ecwR990Mpum1   Extreme-Nord Cameroun : à Maroua, les eaux en crue de la rivière de Palar , ont coûté la vie à un habitant hier soir. À bord d'une pick-up ... Facebook › Tchad24 Maroua        il y a 11 mois   1 Plus de 120 réactions à Maroua, les eaux en crue de la rivière de Palar , ont ... organic https://www.facebook.com/Tchad24.tv/posts/extreme-nord-cameroun-%C3%A0-maroua-les-eaux-en-crue-de-la-rivi%C3%A8re-de-palar-ont-co%C3%BBt%C3%A9/841025524929180/ Facebook · Tchad24   17 déc. 2020 — Les inondations ont touché environ 162 300 personnes, causé le décès de 50 personnes et le déplacement de 357 ménages dans la région de l' ... https://www.unocha.org › report › cameroon › camero... ont touché environ 162 300 personnes           2  Extrême-Nord, Rapport de situation No. 3, octobre 2020 organic https://www.unocha.org/publications/report/cameroon/cameroun-extr-me-nord-rapport-de-situation-no-3-octobre-2020 OCHA   ‍♂️ La pluie qui s'est abattue sur la ville de Maroua ce samedi 24 mai 2025 a provoqué des inondations dans plusieurs quartiers de la ... Facebook › Équinoxe Tv         il y a 3 ans   3 Plus de 50 réactions INONDATION A MAROUA #équinoxetv ... organic https://www.facebook.com/equinoxe.tv1/posts/inondation-a-maroua%C3%A9quinoxetv-audel%C3%A0delimagenousrendonscompte/3552483891690011/ Facebook · Équinoxe Tv   il y a 6 jours — Cette étude analyse la contribution des autorités traditionnelles à la réinstallation des sinistrées post-inondations. Le choix de ce sujet s' ... https://www.openjournals.ijaar.org › ijaar › article › view inondations           4  International Journal of Advanced Academic Research organic https://www.openjournals.ijaar.org/index.php/ijaar/article/view/2229 IJAAR Publishing   de F Saha · 2020 · Cité 3 fois — La ville de Maroua et les arrondissements de Kousseri, Maga et Kaï-kaï comme étant les plus à risque. Par s",FLOOD_EVIDENCE_NEEDS_DATE,Scraper/search result mentions Far North and flooding but is not the full source text; no promotion from a snippet.
scrapers-data/dataset_google-search-scraper_2026-08-26_12-49-52-317.csv,3,"            true https://api.apify.com/v2/key-value-stores/6OzRbSj4OBi7HzSkD/records/Wy4T5z9Y9i7H1oN-0.html?signature=1LZszSw39jEUDve0OXEQ8   Mayo Danay : le pont sur la rivière Danay s'effondre. La circulation est fortement perturbée sur la route régionale Yagoua-Pouss-Tékélé-Zina- ... Plus de 50 réactions  ·  il y a 1 an Mayo Danay : le pont sur la rivière Danay s'effondre           1  Extrême-Nord : le Conseil régional au chevet des sinistrés ... organic https://www.google.cm/goto?url=CAES2QEB6zswFaMMB4xiToaaIP96D0mpFYWLhPVhhTKnA36An0nMNN_k9NKMVPy8Q_G6kOIZabO9IYezcIle9GTwbZVYPDk4CTDfGkKQ5m9E2lONlv0Pl7teQlhaUSnh8hKxdlXHWy1qx96e8_ebBRRSQkcSIt7VMChuVScZkLruJDTENBbHdLpuRO8EId8I2P_Btyv68qOUtsyqPRxKCN1vGWgQwbpFBoBuUwCjLVJ_EpuPMDk9bIYZVVZYCfN33SiGeg3I2AEfRb3KIfCmoLjt07h7JMmq8-CyJJM1 Facebook · Cameroon Tribune   En effet, entre les mois d'août et de septembre 2022, de fortes pluies diluviennes se sont abattues dans les départements du Mayo-Danay et du Logone-Et-Chari. https://dtm.iom.int › dtm_download_track Mayo Danay          2  Région de l'Extrême-Nord ROUND 26 organic https://www.google.cm/goto?url=CAEShgEB6zswFXjW66XMFYnQatvUagnqkK8JoFO50hZ-PeY5e8bCiPOPBqpxAGafSR-UAKZ7WcFs3ucCwRC6PDR79LOnuJX__s7HM2RmN3CrZXvY1AHckpZdJ8dqNHStMImixvhJE8fGABL_EiM6JQhiRZWy941XlBvf5x6SMR3oq2kR_tMFfXQMAw International Organization for Migration  2022-10-24T12:00:00.000Z Ces inondations auraient plutôt été nourries par des débordements du Danay, un bras de la rivière Logone, ou du lac Wina-Guéré, alimenté par la ... https://africacheck.org › ... › Meta programme fact-checks Ces inondations auraient plutôt été nourries par des débordements du Danay           3  Inondations à Yagoua, dans l'Extrême-Nord du Cameroun organic https://www.google.cm/goto?url=CAEStAEB6zswFRvWkh9sOtPTVIi80sIeyFomgG4RHgFO98DZpraDi2Itgc9EeLgNDHN7XxerGs3SYIjQbgnLszPYA5sQ28cPSEhRJuWz7Nlgt4jlfueAT6Td6vfzDxfQpcGtY6yM0l2MxgnB9leTXS47p0iPztanuhP3M971maM1nofbDb7jVnvw4X4abof3W2CioKZCmIqMwnRZBP95I7Ow_Ua6hHR6qw82P-N8KpdRRB-u0O",FLOOD_EVIDENCE_NEEDS_DATE,Scraper/search result mentions Far North and flooding but is not the full source text; no promotion from a snippet.
scrapers-data/dataset_google-search-scraper_2026-08-26_12-49-52-317.csv,5,"            true https://api.apify.com/v2/key-value-stores/6OzRbSj4OBi7HzSkD/records/spR9noGORpcZcGO-0.html?signature=anvuU8W9Y2b5Aui8K6Kw   il y a 6 jours — Les inondations récurrentes dans la ville de Kousseri, située dans le département du Logone-et-Chari (Extrême-Nord du Cameroun), provoquent ... https://www.openjournals.ijaar.org › ijaar › article › view Les inondations récurrentes dans la ville de Kousseri           1  International Journal of Advanced Academic Research organic https://www.openjournals.ijaar.org/index.php/ijaar/article/view/2229 IJAAR Publishing   il y a 5 jours — Les inondations récurrentes dans la ville de Kousseri, située dans le département du Logone-et-Chari (Extrême-Nord du Cameroun), provoquent ... https://www.researchgate.net › publication › 41283409... Les inondations récurrentes dans la ville de Kousseri           2  (PDF) La contribution des autorités traditionnelles à la ... organic https://www.researchgate.net/publication/412834090_La_contribution_des_autorites_traditionnelles_a_la_reinstallation_des_populations_sinistrees_apres_les_inondations_a_Kousseri_Extreme-Nord_du_Cameroun ResearchGate   7 janv. 2021 — Les inondations se poursuivent en novembre 2020, notamment dans le département du Logone et Chari, où la crue de la rivière du Logone a provoqu ... https://reliefweb.int › report › cameroon › cameroun-ex... Les inondations se poursuivent en novembre 2020           3  Cameroun : Extrême-Nord, Rapport de situation No. 4 ... organic https://reliefweb.int/report/cameroon/cameroun-extr-me-nord-rapport-de-situation-no-4-novembre-2020 ReliefWeb   Les eaux du fleuve Logone ont débordé. La digue du quartier Madana cède progressivement. Plus de 10000 personnes sont sinistrées. Les dégâts ... Facebook › CRTVweb Les eaux du fleuve Logone ont débordé        il y a 5 ans   4 Plus de 520 réactions Inondations recurrentes dans la ville de Kousseri ces ... organic https://www.facebook.com/CRTVweb/posts/inondations-recurrentes-dans-la-ville-de",FLOOD_EVIDENCE_NEEDS_DATE,Scraper/search result mentions Far North and flooding but is not the full source text; no promotion from a snippet.
scrapers-data/dataset_google-search-scraper_2026-08-26_12-49-52-317.csv,7,"            true https://api.apify.com/v2/key-value-stores/6OzRbSj4OBi7HzSkD/records/KKUW7HdTYjmjypz-0.html?signature=wDVDF3TSK3bQ49UEnxZ3   Analyse spatiale du risque d inondation dans le bassin versant du Mbanya à Douala, capitale économique du Cameroun. https://www.semanticscholar.org › ... inondation           1  Analyse spatiale du risque d inondation dans le bassin ... organic https://www.semanticscholar.org/paper/Analyse-spatiale-du-risque-d-inondation-dans-le-du-Abomo-Fouda/e58cbd80866a9adb36bdd64fc4b4d9e083727ea4 Semantic Scholar   L'étude pose le problème de prévention des risques d'inondation dans le bassin versant du Tongo-bassa à Douala. Il a été constaté que le bassin versant du ... https://www.academia.edu › MEMOIRE_TCHAMENI_... inondation           2  memoire tchameni mise en place sig prevention inondation organic https://www.academia.edu/49913344/MEMOIRE_TCHAMENI_MISE_EN_PLACE_SIG_PREVENTION_INONDATION Academia.edu   ... 2020 à Mbalmayo dans le département du Nyong-et-So'o, région du Centre. Conclave présidé par Mgr Joseph-Marie Ndi Okalla, Evêque de Mbalmayo et président en ... https://yusiip.cm › actualite_presentation › titre=The cit... 2020 Mbalmayo Mbalmayo         3  0 Commentaires organic https://yusiip.cm/actualite_presentation.php?actualite=768&titre=The%20city%20of%20Mbalmayo%20hosts%20the%20Provincial%20Episcopal%20Conference%20of%20Yaound%C3%A9 Yusiip 5  Ce mémoire présente la création d'une carte web pour visualiser les zones à risque d'inondations et de glissements de terrain à Yaoundé, afin d'améliorer ... https://fr.scribd.com › document › Memoire inondations         2  4  Webmapping des risques d'inondation à Yaoundé | PDF organic https://fr.scribd.com/document/862518094/Memoire Scribd  2020-09-10T12:00:00.000Z Cameroun : risque d'inondations dans le Littoral et de pluies intenses jusqu'au 10 septembre 2020 ... Mbalmayo, Nanga ... https://fr.journalducameroun.com › cameroun-risque-di... risque d'inondations dans le Littoral et de p",FLOOD_EVIDENCE_NEEDS_DATE,Scraper/search result mentions Far North and flooding but is not the full source text; no promotion from a snippet.
scrapers-data/dataset_google-search-scraper_2026-08-26_12-49-52-317.csv,9,"            true https://api.apify.com/v2/key-value-stores/6OzRbSj4OBi7HzSkD/records/TvJMaN4M8AFDkvO-0.html?signature=1MysjTUip23y8q8bZIGdd   En effet, entre les mois d'août et de septembre 2022, de fortes pluies diluviennes se sont abattues dans les départements du Mayo-Danay et du Logone-Et-Chari. https://dtm.iom.int › dtm_download_track Mayo           1  Région de l'Extrême-Nord ROUND 26 organic https://dtm.iom.int/dtm_download_track/37506?file=1&amp;type=node&amp;id=26451 International Organization for Migration   4 août 2025 — ... Mayo-Danay, Mayo-Sava et Mayo-Tsanaga. En début juin, ces intempéries ont endommagé 431 ménages dont 423 constitués de personnes déplacées ... https://reliefweb.int › report › cameroon › cameroun-ex... Mayo Tsanaga          2  Cameroun : Extrême-Nord, Rapport de situation No 57 organic https://reliefweb.int/report/cameroon/cameroun-extreme-nord-rapport-de-situation-no-57-juin-2025 ReliefWeb   52Le coefficient d'écoulement varie de 20 à 29 % sur la Tsanaga à Maroua, de 14 à 28 % sur le Kaliao, de 17 à 25 % à Bogo. 53Sur le mayo Tsanaga à Mokolo ( ... https://books.openedition.org › irdeditions mayo Tsanaga Mokolo          3  Atlas de la province Extrême-Nord Cameroun - Hydrologie organic https://books.openedition.org/irdeditions/11552?lang=fr OpenEdition Books   de JC Olivry · 1975 · Cité 1 fois — SV de Mayo Tsanaga à Mokolo - L'importance des précipitations, que nous avons sou1Ignée, y est pour beaucoup. 4.2.2 . Déficits d'écoulement. Au niveau des ... https://horizon.documentation.ird.fr › divers10-11 Mayo Tsanaga Mokolo         de JC Olivry · 1975 · Cité 1 fois — SV de Mayo Tsanaga à Mokolo - L'importance des précipitations, que nous avons sou1Ignée, y est pour beaucoup. 4.2.2 . Déficits d'écoulement. Au niveau des ... 4  Etude hydrologique du haut-bassin du Mayo Tsanaga à ... organic https://horizon.documentation.ird.fr/exl-doc/pleins_textes/divers10-11/16671.pdf Horizon IRD   de F Saha · 2020 · Cité 3 fois — Un voyage à travers le",FLOOD_EVIDENCE_NEEDS_DATE,Scraper/search result mentions Far North and flooding but is not the full source text; no promotion from a snippet.
scrapers-data/dataset_google-search-scraper_2026-08-26_12-49-52-317.csv,10,"            true https://api.apify.com/v2/key-value-stores/6OzRbSj4OBi7HzSkD/records/3wmMZkXmG8aaZ3j-0.html?signature=utwjFuH2bnG1WYRcQ2So   SITUATION ANALYSIS During the month of August 2020, torrential rains fell in the Far North Region with an important peak on 31 August 2020, ... https://reliefweb.int › updates › lis... torrential rains fell in the Far North Region           1  Cameroon: Floods - Aug 2020 Updates organic https://reliefweb.int/updates?list=Cameroon%3A%20Floods%20-%20Aug%202020%20Updates&advanced-search=%28D50423%29 ReliefWeb   This article examines flood risk management practices in the Far North Region of Cameroon, employing a holistic approach to assess the effectiveness of ... https://www.researchgate.net › 39... flood risk management practices in the Far North Region of Cameroon           2  Flood management in the Far North Region of Cameroon organic https://www.researchgate.net/publication/396508937_Flood_management_in_the_Far_North_Region_of_Cameroon_a_holistic_assessment ResearchGate   This paper aims to investigate the existence of a temporal connection between the flooding in the Far North region (21 events) and the observed trends in ... https://www.academia.edu › Trends_in_rainfall_and_fl... flooding Far North region          3  Trends in rainfall and flood hazard in the Far North region ... organic https://www.academia.edu/90781697/Trends_in_rainfall_and_flood_hazard_in_the_Far_North_region_of_Cameroon Academia.edu   20 août 2020 — In Cameroon, UN OCHA reports more than 5,550 people displaced by the flooding at the end of July in Mayo-Danay Division (Far North Region). https://reliefweb.int › report › niger Cameroon flooding Far North Region         4  Cameroon, Niger - Floods (UN OCHA, NOAA-CPC) (ECHO ... organic https://reliefweb.int/report/niger/cameroon-niger-floods-un-ocha-noaa-cpc-echo-daily-flash-20-august-2020 ReliefWeb  2020-09-07T12:00:00.000Z President Paul Biya has once again shown his legendary compassion to the people o",FLOOD_EVIDENCE_NEEDS_DATE,Scraper/search result mentions Far North and flooding but is not the full source text; no promotion from a snippet.
scrapers-data/dataset_google-search-scraper_2026-08-26_12-49-52-317.csv,11,"En 2020, la ville de Kaélé et le département du Mayo-Kani (région de l'Extrême-Nord du Cameroun) ont subi de graves inondations suite à des précipitations intenses.Alerte climatique : Les services météorologiques et les autorités avaient annoncé un risque très élevé d'inondations entre juin et août 2020 dans plusieurs départements de l'Extrême-Nord, dont le Mayo-Kani.Impact régional : Les fortes pluies ont provoqué d'importants dégâts matériels, détruisant des habitations et des champs, et affectant les populations locales déjà vulnérables.Mobilisation : Face a l'ampleur des dégâts touchant le Mayo-Kani, le Mayo-Danay et le Logone-et-Chari, des mesures d'aide d'urgence et des comités de soutien ont été mis en place par les autorités et la Croix-Rouge camerounaise pour venir en aide aux sinistrés.Si vous le souhaitez, je peux vous donner plus de détails sur :Les conséquences agricoles de ces inondationsLes mesures de prévention prises depuis lors dans la régionSi vous le souhaitez, je peux vous donner plus de détails sur : L'unique point a l'ordre du jour portait sur la situation préoccupante des inondations qui affectent la région de l'extrême nord p... Dans le cadre de la mise en oeuvre du DREF (Disaster ... https://www.facebook.com/lacroixrougecamerounaise/posts/dans-le-cadre-de-la-mise-en-oeuvre-du-dref-disaster-response-emergency-fund-init/1753695861474396/ Les prévisions climatiques élaborées pour la période de juin, juillet et août 2020 par les centres spécialisés indiquent «un risqu... Cameroun : cinq départements de l'Extrême-Nord menacés ... https://actucameroun.com/2020/07/09/cameroun-cinq-departements-de-lextreme-nord-menaces-par-les-inondations/    live  true https://api.apify.com/v2/key-value-stores/6OzRbSj4OBi7HzSkD/records/2slgU9SR0i572K2-0.html?signature=rkFRxrM24lUotPy6CyIu   1 févr. 2021 — ... Kaélé dans le département du Mayo-Kani. Malgré le nombre limité de tests effectués, le pic de contamination est le second le plus élevé ... https://reliefweb",FLOOD_EVIDENCE_NEEDS_DATE,Scraper/search result mentions Far North and flooding but is not the full source text; no promotion from a snippet.
scrapers-data/dataset_google-search-scraper_2026-08-26_12-49-52-317.csv,12,"Les inondations de 2020 dans la région de l'Extrême-Nord du Cameroun, incluant le département du Mayo-Sava et sa chefferie de Mora, ont provoqué d'importants dégâts matériels et touché des infrastructures locales déjà fragilisées par le climat et les défis sécuritaires.Impacts matériels : Des sites de reconstruction et des habitations ont subi des dégâts importants à la suite des crues et des fortes pluies de l'année 2020 dans les arrondissements de Mora et ses environs.Facteurs aggravants : Le ruissellement des eaux de plaine combiné aux variations climatiques accentue la vulnérabilité de cette zone sahélienne.Crise humanitaire connexe : En plus des intempéries, la zone du Mayo-Sava a fait face la même année à une intensification des déplacements de populations liés à l'insécurité, compliquant l'assistance aux sinistrés.Si vous cherchez des chiffres précis de sans-abris ou un bilan sur les cultures dans le Mayo-Sava pour 2020, voulez-vous que je recherche des rapports humanitaires spécifiques (comme ceux d'OCHA ou de la Croix-Rouge) ?Si vous cherchez des chiffres précis de sans-abris ou un bilan sur les cultures dans le Mayo-Sava pour 2020, voulez-vous que je recherche des rapports humanitaires spécifiques (comme ceux d'OCHA ou de la Croix-Rouge) ? 400 ressortissants nigérians ont trouvé refuge à Biamo, dans le département du Logone et Chari, suite aux inondations dans leurs v... Cameroun : Extrême-Nord, Rapport de situation No. 4 ... https://reliefweb.int/report/cameroon/cameroun-extr-me-nord-rapport-de-situation-no-4-novembre-2020 La FAO a assuré un suivi de proximité auprès de 100 bénéficiaires de petits ruminants, afin d'améliorer la qualité de leur product... 1M 322K 69,6K 46,3K 123K - Ecoi.net https://www.ecoi.net/en/file/local/2046722/ocha_cameroon_sitrep_far_north_-_january_2021.pdf    live  true https://api.apify.com/v2/key-value-stores/6OzRbSj4OBi7HzSkD/records/jl3XCPpNyyelWJ6-0.html?signature=e2syywUS3p2KPvCoHoju   7 janv. 2021 — En novembre 2020, les at",FLOOD_EVIDENCE_NEEDS_DATE,Scraper/search result mentions Far North and flooding but is not the full source text; no promotion from a snippet.
scrapers-data/dataset_google-search-scraper_2026-08-26_12-49-52-317.csv,14,"In 2020, the Centre region of Cameroon, particularly the capital city of Yaoundé, experienced the ongoing implementation and target milestones of the Yaoundé Sanitation Project (PADY), which aimed to curb chronic urban flooding.Drainage Goals: Funded largely by the African Development Bank (AfDB), the city targeted a reduction of major flood occurrences in central Yaoundé by 2020 through Mfoundi River bed adaptations and tributary canal construction.Impact: While major catastrophic overflow in the heart of Yaoundé was mitigated compared to previous severe years, seasonal heavy rains continued to test informal settlements and low-lying urban sectors lacking complete secondary drainage.Regional Comparison: Unlike the Littoral region (Douala) or the Far North region which suffered acute, widespread disaster displacements in 2020, the Centre region's main story was focused on urban mitigation infrastructure progress and localized flash events.If you need details on a specific neighborhood in Yaoundé or information regarding subsequent flood years in the Centre region, let me know how to narrow this down.If you need details on a specific neighborhood in Yaoundé or information regarding subsequent flood years in the Centre region, let me know how to narrow this down. Posted: 20 Aug 2020; Originally published: 20 Aug 2020; Origin: View original. Floods triggered by heavy rain since June, continue... Cameroon, Niger - Floods (UN OCHA, NOAA-CPC) (ECHO ... https://reliefweb.int/report/niger/cameroon-niger-floods-un-ocha-noaa-cpc-echo-daily-flash-20-august-2020 A major flood event occurred on 21 August 2020 in the densely populated Makèpè Missokè neighborhood in the city of Douala (Cameroo... A Major Urban Flood Investigated with 2D HEC-RAS Modeling https://ouci.dntb.gov.ua/en/works/42oKZY8l/    live  true https://api.apify.com/v2/key-value-stores/6OzRbSj4OBi7HzSkD/records/ThJIFWysKmyCv5C-0.html?signature=1umTEIndTStTsokUOaZ5c   20 août 2020 — Floods triggered by heavy rain si",FLOOD_EVIDENCE_NEEDS_DATE,Scraper/search result mentions Far North and flooding but is not the full source text; no promotion from a snippet.
scrapers-data/face and yout/dataset_youtube-scraper_2026-09-01_07-20-44-785.csv,85,"  UC25EuGAePOPvPrUA5cmu3dQ africanews (en français) https://www.youtube.com/@africanewsfr africanewsfr  5 false 2024-09-15T12:50:03.000Z  https://fr.africanews.com/2024/09/15/... https://fr.africanews.com/2024/09/15/inondations-au-cameroun-lextreme-nord-face-a-la-catastrophe/ https://www.youtube.com/c/africanewsf... https://www.youtube.com/c/africanewsfr?sub_confirmation=1   / africanews.fr   https://www.facebook.com/africanews.fr/   / africanews   https://twitter.com/africanews #AfNews https://www.youtube.com/hashtag/afnews                                                                                                                                                                                         00:02:13  https://www.youtube.com/results?search_query=inondation+Yaound%C3%A9&sp=EgIQAQ%3D%3D #AfNews   SxolZgt3ngQ inondation Yaoundé false  false 58   1640000 11  Depuis plusieurs semaines, l’Extrême-Nord du Cameroun est frappé par des pluies diluviennes sans précédent, mettant à l’épreuve la ville de Yagoua et ses environs. 

LIRE L’ARTICLE : https://fr.africanews.com/2024/09/15/inondations-au-cameroun-lextreme-nord-face-a-la-catastrophe/

Abonnez-vous à notre chaine Youtube https://www.youtube.com/c/africanewsfr?sub_confirmation=1 et recevez chaque jour le meilleur de l’actualité panafricaine.

Africanews est disponible en Français et en Anglais.
Site web : fr.africanews.com
Facebook : https://www.facebook.com/africanews.fr/
Twitter : https://twitter.com/africanews

#AfNews https://i.ytimg.com/vi/SxolZgt3ngQ/hqdefault.jpg Inondations au Cameroun : l'Extrême-Nord face à la catastrophe For several weeks, Cameroon's Far North region has been battered by unprecedented torrential rains, severely impacting the city of Yagoua and its surrounding areas.

READ THE ARTICLE: https://fr.africanews.com/2024/09/15/...

Subscribe to our YouTube channel https://www.youtube.com/c/africanewsf... and receive the best of pan-African news every day.

Africanews is available in Fre",FLOOD_EVIDENCE_NEEDS_DATE,Scraper/search result mentions Far North and flooding but is not the full source text; no promotion from a snippet.
scrapers-data/face and yout/dataset_youtube-scraper_2026-09-01_07-20-44-785.csv,98,  UCXriNfPc0bkHIp0G9YTwYEw ÉQUINOXE TV https://www.youtube.com/@EQUINOXETV EQUINOXETV  2 false 2022-10-13T23:00:14.000Z  #équinoxetv https://www.youtube.com/hashtag/%C3%A9quinoxetv #audelàdelimagenousrendonscompte https://www.youtube.com/hashtag/audel%C3%A0delimagenousrendonscompte #douala https://www.youtube.com/hashtag/douala #cameroun https://www.youtube.com/hashtag/cameroun #cameroonian https://www.youtube.com/hashtag/cameroonian #equinoxetv https://www.youtube.com/hashtag/equinoxetv #équinoxetv https://www.youtube.com/hashtag/%C3%A9quinoxetv #yaounde https://www.youtube.com/hashtag/yaounde #team237 https://www.youtube.com/hashtag/team237 #CAMEROON https://www.youtube.com/hashtag/cameroon #cameroon https://www.youtube.com/hashtag/cameroon #cameroonfood https://www.youtube.com/hashtag/cameroonfood #camerooniangirl https://www.youtube.com/hashtag/camerooniangirl #237showbiz https://www.youtube.com/hashtag/237showbiz #237 https://www.youtube.com/hashtag/237 #garoua https://www.youtube.com/hashtag/garoua #ngaoundere https://www.youtube.com/hashtag/ngaoundere #bafoussam https://www.youtube.com/hashtag/bafoussam #bertoua https://www.youtube.com/hashtag/bertoua #sangmelima https://www.youtube.com/hashtag/sangmelima #maroua https://www.youtube.com/hashtag/maroua #237 https://www.youtube.com/hashtag/237 #audelàdelimagenousrendonscompte https://www.youtube.com/hashtag/audel%C3%A0delimagenousrendonscompte #buea https://www.youtube.com/hashtag/buea #cnnafrica https://www.youtube.com/hashtag/cnnafrica #bamenda https://www.youtube.com/hashtag/bamenda #yaounde https://www.youtube.com/hashtag/yaounde #yaoundé https://www.youtube.com/hashtag/yaound%C3%A9 #bafoussam https://www.youtube.com/hashtag/bafoussam #237blogger https://www.youtube.com/hashtag/237blogger #237bloggers https://www.youtube.com/hashtag/237bloggers                                                                                                                                     00:02:51  https://www.youtube.com,FLOOD_EVIDENCE_NEEDS_DATE,Scraper/search result mentions Far North and flooding but is not the full source text; no promotion from a snippet.
scrapers-data/face and yout/dataset_youtube-scraper_2026-09-01_07-20-44-785.csv,188,"  UCf9EGbdSNK5wjdzTxMMbVyg Clement Sofalne https://www.youtube.com/@clementsofalne8011 clementsofalne8011  0 false 2021-01-12T21:17:07.000Z                                                                                                                                                                                                    00:01:25  https://www.youtube.com/results?search_query=inondation+Biyem-Assi&sp=EgIQAQ%3D%3D    blGHWUg3W-4 inondation Biyem-Assi false  false 2   55 10  Financé par la gouvernement du Canada et exécuté par l'ONG ABIOGeT, le projet ""Assistance d’urgence aux sinistrés des inondations dans la région de l’Extrême Nord du Cameroun"" vise à soutenir 690 familles en leur distribuant  les produits de première nécessité tel que les céréales, du sucre, de l’huile de cuisine, du sel, du savon, des seaux; et 500 femmes et filles avec des kits d’hygiène intime tels que le lait de toilette, les serviettes, les brosses à dents, les savons antiseptiques. Le projet vise également à renforcer les capacités des jeunes volontaires sur les notions de secourisme en temps d'inondation, à sensibiliser les populations sur les mesures d’hygiène et de salubrité , à réhabiliter les latrines endommagées et à désinfecter les puits d’eau dans les Communes de Maroua 1, Kai-Kai, et Bogo https://i.ytimg.com/vi/blGHWUg3W-4/hqdefault.jpg Assistance d’urgence aux sinistrés des inondations dans la région de l’Extrême Nord du Cameroun   video https://www.youtube.com/watch?v=blGHWUg3W-4 69",FLOOD_EVIDENCE_NEEDS_DATE,Scraper/search result mentions Far North and flooding but is not the full source text; no promotion from a snippet.
scrapers-data/face and yout/dataset_youtube-scraper_2026-09-01_07-20-44-785.csv,222,"  UCsGdtyZsq1t7Br4QNg-hlVQ PNDP-CAMEROUN https://www.youtube.com/@pndp-cameroun2982 pndp-cameroun2982  0 false 2023-06-19T06:24:51.000Z                                                                                                                                                                                                    00:01:24  https://www.youtube.com/results?search_query=inondation+Mfoundi&sp=EgIQAQ%3D%3D    c4dutC9vEd4 inondation Mfoundi false  false 0   164 17  Construction par l'approche HIMO d’une digue de 1,200 km et 02 batardeaux avec 01 débarcadère pour la protection contre les inondations dans la localité de Maltam, Commune de Makary, Departement du Logone et Chari, Region de l'Extrême Nord. il est question de pouvoir protéger le village MALTAM contre les inondations pendant la période des crues, à travers la construction par la l’approche HIMO d'une digue de 1,200km et 02 batardeaux sur les berges de la rivière Serbéwel. Ceci en mobilisant 250 jeunes, âgés de 18 à 35 ans, pour travailler dans le chantier avec l’approche Haute Intensité de Main d’œuvre (HIMO) et avec au moins 30% de femmes ;en construisant 1,200 km de digues et 02 batardeaux; en plantant 700 arbres pour préserver l’environnement ; en réalisant des ouvrages connexes socio-économique à savoir : 01 mini AEP, 01 débarcadère, 03 lampadaires solaires ; en rémunérant 250 ménages des jeunes ouvriers HIMO à hauteur 41 285 557 FCFA dans les localités de Maltam et environs ; en facilitant l’épargne de 13 761 852 FCFA pour soutenir les projets d’insertion socioprofessionnelle des 250 jeunes , en formant et coachant 250 jeunes sur leurs activités d’insertion socioprofessionnelle. https://i.ytimg.com/vi/c4dutC9vEd4/hqdefault.jpg?sqp=-oaymwEmCOADEOgC8quKqQMa8AEB-AH-BIAC8AKKAgwIABABGFIgYChlMA8=&rs=AOn4CLA72YoV7-j-Qx95dMSKg2LRZuIg8Q Realisations of PNDP  at Maltam in Makary council   video https://www.youtube.com/watch?v=c4dutC9vEd4 128",FLOOD_EVIDENCE_NEEDS_DATE,Scraper/search result mentions Far North and flooding but is not the full source text; no promotion from a snippet.
scrapers-data/face and yout/dataset_youtube-scraper_2026-09-01_07-20-44-785.csv,253,"  UCli7mxfNrS0BBtlo5DwCt8Q Canal2 International https://www.youtube.com/@Canal2InternationalOfficiel Canal2InternationalOfficiel  1 false 2022-09-19T19:48:42.000Z  https://goo.gl/hc9PXq https://goo.gl/hc9PXq https://urlz.fr/fWJ8 https://urlz.fr/fWJ8 https://goo.gl/GHBAJC https://goo.gl/GHBAJC https://goo.gl/mRKRAU https://goo.gl/mRKRAU https://goo.gl/XwdAEv https://goo.gl/XwdAEv https://goo.gl/nrpUxb https://goo.gl/nrpUxb https://goo.gl/bcme2M https://goo.gl/bcme2M https://goo.gl/tajemz https://goo.gl/tajemz https://goo.gl/9krKHR https://goo.gl/9krKHR https://goo.gl/DWQ3hb https://goo.gl/DWQ3hb https://goo.gl/93uJMH https://goo.gl/93uJMH https://goo.gl/EFs284 https://goo.gl/EFs284 https://goo.gl/hVisc7 https://goo.gl/hVisc7 https://goo.gl/jxLVYM https://goo.gl/jxLVYM https://goo.gl/tHCXDJ https://goo.gl/tHCXDJ https://goo.gl/Hs8Rhu https://goo.gl/Hs8Rhu https://goo.gl/YDVPFk https://goo.gl/YDVPFk https://goo.gl/B5Vrv4 https://goo.gl/B5Vrv4 https://goo.gl/7dPBSY https://goo.gl/7dPBSY https://goo.gl/ciGK7P https://goo.gl/ciGK7P https://goo.gl/eKoenX https://goo.gl/eKoenX https://goo.gl/WtZt7N https://goo.gl/WtZt7N https://goo.gl/jzns4k https://goo.gl/jzns4k   / canal2international   https://www.facebook.com/Canal2International/                                                                                                                                                   00:02:00  https://www.youtube.com/results?search_query=inondation+Yaound%C3%A9+7%C3%A8me&sp=EgIQAQ%3D%3D    onzgiC9fXTI inondation Yaoundé 7ème false  false 4   483000 39  Abonnez-vous  https://goo.gl/hc9PXq 
Un programme de Canal 2 International.
Jt, 19/09/2022
Découvrez nos playlists 
( ( ( ( Cliquez sur tous les liens ) ) ) 

INFO
https://urlz.fr/fWJ8
https://goo.gl/GHBAJC
https://goo.gl/mRKRAU
https://goo.gl/XwdAEv
https://goo.gl/nrpUxb
https://goo.gl/bcme2M
https://goo.gl/tajemz 
https://goo.gl/9krKHR
https://goo.gl/DWQ3hb
https://goo.gl/93uJMH
https://goo.gl/EFs284
https://goo.gl/hVisc7
https://",FLOOD_EVIDENCE_NEEDS_DATE,Scraper/search result mentions Far North and flooding but is not the full source text; no promotion from a snippet.
scrapers-data/face and yout/dataset_youtube-scraper_2026-09-01_07-20-44-785.csv,279,"  UCheyn-u7QHg3q99netiajgg Africa Circle TV https://www.youtube.com/@AfricaCircleTV AfricaCircleTV  0 false 2019-09-20T20:14:09.000Z    / africacircletv   https://www.facebook.com/Africacircletv   / afcir17   https://twitter.com/afcir17 https://www.africacircletv.com/ https://www.africacircletv.com/ #Regardez https://www.youtube.com/hashtag/regardez #Partagez https://www.youtube.com/hashtag/partagez                                                                                                                                                                                         00:01:54  https://www.youtube.com/results?search_query=inondation+Biyem-Assi&sp=EgIQAQ%3D%3D #Partagez #Regardez  M1A26O3uoic inondation Biyem-Assi false  false 6   4630 9  Avenue Kennedy, carrefour Emah Basile, Mokolo ont subit les foudres de la grande pluid qui s'est abattue dans la capitale politique ce vendredi 20 septembre 2019µ
N'oubliez pas de vous abonner à notre site web pour plus d'infos.
Vous pouvez nous suivre sur:
- Facebook: https://www.facebook.com/Africacircletv
- Twitter: https://twitter.com/afcir17
- Web : https://www.africacircletv.com/ 
©2019. #Regardez et #Partagez cette vidéo !!!!!! https://i.ytimg.com/vi/M1A26O3uoic/maxresdefault.jpg CATASTROPHE  INONDATIONS À YAOUNDÉ Avenue Kennedy, carrefour Emah Basile, Mokolo ont subit les foudres de la grande pluid qui s'est abattue dans la capitale politique ce vendredi 20 septembre 2019µ
N'oubliez pas de vous abonner à notre site web pour plus d'infos.
Vous pouvez nous suivre sur:
Facebook:   / africacircletv  
Twitter:   / afcir17  
Web : https://www.africacircletv.com/ 
©2019. #Regardez et #Partagez cette vidéo !!!!!!  video https://www.youtube.com/watch?v=M1A26O3uoic 669",FLOOD_EVIDENCE_NEEDS_DATE,Scraper/search result mentions Far North and flooding but is not the full source text; no promotion from a snippet.
scrapers-data/public_emdat_custom_request_2026-08-26_098d7b43-5772-4eac-aa6c-cb81e7ba060c.xlsx,ERROR,Missing optional dependency 'openpyxl'.  Use pip or conda to install openpyxl.,GENERAL_FLOOD_REFERENCE,Unreadable scraper file.
