date,name,rainfall_mm,lat,lon,rainfall_1d,rainfall_3d,rainfall_7d,rainfall_14d,rainfall_anomaly,swvl1,locality,discharge_m3s,glofas_grid_lat,glofas_grid_lon,discharge_lag1,discharge_lag3,discharge_lag7,elevation_m,slope_deg,basin_id,season,key,flood_label,proxy,basin_rainfall_3d,basin_rainfall_7d,basin_rainfall_14d,basin_rainfall_21d,basin_rainfall_30d
2005-01-23,Vélé,0.0,,,0.0,0.0,0.0,0.0,-15.464989564906595,0.19696045,Vélé,35.765625,,,36.203125,37.109375,38.953125,318.514893,0.015241,1060754730.0,0,vele,0,False,0.0,0.0,0.0,0.0,
2005-03-31,Hilé - Alifa,0.0,12.6840971,14.350398,0.0,0.0,0.0,0.0,-9.807517264300024,0.1918335,Hilé - Alifa,0.0,12.674999999999994,14.37500000000002,0.0,0.0,0.0,282.8954772949219,0.0024472374934703,1060695540.0,0,hile - alifa,0,False,8.799189721871371e-06,8.799189721871371e-06,0.011896747160810206,0.013362570039296237,0.03720127064529203
2005-04-15,Gobo,0.0,10.0676925,15.4685991,0.0,0.0,0.0,0.0,-15.929172201201787,0.18858337,Gobo,0.0,10.074999999999957,15.375,0.0,0.0,0.0,332.77789306640625,0.0152405689255484,1060754730.0,1,gobo,0,False,0.0,0.0010973228192968153,0.0010973228192968153,0.006576424344721485,0.23306572182687108
2005-05-27,Kousséri,0.0,12.0610872,14.9685362,0.0,0.0,0.0,0.0,-12.68282392508279,0.1979065,Kousséri,0.0,12.074999999999983,14.975000000000028,0.0,0.0,0.0,292.59002685546875,0.0024472374934703,1060707270.0,1,kousseri,0,False,2.46262237377223,4.10455551731234,4.126143447741493,10.986537282198611,19.75967666233811
2005-06-22,Makabaye,0.0,10.5764701,14.3011699,0.0,3.174011707305908,31.993353366851807,44.22099590301514,16.105589209524386,0.21250916,Makabaye,1.578125,10.574999999999964,14.32500000000002,1.46875,2.8125,0.4375,404.8264770507813,0.1879784911870956,1060707270.0,1,makabaye,0,False,2.3869299219730125,37.05145089010733,45.944478181823904,68.12461808487261,88.51499287431083
2005-07-02,Wina,20.323566436767575,,,20.323566436767575,20.323566436767575,37.83054924011231,59.09321594238281,21.706773461491085,0.2844391,Wina,0.8125,,,0.78125,0.9375,0.546875,332.6845397949219,0.0152405686676502,1060832320.0,1,wina,0,False,12.901216343621268,30.072202264352782,53.46493532370865,81.89271539062243,119.319753358031
2005-07-03,Kolofata,17.051713943481445,11.1405968,14.0155389,17.051713943481445,34.10342788696289,58.80412244796753,69.43862009048462,42.882269765186095,0.31689453,Kolofata,1.78125,11.124999999999972,14.025000000000016,1.8125,1.78125,1.921875,372.999755859375,0.0204014666378498,1060707270.0,1,kolofata,0,False,35.366864378337674,57.421133047080616,68.16745536462716,105.17290378157588,132.6152890347752
2005-07-05,Wina,0.0,,,0.0,30.485349655151367,62.48023796081543,75.88433170318604,46.35646218219421,0.32453918,Wina,0.78125,,,0.765625,0.8125,1.03125,332.6845397949219,0.0152405686676502,1060832320.0,1,wina,0,False,41.956082324753375,63.60260445157887,81.35498876335613,106.0013258443415,150.7790587541134
2005-07-21,Moulvoudaye,5.879988193511963,,,5.879988193511963,35.61712598800659,57.74776077270508,94.16678380966188,42.731331346989,0.29421997,Moulvoudaye,0.0,,,0.0,0.0,0.0,335.166748046875,0.1879784911870956,1060754730.0,1,moulvoudaye,0,False,28.433184336946653,51.07260039582251,86.91311350486514,147.17963201633586,171.77440224661024
2005-08-01,Moulvoudaye,0.0,,,0.0,16.362125396728516,43.63233280181885,91.00943517684937,28.61590337610277,0.35740662,Moulvoudaye,0.0,,,0.0,0.0,0.0,335.166748046875,0.1879784911870956,1060754730.0,1,moulvoudaye,0,False,15.30216773287289,45.923807978773716,86.56862927117534,116.70890098646947,184.66449074114522
2005-08-04,Doukoula,5.740046501159668,10.1185289,14.9710203,5.740046501159668,11.480093002319336,34.46846628189087,75.14270162582397,18.916203094927376,0.37808228,Doukoula,0.59375,,,0.59375,0.59375,0.296875,337.031921,0.187978,1060832320.0,1,doukoula,0,False,10.306179262599743,30.92778381546584,76.06578566109549,116.46717654257013,171.87149828114053
2005-08-18,Guémé,38.66759490966797,10.4357646,15.0771989,38.66759490966797,54.1346321105957,99.6046495437622,151.4265055656433,85.73082059865281,0.44732666,Guémé,0.078125,,,0.0703125,0.0703125,0.109375,320.784423828125,0.0152405686676502,1060754730.0,1,gueme,0,False,50.33344006883392,91.33829884043263,142.14921150868656,174.10587568867768,223.98868554965298
2005-08-18,Gobo,33.82728958129883,10.0676925,15.4685991,33.82728958129883,50.74093437194824,99.86113929748537,160.87475395202637,83.93196709628356,0.44732666,Gobo,5.515625,10.074999999999957,15.375,5.75,4.5234375,4.3125,332.77789306640625,0.0152405689255484,1060754730.0,1,gobo,0,False,50.33344006883392,91.33829884043263,142.14921150868656,174.10587568867768,223.98868554965298
2005-08-18,Doukoula,33.2319450378418,10.1185289,14.9710203,33.2319450378418,46.52472305297852,99.45809412002563,155.5525188446045,83.90583093306213,0.44732666,Doukoula,0.7734375,,,0.8125,0.484375,0.46875,337.031921,0.187978,1060832320.0,1,doukoula,0,False,35.45550218773108,76.97900448126029,154.09750241823858,185.0252862337044,240.23048419615665
2005-08-19,Guémé,7.733518600463867,10.4357646,15.0771989,7.733518600463867,61.86815071105957,99.759831905365,145.81695127487183,85.8860029602556,0.4247284,Guémé,0.0859375,,,0.078125,0.0703125,0.09375,320.784423828125,0.0152405686676502,1060754730.0,1,gueme,0,False,57.296342681363505,87.93311153601316,138.58398307849427,174.49667501196984,224.01306029939582
2005-08-19,Kar-Hay,6.853188991546631,,,6.853188991546631,54.825512409210205,96.18776941299438,150.73543453216553,80.41974643448114,0.4247284,Kar-Hay,0.4140625,,,0.3828125,0.3984375,0.21875,342.6171264648437,0.1879784911870956,1060832320.0,1,kar-hay,0,False,39.93368123996702,73.36035064418292,146.4763970729234,179.70399751948895,239.4047779186409
2005-09-15,Kar-Hay,0.0,,,0.0,16.619583129882812,24.766261100769043,62.18438220024109,8.998238122255797,0.21551514,Kar-Hay,0.3515625,,,0.3828125,0.4296875,0.4765625,342.6171264648437,0.1879784911870956,1060832320.0,1,kar-hay,0,False,15.034864357026901,23.58572605747202,68.59167847849292,117.07521686108949,198.48617529833635
2005-12-21,Maroua II,0.0,10.6415798,14.3117543,0.0,0.0,0.0,0.0,-16.16373925069292,0.19737244,Maroua II,0.015625,,,0.015625,0.015625,0.015625,447.19036865234375,0.1879784911870956,1060707270.0,0,maroua ii,0,False,0.0,0.0,0.00040224239196908303,0.00040224239196908303,0.00040228112628467097
2005-12-31,Kolofata,0.0,11.1405968,14.0155389,0.0,0.0,0.0,0.0,-15.921852682781434,0.19741821,Kolofata,2.53125,11.124999999999972,14.025000000000016,2.546875,2.546875,2.578125,372.999755859375,0.0204014666378498,1060707270.0,0,kolofata,0,False,0.0,0.0,0.0,0.0,0.00040224239196908303
2006-01-10,Wina,0.0,,,0.0,0.0,0.0,0.0,-16.12377577862122,0.19734192,Wina,0.0,,,0.0,0.0,0.0,332.6845397949219,0.0152405686676502,1060832320.0,0,wina,0,False,0.006119419457055582,0.006119419457052029,0.006119419457052029,0.006119419457052029,0.006119419457052029
2006-03-14,Kolofata,0.0,11.1405968,14.0155389,0.0,0.0,0.0,0.0,-15.921852682781434,0.19442749,Kolofata,2.1875,11.124999999999972,14.025000000000016,2.1875,2.21875,2.21875,372.999755859375,0.0204014666378498,1060707270.0,0,kolofata,0,False,0.0,0.01623092102116544,0.016230921021163663,0.13758383537310945,0.1402931283101296
2006-04-01,Maroua II,0.0,10.6415798,14.3117543,0.0,1.7335124015808174,1.7335124015808103,1.7335124015808103,-14.43022684911211,0.19178772,Maroua II,0.0,,,0.0,0.0,0.0,447.19036865234375,0.1879784911870956,1060707270.0,1,maroua ii,0,False,0.3256238104487817,0.32562381044878075,0.34808138029857644,0.34808138029857644,0.36431230131974013
2006-04-26,Harde,0.0,,,0.0,0.0,0.0,0.0,-16.0270928898429,0.18852234,Harde,2.625,,,2.625,2.625,2.625,416.6739807128906,0.1879784911870956,1060707270.0,1,harde,0,False,1.1485791841871433,1.1485791841871424,1.1671844298285197,1.2032824434539982,1.7863187649258108
2006-05-24,Tchatibali,3.5085887908935547,,,3.5085887908935547,12.28006076812744,28.894280433654785,57.98951625823975,12.402041811931792,0.19847107,Tchatibali,0.0,,,0.0,0.0,0.0,351.9421081542969,0.0277432706207036,1060832320.0,1,tchatibali,0,False,10.764676462688028,25.90416117564393,56.36655334546856,106.00274277571249,123.56125350847923
2006-07-17,Djarèngol,13.707266807556152,10.5252741,14.2073945,13.707266807556152,27.987335205078125,87.3988151550293,108.56007814407349,72.74172286315391,0.20083618,Djarèngol,1.40625,,,1.1875,1.296875,0.75,436.4678649902344,0.1879784911870956,1060707270.0,1,djarengol,0,False,34.55592244823629,74.88120224310757,98.49998956159811,127.69886920111058,157.83440092977744
2006-07-20,Djarèngol,20.56089973449707,10.5252741,14.2073945,20.56089973449707,47.975433349609375,90.8156385421753,140.55762243270874,76.1585462502999,0.21986389,Djarèngol,1.875,,,1.8125,1.40625,1.4375,436.4678649902344,0.1879784911870956,1060707270.0,1,djarengol,0,False,36.18900860145354,77.20839260601016,122.7836609454025,151.08655908545379,186.4613216904121
2006-07-21,Djarèngol,25.82544708251953,10.5252741,14.2073945,25.82544708251953,60.093613624572754,101.78821563720705,163.79138255119324,87.13112334533164,0.22393799,Djarèngol,1.984375,,,1.875,1.75,1.296875,436.4678649902344,0.1879784911870956,1060707270.0,1,djarengol,0,False,40.48792143196836,88.18369235597103,137.7837154600191,166.79499144243277,202.02383587738242
2006-07-22,Djarèngol,0.0,10.5252741,14.2073945,0.0,46.3863468170166,94.36178064346312,161.1996955871582,79.70468835158775,0.27381897,Djarèngol,1.828125,,,1.984375,1.8125,1.234375,436.4678649902344,0.1879784911870956,1060707270.0,1,djarengol,0,False,23.342901632891426,80.89775083082705,132.66772159534128,164.83046954698352,203.98946954823728
2006-07-23,Djarèngol,0.0,10.5252741,14.2073945,0.0,25.82544708251953,87.50814723968506,161.1996955871582,72.85105494780967,0.25862122,Djarèngol,1.703125,,,1.828125,1.875,1.1875,436.4678649902344,0.1879784911870956,1060707270.0,1,djarengol,0,False,21.59499621805281,79.72909012272964,132.66520706261392,160.64604055009553,191.58167229267013
2006-08-05,Kousséri,28.95436668395996,12.0610872,14.9685362,28.95436668395996,57.90873336791992,119.85261297225952,149.53552961349487,107.16978904717674,0.20950317,Kousséri,0.015625,12.074999999999983,14.975000000000028,0.015625,0.0,0.015625,292.59002685546875,0.0024472374934703,1060707270.0,1,kousseri,0,False,40.506853619682346,72.4126165579828,108.32011148163927,189.21786231246634,250.50816740417787
2006-08-07,Kousséri,11.64161491394043,12.0610872,14.9685362,11.64161491394043,40.59598159790039,117.80762481689452,155.46008825302124,105.12480089181174,0.21560669,Kousséri,0.015625,12.074999999999983,14.975000000000028,0.015625,0.015625,0.0,292.59002685546875,0.0024472374934703,1060707270.0,1,kousseri,0,False,40.29813126072184,77.51507177207525,113.3132127529141,173.6489472453875,250.7232652621392
2006-08-07,Dougui,16.748586654663086,12.6249042,14.9787219,16.748586654663086,49.67226219177246,115.5196132659912,138.73178720474243,104.07742743655363,0.21560669,Dougui,0.015625,12.624999999999991,14.975000000000028,0.015625,0.0,0.0,289.944580078125,0.0024472374934703,1060695700.0,1,dougui,0,False,38.75895034047463,89.59916329808716,131.36401227080387,180.5999610750623,244.05548541600828
2006-08-08,Kousséri,17.46242332458496,12.0610872,14.9685362,17.46242332458496,29.10403823852539,115.96713829040527,167.20545530319214,103.28431436532247,0.209198,Kousséri,0.015625,12.074999999999983,14.975000000000028,0.015625,0.015625,0.0,292.59002685546875,0.0024472374934703,1060707270.0,1,kousseri,0,False,21.25211666132903,80.81535793306738,116.29900696887228,172.0257832457915,260.04683396466544
2006-08-08,Dougui,5.582862377166748,12.6249042,14.9787219,5.582862377166748,22.331449031829838,112.87155675888062,139.8863959312439,101.42937092944304,0.209198,Dougui,0.015625,12.624999999999991,14.975000000000028,0.015625,0.0,0.0,289.944580078125,0.0024472374934703,1060695700.0,1,dougui,0,False,24.407335965917305,87.02216180312585,134.71787398120208,179.2329843394012,254.6218193424054
2006-08-10,Dougui,16.748586654663086,12.6249042,14.9787219,16.748586654663086,22.331449031829838,104.92738676071168,156.63498258590698,93.48520093127412,0.20927429,Dougui,0.015625,12.624999999999991,14.975000000000028,0.015625,0.015625,0.0,289.944580078125,0.0024472374934703,1060695700.0,1,dougui,0,False,30.08606518320215,82.43229239034585,143.44657497014407,180.89077410850274,263.5817916658656
2006-12-12,Salak,0.0,10.451401,14.237963,0.0,0.0,0.0,0.0,-15.819899073728996,0.1973877,Salak,0.0,,,0.0,0.0,0.0,429.826874,0.187978,1060754730.0,0,salak,0,False,0.0,0.0,0.0,0.0,0.0
2006-12-21,Gaklé,0.0,10.5222309,14.2649294,0.0,0.0,0.0,0.0,-15.924971778308231,0.19740295,Gaklé,0.0,10.524999999999965,14.275000000000018,0.0,0.0,0.0,419.5437927246094,0.1879784911870956,1060707270.0,0,gakle,0,False,0.0,0.0,0.0,0.0,0.0
2007-01-25,Tchatibali,0.0,,,0.0,0.0,0.0,0.0,-16.492238621722993,0.1973114,Tchatibali,0.0,,,0.0,0.0,0.0,351.9421081542969,0.0277432706207036,1060832320.0,0,tchatibali,0,False,0.0,0.0,0.0,0.0,0.0
2007-02-20,Wina,0.0,,,0.0,0.0,0.0,0.0,-16.12377577862122,0.19644165,Wina,0.0,,,0.0,0.0,0.0,332.6845397949219,0.0152405686676502,1060832320.0,0,wina,0,False,0.0,0.0,0.0,0.0,0.0
2007-02-25,Maroua II,0.0,10.6415798,14.3117543,0.0,0.0,0.0,0.0,-16.16373925069292,0.19598389,Maroua II,0.015625,,,0.015625,0.015625,0.015625,447.19036865234375,0.1879784911870956,1060707270.0,0,maroua ii,0,False,0.012092350475160309,0.014883799128630009,0.014883799128630231,0.015724589567734957,0.015724589567734957
2007-03-05,Harde,0.0,,,0.0,0.0,0.0,0.0,-16.0270928898429,0.19566345,Harde,2.15625,,,2.15625,2.15625,2.1875,416.6739807128906,0.1879784911870956,1060707270.0,0,harde,0,False,0.0,0.00012379244460055484,0.016093851670884268,0.01609385167088427,0.016934642109988993
2007-04-19,Makary,0.0,,,0.0,0.0,0.0,0.0,-11.610692660858506,0.18785095,Makary,0.0,,,0.0,0.0,0.0,288.9185791015625,0.0024472374934703,1060707270.0,1,makary,0,False,0.2797479767575821,0.3823692222799718,0.648917558923383,1.3638769884204411,1.3791801435119202
2007-05-11,Djarèngol,5.162907600402832,10.5252741,14.2073945,5.162907600402832,5.162907600402832,14.7038094997406,27.20982539653778,0.0467172078652122,0.19714355,Djarèngol,2.0625,,,2.0625,2.09375,2.0625,436.4678649902344,0.1879784911870956,1060707270.0,1,djarengol,0,False,3.352882711530805,12.471533403814657,22.71316578993496,27.204605479082023,27.59008637440439
2007-05-30,Kolofata,0.0,11.1405968,14.0155389,0.0,13.890569686889648,22.115929126739506,26.559361457824707,6.194076443958068,0.19425964,Kolofata,1.5625,11.124999999999972,14.025000000000016,1.5625,1.53125,1.53125,372.999755859375,0.0204014666378498,1060707270.0,1,kolofata,0,False,7.595252221478182,13.108367006359272,17.39153915473576,26.550055356367462,43.739766787588195
2007-08-05,Yagoua,10.018126487731934,10.2111589,15.2469254,10.018126487731934,20.036252975463867,48.148515701293945,113.85288333892822,32.31138894223031,0.4477234,Yagoua,0.75,10.22499999999996,15.225000000000032,0.640625,0.515625,0.703125,328.3748474121094,0.0152405686676502,1060832320.0,1,yagoua,1,True,9.312817690953828,29.14330368416626,85.40391710669458,118.56438367432945,166.77594723141502
2007-08-05,Guémé,9.69432544708252,10.4357646,15.0771989,9.69432544708252,19.38865089416504,59.468639850616455,113.80642938613892,45.59481090550706,0.4477234,Guémé,0.09375,,,0.09375,0.09375,0.0625,320.784423828125,0.0152405686676502,1060754730.0,1,gueme,1,False,15.067255064581474,47.638901070496274,113.15810153480989,157.35621942970704,206.26455431310583
2007-08-05,Maga,6.929173946380615,,,6.929173946380615,13.85834789276123,44.63506770133972,116.08741497993468,29.943500124579884,0.4477234,Maga,2.046875,,,2.75,1.71875,2.71875,308.7756652832031,0.1879784911870956,1060707270.0,1,maga,1,False,10.303750351331228,48.55907548756744,127.72648277816751,196.420063333539,247.72911988461715
2007-08-05,Doukoula,7.754149436950684,10.1185289,14.9710203,7.754149436950684,12.923582553863524,39.53889679908752,99.92481589317322,23.98663361212403,0.4477234,Doukoula,0.515625,,,0.46875,0.359375,0.515625,337.031921,0.187978,1060832320.0,1,doukoula,1,False,9.312817690953828,29.14330368416626,85.40391710669458,118.56438367432945,166.77594723141502
2007-08-12,Makary,2.1333861351013184,,,2.1333861351013184,11.74945306777954,30.981586933135983,57.54251909255981,19.37089427227748,0.404953,Makary,0.0625,,,0.046875,0.03125,0.015625,288.9185791015625,0.0024472374934703,1060707270.0,1,makary,0,False,15.911120213418275,43.01272012083129,91.57179560839873,170.7392028989988,247.88157766909117
2007-08-14,Dougui,0.0,12.6249042,14.9787219,0.0,3.58357048034668,25.867372274398804,52.39967203140259,14.425186444961236,0.46177673,Dougui,0.15625,12.624999999999991,14.975000000000028,0.1875,0.140625,0.0625,289.944580078125,0.0024472374934703,1060695700.0,1,dougui,0,False,5.821157687760182,29.054731258438384,57.7045243124412,125.60006093772864,201.98247706531373
2007-09-13,Djarèngol,0.0,10.5252741,14.2073945,0.0,2.403646469116211,11.413582921028135,65.04712545871735,-3.243509370847251,0.30838013,Djarèngol,2.90625,,,3.0,3.234375,3.609375,436.4678649902344,0.1879784911870956,1060707270.0,1,djarengol,0,False,4.1587124761758805,11.586319585664944,69.664895905715,144.42854873933524,189.1333967273786
2007-10-18,Mora,0.0,11.1556241,14.2395159,0.0,0.0,0.0,0.0,-15.179251375365746,0.19737244,Mora,0.0078125,11.174999999999972,14.225000000000016,0.0078125,0.0078125,0.0078125,332.70477294921875,0.0204014666378498,1060707270.0,1,mora,0,True,1.6908500487596334,2.2109995599495025,4.55162180367747,9.305970710700299,37.23101379613672
2007-11-12,Hina,0.0,10.3304094,13.822817,0.0,0.0,0.0,0.0,-18.424824189888792,0.1973877,Hina,0.0,10.32499999999996,13.825000000000012,0.0,0.0,0.0,627.6494750976562,0.0360344015061855,1060832310.0,0,hina,0,False,0.015674703242397572,0.063225937450772,0.206927458997908,17.377445079632835,24.45839295545211
2007-12-06,Mokolo,0.0,10.6648854,13.8506852,0.0,0.0,0.0,0.0,-18.825480446751826,0.1973877,Mokolo,0.0,10.674999999999963,13.875000000000012,0.0,0.0,0.0,741.9115600585938,0.0360344015061855,1060832310.0,0,mokolo,0,False,0.0,0.0,0.0,0.0,0.06393857237549329
2007-12-18,Guémé,0.0,10.4357646,15.0771989,0.0,0.0,0.0,0.0,-13.873828945109391,0.19740295,Guémé,0.0,,,0.0,0.0,0.0,320.784423828125,0.0152405686676502,1060754730.0,0,gueme,0,False,0.0,0.0,0.0004872936078589531,0.0005978025673024549,0.0005978025673024549
2007-12-29,Doukoula,0.0,10.1185289,14.9710203,0.0,0.0,0.0,0.0,-15.552263186963495,0.19741821,Doukoula,0.0,,,0.0,0.0,0.0,337.031921,0.187978,1060832320.0,0,doukoula,0,False,0.0,0.0,0.0,4.384700880360719e-05,0.0003906717875168964
2010-01-23,Moulvoudaye,0.0,,,0.0,0.0,0.0,0.0,-15.016429425716078,0.19729614,Moulvoudaye,0.0,,,0.0,0.0,0.0,335.166748046875,0.1879784911870956,1060754730.0,0,moulvoudaye,0,False,4.395800701295156e-07,4.395800754585861e-07,4.395800719058724e-07,4.395800719058724e-07,4.395800719058724e-07
2010-02-10,Vélé,0.0,,,0.0,0.0,0.0,0.0,-15.464989564906595,0.19650269,Vélé,12.875,,,13.71875,15.28125,16.625,318.514893,0.015241,1060754730.0,0,vele,0,False,0.0,0.0,3.1384429943335897e-12,4.3958321034886674e-07,4.3958321034886674e-07
2010-03-20,Datchéka,0.0,,,0.0,0.0,0.0,0.0,-16.06365376211541,0.19085693,Datchéka,0.0,,,0.0,0.0,0.0,343.99566650390625,0.0152405686676502,1060832320.0,0,datcheka,0,False,0.0005895618257940709,0.5021515824211213,0.5664483178099567,0.5664483178099567,0.5664483178099567
2010-04-29,Maroua I,1.4883443117141724,10.5403214,14.2894117,1.4883443117141724,5.953377366065979,12.933565974235536,19.913753867149357,-2.9775712340993934,0.18391418,Maroua I,0.0,,,0.0,0.0,0.0,410.5362854003906,0.1879784911870956,1060707270.0,1,maroua i,0,False,2.7400953579420184,5.093882689554444,7.072498483408812,7.248871174395006,7.3288332765832145
2010-12-01,Doukoula,0.0,10.1185289,14.9710203,0.0,0.0,0.0,0.0,-15.552263186963495,0.19741821,Doukoula,0.0,,,0.0,0.0,0.0,337.031921,0.187978,1060832320.0,0,doukoula,0,False,0.0,0.0,0.0,0.0,0.59053230029113
2011-02-20,Kousséri,0.0,12.0610872,14.9685362,0.0,0.0,0.0,0.0,-12.68282392508279,0.19717407,Kousséri,0.0,12.074999999999983,14.975000000000028,0.0,0.0,0.0,292.59002685546875,0.0024472374934703,1060707270.0,0,kousseri,0,False,0.0,0.0022734044425581908,0.003575788432706643,0.003911818822587522,0.003911818822587522
2011-05-22,Djarèngol,0.0,10.5252741,14.2073945,0.0,0.0,0.0,5.781430244445801,-14.657092291875388,0.19055176,Djarèngol,2.03125,,,2.03125,2.03125,2.03125,436.4678649902344,0.1879784911870956,1060707270.0,1,djarengol,0,False,0.3231241387763297,0.9639442456294924,3.7547497241813645,13.925075429690015,20.13355647709677
2011-06-02,Maroua I,2.927366256713867,10.5403214,14.2894117,2.927366256713867,2.927366256713867,18.750847578048703,29.885667085647583,2.839710369713778,0.20742798,Maroua I,0.0,,,0.0,0.0,0.0,410.5362854003906,0.1879784911870956,1060707270.0,1,maroua i,0,False,7.793591512088781,21.691905611427977,29.318394796643663,30.46154446476394,39.95372245166866
2011-06-09,Makary,0.0,,,0.0,0.0,3.878064870834351,24.05395555496216,-7.732627790024155,0.19676208,Makary,0.0,,,0.0,0.0,0.0,288.9185791015625,0.0024472374934703,1060707270.0,1,makary,0,False,8.079657641057782,19.481269384509694,41.17317499593768,48.79966418115336,50.08355503822665
2011-07-17,Kar-Hay,0.0,,,0.0,25.8264102935791,25.8264102935791,86.27882862091064,10.058387315065856,0.2064209,Kar-Hay,0.03125,,,0.015625,0.0,0.0,342.6171264648437,0.1879784911870956,1060832320.0,1,kar-hay,0,False,27.01249663062911,29.349228882210856,85.92350748431174,156.13501473116102,203.55441137274303
2011-08-16,Moulvoudaye,0.0,,,0.0,5.273232936859131,51.42438507080078,90.10668325424194,36.40795564508471,0.3546753,Moulvoudaye,0.0,,,0.0,0.0,0.0,335.166748046875,0.1879784911870956,1060754730.0,1,moulvoudaye,0,False,12.450456257149343,63.220025374631966,97.48551190627255,129.22178445483047,155.70483446655382
2011-08-21,Mokolo,0.0,10.6648854,13.8506852,0.0,20.58575820922852,52.19960165023804,110.30087423324584,33.37412120348621,0.3892212,Mokolo,1.796875,10.674999999999963,13.875000000000012,1.859375,1.546875,1.125,741.9115600585938,0.0360344015061855,1060832310.0,1,mokolo,0,False,17.135271686529038,47.817243108511356,94.46160258731877,160.7753097969905,191.10416275089722
2011-09-01,Moulvoudaye,3.804147481918335,,,3.804147481918335,21.262439489364624,51.81445002555847,99.45393180847168,36.7980205998424,0.42591858,Moulvoudaye,0.0,,,0.0,0.0,0.0,335.166748046875,0.1879784911870956,1060754730.0,1,moulvoudaye,0,False,21.781411121965156,54.267419121298495,108.69433203912904,168.54274021044156,232.15319731146346
2011-10-10,Hilé - Alifa,0.0,12.6840971,14.350398,0.0,0.0,7.263559103012085,7.263559103012085,-2.5439581612879394,0.20924377,Hilé - Alifa,0.0,12.674999999999994,14.37500000000002,0.0,0.0,0.0,282.8954772949219,0.0024472374934703,1060695540.0,1,hile - alifa,0,False,0.781294277953827,8.31973531640372,10.63083123938011,51.60366756514083,100.94100001659747
2011-10-11,Kaélé,0.0,,,0.0,0.0,6.640065670013428,24.5573513507843,-9.172734301996051,0.20672607,Kaélé,1.609375,,,1.71875,1.953125,2.0625,394.2374267578125,0.1879784911870956,1060832320.0,1,kaele,0,False,0.08688348610392217,8.096380155545136,25.537135579775054,48.192647454129904,103.56651613294879
2011-10-16,Maroua II,1.6388174295425415,10.6415798,14.3117543,1.6388174295425415,3.401898860931404,5.164980292320252,11.442270755767822,-10.998758958372669,0.19920349,Maroua II,0.015625,,,0.015625,0.0234375,0.0625,447.19036865234375,0.1879784911870956,1060707270.0,1,maroua ii,0,False,1.0169212061731763,4.411564807826948,12.477677372769838,18.955262083002033,50.913491946392625
2011-10-26,Yagoua,0.0,10.2111589,15.2469254,0.0,0.0,0.0,4.381681799888611,-15.837126759063636,0.19737244,Yagoua,0.0234375,10.22499999999996,15.225000000000032,0.046875,0.109375,0.2578125,328.3748474121094,0.0152405686676502,1060832320.0,1,yagoua,0,True,0.2792953665348615,2.1476174248447446,6.7854624063273965,19.444168484666942,41.632393229790374
2011-12-17,Maroua II,0.0,10.6415798,14.3117543,0.0,0.0,0.0,0.0,-16.16373925069292,0.19746399,Maroua II,0.015625,,,0.015625,0.015625,0.015625,447.19036865234375,0.1879784911870956,1060707270.0,0,maroua ii,0,False,0.0,0.0,8.20590401741933e-06,8.20590401741933e-06,8.20590401741933e-06
2012-01-03,Tchatibali,0.0,,,0.0,0.0,0.0,0.0,-16.492238621722993,0.19735718,Tchatibali,0.0,,,0.0,0.0,0.0,351.9421081542969,0.0277432706207036,1060832320.0,0,tchatibali,0,False,0.0,0.0,0.0,0.0,0.00013876704866370803
2012-04-21,Kar-Hay,0.0,,,0.0,2.685384750366211,6.713461875915527,6.713461875915527,-9.054561102597718,0.18840027,Kar-Hay,0.0,,,0.0,0.0,0.0,342.6171264648437,0.1879784911870956,1060832320.0,1,kar-hay,0,False,3.935726101389166,11.081241175805456,11.347800160198126,11.891202507860829,13.547842652688596
2012-05-02,Maga,0.0,,,0.0,0.0,0.0,1.9442871809005735,-14.691567576759835,0.18589783,Maga,1.65625,,,1.65625,1.6875,1.625,308.7756652832031,0.1879784911870956,1060707270.0,1,maga,0,False,0.3437474155910903,0.38373549106204563,1.7990346708838094,5.902151722781838,5.924950086780608
2012-05-08,Kaélé,0.0,,,0.0,5.032289028167725,5.032289028167725,11.33692216873169,-10.780510943841756,0.18461609,Kaélé,0.0,,,0.0,0.0,0.0,394.2374267578125,0.1879784911870956,1060832320.0,1,kaele,0,False,9.08779783930192,13.376314712935502,17.797571135661386,25.28661430450861,32.53902860953675
2012-05-25,Moulvoudaye,6.906789779663086,,,6.906789779663086,10.360184669494627,13.813579559326172,34.2361798286438,-1.202849866389906,0.19673157,Moulvoudaye,0.0,,,0.0,0.0,0.0,335.166748046875,0.1879784911870956,1060754730.0,1,moulvoudaye,0,False,9.284111743836217,11.805438240417823,32.44465433766425,49.919629569810034,50.97852835380292
2012-06-06,Gobo,9.833911895751951,10.0676925,15.4685991,9.833911895751951,29.60682487487793,36.19779539108277,76.71851873397827,20.268623189880977,0.21032715,Gobo,0.125,10.074999999999957,15.375,0.09375,0.0625,0.0625,332.77789306640625,0.0152405689255484,1060754730.0,1,gobo,0,False,20.19338658428445,26.678521047454087,58.01674972592731,74.7906262372145,97.06483166406899
2012-06-13,Hina,9.544883728027344,10.3304094,13.822817,9.544883728027344,19.089767456054688,30.374164581298828,63.71496915817261,11.949340391410036,0.24516296,Hina,0.0,10.32499999999996,13.825000000000012,0.0,0.0,0.0,627.6494750976562,0.0360344015061855,1060832310.0,1,hina,0,False,19.29100930708574,29.894553310029817,60.93114676870266,107.11456235543177,154.1436804424388
2012-07-10,Vélé,0.0,,,0.0,0.0,23.19654369354248,77.02361965179443,7.731554128635883,0.22792053,Vélé,78.515625,,,78.90625,71.171875,52.25,318.514893,0.015241,1060754730.0,1,vele,0,False,5.573819335848901,32.335642943194586,89.23378860218062,112.62247761414606,141.73225738183535
2012-08-06,Maroua II,0.0,10.6415798,14.3117543,0.0,22.299151897430427,44.59830379486084,97.493013381958,28.43456454416792,0.4230652,Maroua II,0.59375,,,0.65625,1.09375,0.34375,447.19036865234375,0.1879784911870956,1060707270.0,1,maroua ii,0,False,38.25390653100741,60.950598349143846,107.15030472541191,139.97319185161922,193.48207415497205
2012-08-10,Wina,27.459890365600582,,,27.459890365600582,27.459890365600582,98.6565990447998,135.90998220443726,82.53282326617858,0.289917,Wina,1.75,,,1.796875,1.390625,0.921875,332.6845397949219,0.0152405686676502,1060832320.0,1,wina,0,False,35.61394139239509,90.92050457293294,132.50623974919802,159.415401201468,244.8821991131599
2012-08-10,Guéré,23.002904891967773,,,23.002904891967773,30.67053985595703,98.50450992584229,130.06510162353516,82.56111010734247,0.289917,Guéré,0.234375,,,0.234375,0.171875,0.09375,326.00750732421875,0.0152405686676502,1060832320.0,1,guere,0,False,35.61394139239509,90.92050457293294,132.50623974919802,159.415401201468,244.8821991131599
2012-08-10,Guémé,28.47547149658203,10.4357646,15.0771989,28.47547149658203,35.59433937072754,102.99607849121094,135.75401496887207,89.12224954610154,0.289917,Guémé,0.046875,,,0.046875,0.046875,0.0625,320.784423828125,0.0152405686676502,1060754730.0,1,gueme,0,False,33.35575176820491,88.90366781834167,126.18842781297644,163.2952884413508,244.30150861218084
2012-08-10,Kar-Hay,26.08418655395508,,,26.08418655395508,26.08418655395508,97.4599723815918,132.98536491394043,81.69194940307855,0.289917,Kar-Hay,0.203125,,,0.21875,0.171875,0.109375,342.6171264648437,0.1879784911870956,1060832320.0,1,kar-hay,0,False,35.61394139239509,90.92050457293294,132.50623974919802,159.415401201468,244.8821991131599
2012-08-10,Datchéka,28.28509330749512,,,28.28509330749512,28.28509330749512,98.95362758636476,135.90099620819092,82.88997382424934,0.289917,Datchéka,1.109375,,,1.15625,0.9375,0.59375,343.99566650390625,0.0152405686676502,1060832320.0,1,datcheka,0,False,35.61394139239509,90.92050457293294,132.50623974919802,159.415401201468,244.8821991131599
2012-08-14,Datchéka,10.763656616210938,,,10.763656616210938,32.29096984863281,60.57606315612793,141.61609745025635,44.51240939401252,0.5117798,Datchéka,1.8125,,,1.46875,1.53125,0.9375,343.99566650390625,0.0152405686676502,1060832320.0,1,datcheka,0,False,32.92972998405771,71.97300950679731,135.06332033079778,186.51698497630332,237.96789001819576
2012-08-21,Wina,20.994997024536133,,,20.994997024536133,44.7620792388916,97.90042638778688,158.9854073524475,81.77665060916564,0.472229,Wina,3.796875,,,3.4375,3.75,2.796875,332.6845397949219,0.0152405686676502,1060832320.0,1,wina,0,False,41.71975806869157,83.82770933657822,155.80071884337556,218.891029667376,272.5447298010436
2012-08-22,Guéré,5.773805141448975,,,5.773805141448975,46.5774130821228,93.54180097579956,165.01277112960815,77.59840115729975,0.46325684,Guéré,0.515625,,,0.53125,0.484375,0.4375,326.00750732421875,0.0152405686676502,1060832320.0,1,guere,0,False,41.27897343616361,84.6511687208182,157.39033521044908,217.2677090651452,273.6785931229922
2012-08-23,Guémé,19.181228637695312,10.4357646,15.0771989,19.181228637695312,51.149943351745605,98.2720365524292,160.5192108154297,84.3982076073198,0.42741394,Guémé,0.109375,,,0.109375,0.109375,0.09375,320.784423828125,0.0152405686676502,1060754730.0,1,gueme,0,False,45.57457933241197,89.48555211479629,157.14001731417278,217.2646304608187,283.3146610667208
2012-08-23,Yagoua,19.438234329223636,10.2111589,15.2469254,19.438234329223636,45.35588264465332,104.97872591018675,176.3046851158142,89.14159915112313,0.42741394,Yagoua,1.15625,10.22499999999996,15.225000000000032,1.203125,1.046875,0.921875,328.3748474121094,0.0152405686676502,1060832320.0,1,yagoua,0,True,30.308811226422293,83.69045526180193,170.31567363274715,228.8615064955885,287.35769649652906
2012-08-26,Guémé,0.0,10.4357646,15.0771989,0.0,12.78748607635498,97.59606742858888,144.83122539520264,83.72223848347947,0.37705994,Guémé,0.1015625,,,0.109375,0.109375,0.109375,320.784423828125,0.0152405686676502,1060754730.0,1,gueme,0,False,10.966483365631044,81.08897825208598,136.26725869602427,199.9070263304871,265.50639805697546
2012-09-05,Blangoua,0.0,12.7744071,14.603641,0.0,18.52725982666016,42.62454795837402,84.56319236755371,34.07486368252804,0.39424133,Blangoua,4628.6797,12.774999999999997,14.625000000000025,4603.5703,4555.3047,4561.539,287.3567199707031,0.0024472374934703,1060695700.0,1,blangoua,0,False,21.78081944610505,59.45439064697088,109.39709114359819,173.34375623013557,243.6674199744769
2012-09-17,Maga,7.158581256866455,,,7.158581256866455,10.737871885299684,27.814898252487183,45.40475416183472,13.123330675727344,0.23852539,Maga,6.2265625,,,5.9765625,5.1953125,5.75,308.7756652832031,0.1879784911870956,1060707270.0,1,maga,1,False,20.225198010827356,43.01959949793989,81.64555667065768,135.62824342054532,225.2349542953208
2012-11-22,Salak,0.0,10.451401,14.237963,0.0,0.0,0.0,0.0,-15.819899073728996,0.19734192,Salak,0.0,,,0.0078125,0.0078125,0.0078125,429.826874,0.187978,1060754730.0,0,salak,0,False,0.0,0.0,0.02350450889239521,1.270944375560535,3.83340883945968
2012-12-21,Mozogo,0.0,11.0405929,13.8724737,0.0,0.0,0.0,0.0,-17.074110667291436,0.19747925,Mozogo,0.078125,11.02499999999997,13.875000000000012,0.078125,0.078125,0.078125,453.55511474609375,0.1944153159856796,1060707270.0,0,mozogo,0,False,0.0,0.0,0.0,0.00019181504795536076,0.00029481569369115446
2012-12-28,Mora,0.0,11.1556241,14.2395159,0.0,0.0,0.0,0.0,-15.179251375365746,0.1974945,Mora,0.0,11.174999999999972,14.225000000000016,0.0,0.0,0.0,332.70477294921875,0.0204014666378498,1060707270.0,0,mora,0,True,0.0,0.0,0.0,0.0,0.00019344193844668956
2013-01-19,Moulvoudaye,0.0,,,0.0,0.0,0.0,0.0,-15.016429425716078,0.19734192,Moulvoudaye,0.0,,,0.0,0.0,0.0,335.166748046875,0.1879784911870956,1060754730.0,0,moulvoudaye,0,False,0.0,0.0,0.0,0.0,0.0
2013-02-20,Dougui,0.0,12.6249042,14.9787219,0.0,0.0,0.0,0.0,-11.442185829437568,0.1968689,Dougui,0.0,12.624999999999991,14.975000000000028,0.0,0.0,0.0,289.944580078125,0.0024472374934703,1060695700.0,0,dougui,0,False,0.0004530933617678967,0.0004530933617854937,0.0004530933617889354,0.0004530933617889909,0.00048663970365032694
2013-04-15,Djarèngol,0.0,10.5252741,14.2073945,0.0,0.0,0.0,0.0,-14.657092291875388,0.18836975,Djarèngol,2.40625,,,2.40625,2.4375,2.46875,436.4678649902344,0.1879784911870956,1060707270.0,1,djarengol,0,False,0.12543461736785483,0.13046727858976168,1.022026038917876,1.5856739760312444,1.6493660217814636
2013-05-06,Darak,0.0,12.7712781,14.3276351,0.0,0.0,0.0,0.0,-8.351136941000373,0.1859436,Darak,0.0,12.774999999999997,14.32500000000002,0.0,0.0,0.0,282.91015625,0.0024472374934703,1060695540.0,1,darak,0,False,0.4976220641301758,0.7190954853039923,1.1361098926862727,4.8249545665153795,5.071904537888188
2013-06-05,Blangoua,0.0,12.7744071,14.603641,0.0,0.0,2.606886386871338,6.046772241592407,-5.942797888974644,0.20283508,Blangoua,126.78125,12.774999999999997,14.625000000000025,129.59375,137.71875,145.40625,287.3567199707031,0.0024472374934703,1060695700.0,1,blangoua,0,False,2.831996898225661,8.51619332005221,20.97200181252846,22.666200050513794,30.469846481110363
2013-06-27,Doukoula,4.651075839996338,10.1185289,14.9710203,4.651075839996338,14.511159896850586,28.928512573242188,44.85271763801575,13.376249386278692,0.22679138,Doukoula,0.015625,,,0.015625,0.0,0.0,337.031921,0.187978,1060832320.0,1,doukoula,0,False,14.377562423404552,28.30974699624703,42.27548503852814,58.78877111847064,87.22267130376537
2013-07-26,Harde,0.0,,,0.0,5.253801345825195,50.79888725280762,94.05728340148926,34.77179436296471,0.20858765,Harde,1.96875,,,2.046875,1.71875,2.59375,416.6739807128906,0.1879784911870956,1060707270.0,1,harde,0,False,4.858264902920507,40.409968581772524,93.95991692345105,132.253753122433,152.0987210675927
2013-09-27,Dougui,1.728369116783142,12.6249042,14.9787219,1.728369116783142,6.830422759056091,17.03453004360199,17.03453004360199,5.592344214164422,0.21588135,Dougui,0.015625,12.624999999999991,14.975000000000028,0.015625,0.015625,0.015625,289.944580078125,0.0024472374934703,1060695700.0,1,dougui,1,False,8.919043462562,32.79144476140837,39.28482024556982,67.49576793141529,111.444465705253
2013-09-27,Kai-Kai,0.0,10.6246579,14.9736643,0.0,6.664578437805176,35.63127422332764,46.85294055938721,20.706558992844293,0.21588135,Kai-Kai,0.0,10.624999999999964,14.975000000000028,0.0,0.0,0.0,313.0599670410156,0.1879784911870956,1060754730.0,1,kai-kai,1,False,9.776186899630243,38.43365070308536,51.58091515801026,77.22694562782735,125.54146917491211
2013-10-04,Mokolo,0.0,10.6648854,13.8506852,0.0,8.490127563476562,13.16623592376709,47.142454504966736,-5.659244522984732,0.19992065,Mokolo,1.234375,10.674999999999963,13.875000000000012,1.3125,1.2890625,1.3046875,741.9115600585938,0.0360344015061855,1060832310.0,1,mokolo,0,False,11.95358698612095,17.442105409796483,50.00247805948202,64.26695004427957,97.77510868625977
2013-11-26,Hilé - Alifa,0.0,12.6840971,14.350398,0.0,0.0,0.0,0.0,-9.807517264300024,0.19735718,Hilé - Alifa,0.0,12.674999999999994,14.37500000000002,0.0,0.0,0.0,282.8954772949219,0.0024472374934703,1060695540.0,0,hile - alifa,0,False,0.0,0.0,0.0,0.02995901919263401,0.21504893143451678
2015-01-25,Makary,0.0,,,0.0,0.0,0.0,0.0,-11.610692660858506,0.21858215,Makary,0.0,,,0.0,0.0,0.0,288.9185791015625,0.0024472374934703,1060707270.0,0,makary,0,False,0.0,0.0,0.0,0.0006926182433138928,0.0006926182433138928
2015-01-28,Darak,0.0,12.7712781,14.3276351,0.0,0.0,0.0,0.0,-8.351136941000373,0.03219223,Darak,0.0,12.774999999999997,14.32500000000002,0.0,0.0,0.0,282.91015625,0.0024472374934703,1060695540.0,0,darak,0,False,0.0002382915738669034,0.00023829157390420689,0.00023829157388821967,0.0003476934223469819,0.0003476934223398765
2015-02-17,Maga,0.0,,,0.0,0.0,0.0,0.0,-14.691567576759835,0.099990845,Maga,2.40625,,,2.40625,2.34375,2.46875,308.7756652832031,0.1879784911870956,1060707270.0,0,maga,0,False,0.0,0.0,0.0,7.3184420313973565e-06,0.0010619317721114018
2015-03-13,Darak,0.0,12.7712781,14.3276351,0.0,0.0,0.0,0.0,-8.351136941000373,0.025348663,Darak,0.0,12.774999999999997,14.32500000000002,0.0,0.0,0.0,282.91015625,0.0024472374934703,1060695540.0,0,darak,0,False,5.162495559857901e-06,5.162495597161395e-06,2.705712213880828e-05,0.012823951523766386,0.01584626492274882
2015-04-12,Moulvoudaye,0.0,,,0.0,0.0,0.0,6.815306842327118,-15.016429425716078,0.19392395,Moulvoudaye,0.0,,,0.0,0.0,0.0,335.166748046875,0.1879784911870956,1060754730.0,1,moulvoudaye,0,False,0.01811574022764959,1.2271630193939749,2.4105113649321686,3.5669902643194096,3.7512068990311738
2015-06-24,Maga,0.0,,,0.0,6.134583950042725,14.09397315979004,30.997772216796875,-0.5975944169697982,0.12081909,Maga,0.09375,,,0.09375,0.09375,0.09375,308.7756652832031,0.1879784911870956,1060707270.0,1,maga,0,False,8.064070577348039,21.817801574707428,35.694132908499085,56.924998272978364,67.77277545957402
2015-07-19,Kousséri,0.0,12.0610872,14.9685362,0.0,30.764694213867188,67.28525161743164,101.68606281280518,54.60242769234885,0.36938477,Kousséri,0.015625,12.074999999999983,14.975000000000028,0.015625,0.0,0.0,292.59002685546875,0.0024472374934703,1060707270.0,1,kousseri,0,False,25.265454300581343,53.937903116353446,97.44742971921323,129.67323905397828,154.7576227576643
2015-08-03,Kousséri,19.068084716796875,12.0610872,14.9685362,19.068084716796875,25.424113750457764,31.82917881011963,85.71751022338867,19.14635488503684,0.4151268,Kousséri,0.03125,12.074999999999983,14.975000000000028,0.015625,0.015625,0.015625,292.59002685546875,0.0024472374934703,1060707270.0,1,kousseri,0,False,24.65823385266281,38.16824946240995,90.12399693194743,154.14040564483054,202.97607915311175
2015-08-16,Harde,0.0,,,0.0,5.022618293762207,46.5307559967041,95.0035228729248,30.5036631068612,0.4463501,Harde,2.15625,,,2.171875,2.3125,1.84375,416.6739807128906,0.1879784911870956,1060707270.0,1,harde,0,False,8.721778141019312,33.231735667252124,89.8988784669956,116.75960680892847,200.43584032223603
2015-08-28,Makabaye,51.92924880981445,10.5764701,14.3011699,51.92924880981445,64.91156101226807,107.69137907028198,154.11324167251587,91.80361491295456,0.45352554,Makabaye,3.890625,10.574999999999964,14.32500000000002,4.09375,2.96875,2.859375,404.8264770507813,0.1879784911870956,1060707270.0,1,makabaye,1,False,48.011417458308195,79.91532859008215,118.93602837671813,155.18411159536683,219.94580937874295
2015-08-28,Gaklé,55.01326370239258,10.5222309,14.2649294,55.01326370239258,68.76657962799072,111.15334272384644,162.32061338424683,95.2283709455382,0.47581863,Gaklé,0.0,10.524999999999965,14.275000000000018,0.0,0.0,0.0,419.5437927246094,0.1879784911870956,1060707270.0,1,gakle,1,False,48.011417458308195,79.91532859008215,118.93602837671813,155.18411159536683,219.94580937874295
2015-08-28,Harde,48.23435592651367,,,48.23435592651367,60.29294490814209,102.8100061416626,151.2724781036377,86.78291325181969,0.5003357,Harde,3.171875,,,3.265625,2.578125,2.40625,416.6739807128906,0.1879784911870956,1060707270.0,1,harde,1,False,48.011417458308195,79.91532859008215,118.93602837671813,155.18411159536683,219.94580937874295
2015-08-28,Salak,49.584014892578125,10.451401,14.237963,49.584014892578125,61.980018615722656,104.36934804916382,155.53876781463623,88.54944897543483,0.4872589,Salak,0.09375,,,0.09375,0.0625,0.046875,429.826874,0.187978,1060754730.0,1,salak,1,False,44.8589698921524,77.21182843590239,124.31313095500386,163.559376856784,252.37504772493898
2015-08-29,Tchatibali,10.76620864868164,,,10.76620864868164,53.8310432434082,105.27589416503906,152.90027904510498,88.78365554331607,0.46488953,Tchatibali,0.640625,,,0.5625,0.421875,0.3125,351.9421081542969,0.0277432706207036,1060832320.0,1,tchatibali,0,False,45.2712892077405,79.90844416255618,126.2240234599307,162.53737597513523,252.1358142189867
2015-08-30,Mozogo,41.88347244262695,11.0405929,13.8724737,41.88347244262695,97.72810363769533,152.70697593688965,229.9573082923889,135.6328652695982,0.39521027,Mozogo,0.078125,11.02499999999997,13.875000000000012,0.09375,0.0625,0.03125,453.55511474609375,0.1944153159856796,1060707270.0,1,mozogo,0,False,55.60650862184771,91.00083237443211,146.27846425995546,179.5101999272076,247.5229414718197
2015-08-31,Mokolo,36.984825134277344,10.6648854,13.8506852,36.984825134277344,73.96965026855469,179.46449661254883,253.67305660247803,160.63901616579702,0.42588806,Mokolo,1.578125,10.674999999999963,13.875000000000012,1.40625,1.4375,1.21875,741.9115600585938,0.0360344015061855,1060832310.0,1,mokolo,0,False,52.90575334799218,149.0642248193984,214.77572026320652,273.9459230116584,351.47624794484125
2015-08-31,Mozogo,27.92231559753418,11.0405929,13.8724737,27.92231559753418,69.80578804016113,174.0815920829773,242.1714062690735,157.00748141568585,0.40896225,Mozogo,0.109375,11.02499999999997,13.875000000000012,0.078125,0.078125,0.046875,453.55511474609375,0.1944153159856796,1060707270.0,1,mozogo,0,False,54.63491510968511,103.71803581425344,156.77678650810145,196.72052465637688,266.01641901498897
2015-09-01,Hilé - Alifa,23.79003143310547,12.6840971,14.350398,23.79003143310547,50.455519676208496,83.7873764038086,93.3608045578003,73.97985913950856,0.32039642,Hilé - Alifa,0.0,12.674999999999994,14.37500000000002,0.0,0.0,0.0,282.8954772949219,0.0024472374934703,1060695540.0,1,hile - alifa,0,False,59.90671172305714,97.25360350731691,122.2405383491778,174.07759463588337,235.0619971787701
2015-09-01,Darak,21.6037712097168,12.7712781,14.3276351,21.6037712097168,47.1126594543457,72.62154769897461,80.56991076469421,64.27041075797423,0.20541382,Darak,0.0,12.774999999999997,14.32500000000002,0.0,0.0,0.0,282.91015625,0.0024472374934703,1060695540.0,1,darak,0,False,59.90671172305714,97.25360350731691,122.2405383491778,174.07759463588337,235.0619971787701
2015-09-01,Mozogo,10.36782932281494,11.0405929,13.8724737,10.36782932281494,80.17361736297607,177.9017219543457,236.8310179710388,160.82761128705425,0.4099388,Mozogo,0.125,11.02499999999997,13.875000000000012,0.109375,0.09375,0.0625,453.55511474609375,0.1944153159856796,1060707270.0,1,mozogo,0,False,65.6855905870549,116.46826307246911,155.41427525017522,206.3264481464949,269.6860282733162
2015-09-01,Mokolo,9.345108032226562,10.6648854,13.8506852,9.345108032226562,83.31475830078125,181.94095516204837,250.6274480819702,163.11547471529653,0.4283409,Mokolo,1.5625,10.674999999999963,13.875000000000012,1.578125,1.453125,1.28125,741.9115600585938,0.0360344015061855,1060832310.0,1,mokolo,0,False,55.4410722284434,153.88478921830182,211.62071717163317,272.52913529897353,344.4368397405685
2015-09-02,Guéré,0.0,,,0.0,33.865854263305664,76.75966835021973,138.53636026382446,60.81626853171991,0.35916138,Guéré,0.296875,,,0.296875,0.265625,0.203125,326.00750732421875,0.0152405686676502,1060832320.0,1,guere,0,False,23.203211887351493,83.09379963169859,138.87414242168578,187.05300640541793,264.5223125380385
2015-09-04,Gobo,20.828893661499023,10.0676925,15.4685991,20.828893661499023,31.24334049224853,107.7484359741211,147.81815433502197,91.8192637729193,0.36180496,Gobo,3.53125,10.074999999999957,15.375,3.46875,3.625,2.828125,332.77789306640625,0.0152405689255484,1060754730.0,1,gobo,0,False,15.724732368642336,65.36594134742646,142.57776978332885,189.6790723024303,261.92933844276547
2015-09-17,Makabaye,6.808174133300781,10.5764701,14.3011699,6.808174133300781,25.685007095336918,38.269561767578125,102.05253505706789,22.381797610250704,0.44447708,Makabaye,3.75,10.574999999999964,14.32500000000002,3.7734375,3.5546875,3.953125,404.8264770507813,0.1879784911870956,1060707270.0,1,makabaye,0,False,20.384056343002648,38.23491277386202,81.21430810841315,172.29161772711666,238.59069880907904
2015-09-28,Makary,0.0,,,0.0,7.450018405914307,18.18291044235229,97.42977571487428,6.572217781493789,0.27653503,Makary,0.0078125,,,0.0078125,0.0078125,0.015625,288.9185791015625,0.0024472374934703,1060707270.0,1,makary,0,False,9.494436955417896,29.914821233794584,87.54692680923279,121.50084203528971,216.02488461218883
2015-10-07,Salak,3.61274528503418,10.451401,14.237963,3.61274528503418,3.61274528503418,15.806849956512451,37.90895223617554,-0.0130491172165445,0.41261292,Salak,0.0234375,,,0.03125,0.0234375,0.0234375,429.826874,0.187978,1060754730.0,1,salak,0,False,3.241593699954759,15.866359488313558,39.35722151293705,88.09617150980827,152.22268996262017
2016-01-19,Kaélé,0.0,,,0.0,0.0,0.0,0.0,-15.81279997200948,0.19770813,Kaélé,0.0,,,0.0,0.0,0.0,394.2374267578125,0.1879784911870956,1060832320.0,0,kaele,0,False,0.0,0.0,0.0,3.4898124744516935e-07,3.4898124744516935e-07
2016-02-11,Makary,0.0,,,0.0,0.0,0.0,0.0,-11.610692660858506,0.21865845,Makary,0.0,,,0.0,0.0,0.0,288.9185791015625,0.0024472374934703,1060707270.0,0,makary,0,False,0.0,0.00012126891356961261,0.00012126891358426755,0.00012126891358426755,0.00012126891358426755
2016-02-12,Tchatibali,0.0,,,0.0,0.0,0.0,0.0,-16.492238621722993,0.1855011,Tchatibali,0.0,,,0.0,0.0,0.0,351.9421081542969,0.0277432706207036,1060832320.0,0,tchatibali,0,False,0.0,0.0,0.0,0.0,0.0
2016-03-15,Darak,0.0,12.7712781,14.3276351,0.0,0.0,0.0,0.0,-8.351136941000373,0.021785736,Darak,0.0,12.774999999999997,14.32500000000002,0.0,0.0,0.0,282.91015625,0.0024472374934703,1060695540.0,0,darak,0,False,0.008480500362801255,0.008480500362842055,0.013377304073588834,0.013377304073588779,0.014465249154017529
2016-04-02,Doukoula,0.0,10.1185289,14.9710203,0.0,0.0,0.0,0.0,-15.552263186963495,0.10826111,Doukoula,0.0,,,0.0,0.0,0.0,337.031921,0.187978,1060832320.0,1,doukoula,0,False,0.0,0.17862029097777896,3.144305359301556,3.3127218266496175,3.336133101747843
2016-04-09,Makary,0.0,,,0.0,0.0,0.0,0.0,-11.610692660858506,0.22007751,Makary,0.0,,,0.0,0.0,0.0,288.9185791015625,0.0024472374934703,1060707270.0,1,makary,0,False,0.6562295195774075,1.5156005533634427,1.666949630937004,1.9230214705536457,2.054744168787438
2016-04-29,Mokolo,0.0,10.6648854,13.8506852,0.0,6.063248157501221,6.063248157501221,10.01499342918396,-12.7622322892506,0.13881302,Mokolo,0.0,10.674999999999963,13.875000000000012,0.0,0.0,0.0,741.9115600585938,0.0360344015061855,1060832310.0,1,mokolo,0,False,5.820520452058748,6.761216471016544,12.6934921890057,24.828770222582605,30.24227902953611
2016-05-09,Maroua I,4.435934066772461,10.5403214,14.2894117,4.435934066772461,8.871868133544922,16.845454692840576,23.05462121963501,0.934317484505648,0.20951843,Maroua I,0.0,,,0.0,0.0,0.0,410.5362854003906,0.1879784911870956,1060707270.0,1,maroua i,0,False,8.052933553275787,10.88780314085701,12.944784312232956,12.957329363497328,18.289505665154657
2016-05-11,Wina,3.4287145137786865,,,3.4287145137786865,8.377389192581177,18.27473855018616,31.871011972427368,2.150962771564938,0.11367798,Wina,0.0,,,0.0,0.0,0.0,332.6845397949219,0.0152405686676502,1060832320.0,1,wina,0,False,12.961212818261584,22.10929900843419,33.20487047868568,39.23334634083935,53.94336353526164
2016-07-18,Dougui,33.33675765991211,12.6249042,14.9787219,33.33675765991211,46.67146110534668,113.20314598083496,164.5453324317932,101.7609601513974,0.35972214,Dougui,0.015625,12.624999999999991,14.975000000000028,0.0,0.0,0.0,289.944580078125,0.0024472374934703,1060695700.0,1,dougui,0,False,35.63226426441617,85.87090039616838,127.90264449237797,157.87880615848292,215.6004851529013
2016-07-18,Blangoua,25.32511329650879,12.7744071,14.603641,25.32511329650879,40.52018070220947,85.2841534614563,124.14620876312256,76.73446918561032,0.33540726,Blangoua,264.8125,12.774999999999997,14.625000000000025,245.04688,229.1875,219.25,287.3567199707031,0.0024472374934703,1060695700.0,1,blangoua,0,False,35.63226426441617,85.87090039616838,127.90264449237797,157.87880615848292,215.6004851529013
2016-07-18,Kousséri,36.50292205810547,12.0610872,14.9685362,36.50292205810547,45.62865257263184,112.6208667755127,147.26770305633545,99.93804285042992,0.45311356,Kousséri,0.0625,12.074999999999983,14.975000000000028,0.03125,0.015625,0.015625,292.59002685546875,0.0024472374934703,1060707270.0,1,kousseri,0,False,39.97483334684614,87.41295491256764,121.27462353545366,149.66277493796443,205.6020809317034
2016-07-18,Makary,23.647464752197266,,,23.647464752197266,47.29493045806885,116.75718021392822,152.5700750350952,105.14648755306972,0.43772888,Makary,0.0,,,0.0,0.0,0.0,288.9185791015625,0.0024472374934703,1060707270.0,1,makary,0,False,39.97483334684614,87.41295491256764,121.27462353545366,149.66277493796443,205.6020809317034
2016-07-19,Makary,0.0,,,0.0,29.559330940246586,99.39161777496338,142.96059226989746,87.78092511410487,0.4353485,Makary,0.0,,,0.0,0.0,0.0,288.9185791015625,0.0024472374934703,1060707270.0,1,makary,0,False,29.269619788193342,79.5434924872247,117.12512209149496,148.9888921768281,199.38893935897102
2016-07-20,Hilé - Alifa,11.294726371765137,12.6840971,14.350398,11.294726371765137,33.88417911529541,83.68159484863281,114.39917421340942,73.87407758433278,0.34157562,Hilé - Alifa,0.0,12.674999999999994,14.37500000000002,0.0,0.0,0.0,282.8954772949219,0.0024472374934703,1060695540.0,1,hile - alifa,0,False,36.290244432470054,75.9700173311158,106.09027990719574,135.97384802588303,166.08251267892783
2016-07-20,Makary,11.823732376098633,,,11.823732376098633,35.4711971282959,102.5325689315796,151.0409798622131,90.92187627072109,0.4005127,Makary,0.0,,,0.0,0.0,0.0,288.9185791015625,0.0024472374934703,1060707270.0,1,makary,0,False,37.80628763086465,85.81081623651437,120.53401822572613,157.93569503510045,205.97391810256866
2016-07-28,Mora,0.0,11.1556241,14.2395159,0.0,6.320379734039307,39.101590633392334,121.8504433631897,23.92233925802659,0.316967,Mora,0.09375,11.174999999999972,14.225000000000016,0.09375,0.078125,0.15625,332.70477294921875,0.0204014666378498,1060707270.0,1,mora,0,True,11.534514591345264,38.6916362382347,111.96578852947789,161.1768939291336,198.9814179517299
2016-08-22,Zina,0.0,11.2302296,14.8939423,0.0,10.652535438537598,23.95971298217773,92.18929719924928,9.297664059387818,0.31650543,Zina,0.0,11.224999999999971,14.875000000000028,0.0,0.0,0.0,303.95135498046875,0.0204014666378498,1060707270.0,1,zina,0,False,10.262646968038048,20.157270096893335,79.43324770296718,127.47726258878366,207.58134490542736
2016-10-18,Hilé - Alifa,0.0,12.6840971,14.350398,0.0,0.0,0.0,11.23207139968872,-9.807517264300024,0.06964111,Hilé - Alifa,0.0,12.674999999999994,14.37500000000002,0.0,0.0,0.0,282.8954772949219,0.0024472374934703,1060695540.0,1,hile - alifa,0,False,0.0,3.2538845450065574,5.849201603606541,5.98684162524805,26.21956934196307
2016-12-24,Gaklé,0.0,10.5222309,14.2649294,0.0,0.0,0.0,0.0,-15.924971778308231,0.19747543,Gaklé,0.0,10.524999999999965,14.275000000000018,0.0,0.0,0.0,419.5437927246094,0.1879784911870956,1060707270.0,0,gakle,0,False,0.0,0.0,1.5339586095320957e-05,0.013251865141758426,0.013251865141758426
2016-12-31,Darak,0.0,12.7712781,14.3276351,0.0,0.0,0.0,0.0,-8.351136941000373,0.03288269,Darak,0.0,12.774999999999997,14.32500000000002,0.0,0.0,0.0,282.91015625,0.0024472374934703,1060695540.0,0,darak,0,False,0.0,0.0,0.0,1.8153518894795489e-06,0.0027289713925830786
2017-01-22,Blangoua,0.0,12.7744071,14.603641,0.0,0.0,0.0,0.0,-8.549684275845982,0.13327026,Blangoua,117.28125,12.774999999999997,14.625000000000025,119.09375,127.53125,144.90625,287.3567199707031,0.0024472374934703,1060695700.0,0,blangoua,0,False,0.0,0.0,0.0,0.0,0.0
2017-01-23,Hilé - Alifa,0.0,12.6840971,14.350398,0.0,0.0,0.0,0.0,-9.807517264300024,0.06462479,Hilé - Alifa,0.0,12.674999999999994,14.37500000000002,0.0,0.0,0.0,282.8954772949219,0.0024472374934703,1060695540.0,0,hile - alifa,0,False,3.1138420785943435e-05,3.1138420814809233e-05,3.1138420807703806e-05,4.476870677842146e-05,4.4768706771316035e-05
2017-01-28,Moulvoudaye,0.0,,,0.0,0.0,0.0,0.0,-15.016429425716078,0.19818115,Moulvoudaye,0.0,,,0.0,0.0,0.0,335.166748046875,0.1879784911870956,1060754730.0,0,moulvoudaye,0,False,0.0,0.0,0.0,0.0,0.0
2017-02-13,Hilé - Alifa,0.0,12.6840971,14.350398,0.0,0.0,0.0,0.0,-9.807517264300024,0.062274933,Hilé - Alifa,0.0,12.674999999999994,14.37500000000002,0.0,0.0,0.0,282.8954772949219,0.0024472374934703,1060695540.0,0,hile - alifa,0,False,0.0,2.2863475776645086e-05,0.00037334530741636046,0.00039756415955197167,0.00042870258035257
2017-02-25,Tchatibali,0.0,,,0.0,0.0,0.0,0.0,-16.492238621722993,0.18519592,Tchatibali,0.0,,,0.0,0.0,0.0,351.9421081542969,0.0277432706207036,1060832320.0,0,tchatibali,0,False,0.0,0.0,2.070359519104334e-05,2.070359519104334e-05,2.070359519104334e-05
2017-04-30,Hina,0.0,10.3304094,13.822817,0.0,0.0,7.207037687301636,7.207037687301636,-11.217786502587156,0.18915558,Hina,0.0,10.32499999999996,13.825000000000012,0.0,0.0,0.0,627.6494750976562,0.0360344015061855,1060832310.0,1,hina,0,False,1.1044523528317451,8.757008037994558,9.097398330320162,25.600896471478062,26.964842280137237
2017-06-04,Hilé - Alifa,0.0,12.6840971,14.350398,0.0,7.497422933578491,13.721329927444458,22.59882664680481,3.9138126631444337,0.07931137,Hilé - Alifa,0.0,12.674999999999994,14.37500000000002,0.0,0.0,0.0,282.8954772949219,0.0024472374934703,1060695540.0,1,hile - alifa,0,False,9.093488285292942,14.463605679478912,24.412517049739765,29.8877107077105,34.66999335691884
2017-06-20,Vélé,0.0,,,0.0,5.428794860839844,15.034008502960203,43.92157220840454,-0.4309810619463921,0.13606262,Vélé,37.40625,,,39.1875,42.5,32.03125,318.514893,0.015241,1060754730.0,1,vele,0,False,4.377465361782452,12.631543214462116,49.22145070563211,66.13010207486603,95.37864562825774
2017-06-28,Kar-Hay,6.370116710662842,,,6.370116710662842,25.480464458465576,31.08237838745117,52.41158723831177,15.314355408937926,0.19488525,Kar-Hay,0.0,,,0.0,0.0,0.0,342.6171264648437,0.1879784911870956,1060832320.0,1,kar-hay,0,False,22.02754623079873,28.00536577446745,55.48867063244867,91.46305461120231,130.53126936229265
2017-08-10,Maroua I,0.0,10.5403214,14.2894117,0.0,12.862713813781738,32.156784534454346,98.13577461242676,16.245647326119418,0.39190674,Maroua I,0.0,,,0.0,0.0,0.0,410.5362854003906,0.1879784911870956,1060707270.0,1,maroua i,0,False,23.164335922672244,41.510683796155185,94.02573498629785,137.29948165104918,190.75016763011004
2017-09-01,Zina,0.0,11.2302296,14.8939423,0.0,0.0,41.98388576507568,83.67158508300781,27.32183684228577,0.370327,Zina,0.0390625,11.224999999999971,14.875000000000028,0.046875,0.0,0.0,303.95135498046875,0.0204014666378498,1060707270.0,1,zina,1,False,0.19384535317106466,33.7017174161565,57.83308230053213,115.56322648746628,203.3448405020613
2017-09-13,Maroua II,0.0,10.6415798,14.3117543,0.0,0.0,6.1358160972595215,26.72715759277344,-10.0279231534334,0.386734,Maroua II,0.203125,,,0.0546875,0.125,0.5,447.19036865234375,0.1879784911870956,1060707270.0,1,maroua ii,0,False,0.7140399620489193,5.756043816986986,26.971739784634373,62.32423394371544,122.57875435907512
2017-09-14,Makary,7.43507719039917,,,7.43507719039917,7.43507719039917,14.440601348876951,35.197248697280884,2.829908688018447,0.3348236,Makary,0.015625,,,0.015625,0.015625,0.0234375,288.9185791015625,0.0024472374934703,1060707270.0,1,makary,0,False,4.513623062750147,9.546899689985356,30.69931070345032,65.14326065589349,119.0799209999031
2017-09-22,Makary,0.0,,,0.0,21.934160232543945,43.86832046508789,69.67631411552429,32.25762780422939,0.26559448,Makary,0.0078125,,,0.0078125,0.0078125,0.015625,288.9185791015625,0.0024472374934703,1060707270.0,1,makary,0,False,17.034790719412946,36.28592375316414,64.73308278233036,86.46748536542917,121.9238619477569
2017-10-03,Maroua I,5.679675102233887,10.5403214,14.2894117,5.679675102233887,5.679675102233887,19.626176834106445,55.10375118255615,3.715039625771517,0.2893219,Maroua I,0.0,,,0.0,0.0,0.0,410.5362854003906,0.1879784911870956,1060707270.0,1,maroua i,0,False,3.6172525254550307,13.200218219416664,47.55469975687703,90.15584096480784,109.79230223772893
2018-01-26,Moulvoudaye,0.0,,,0.0,0.0,0.0,0.0,-15.016429425716078,0.19844055,Moulvoudaye,0.0,,,0.0,0.0,0.0,335.166748046875,0.1879784911870956,1060754730.0,0,moulvoudaye,0,False,0.0,0.0,0.0,0.0,0.0
2018-02-08,Hilé - Alifa,0.0,12.6840971,14.350398,0.0,0.0,0.0,0.0,-9.807517264300024,0.06503677,Hilé - Alifa,0.0,12.674999999999994,14.37500000000002,0.0,0.0,0.0,282.8954772949219,0.0024472374934703,1060695540.0,0,hile - alifa,0,False,0.0,0.0,4.899614029988355e-06,0.00011982010820287167,0.00012126884834126581
2018-02-13,Guéré,0.0,,,0.0,0.0,0.0,0.0,-15.94339981849981,0.100357056,Guéré,0.0,,,0.0,0.0,0.0,326.00750732421875,0.0152405686676502,1060832320.0,0,guere,0,False,0.0,0.0,0.0,0.0008260821729128347,0.0008260821729128347
2018-02-20,Zina,0.0,11.2302296,14.8939423,0.0,0.0,0.0,0.0,-14.662048922789916,0.08457565,Zina,0.0,11.224999999999971,14.875000000000028,0.0,0.0,0.0,303.95135498046875,0.0204014666378498,1060707270.0,0,zina,0,False,0.0,0.0,0.0,0.0,3.932919934085817e-06
2018-03-06,Gobo,0.0,10.0676925,15.4685991,0.0,0.0,0.0,0.1544158458709716,-15.929172201201787,0.077739716,Gobo,0.0,10.074999999999957,15.375,0.0,0.0,0.0,332.77789306640625,0.0152405689255484,1060754730.0,0,gobo,0,False,0.0,0.05425718512457374,0.09151462329419457,0.09151462329419452,0.09151462329419452
2018-03-08,Gobo,0.0,10.0676925,15.4685991,0.0,0.0,0.0,0.1544158458709716,-15.929172201201787,0.07728577,Gobo,0.0,10.074999999999957,15.375,0.0,0.0,0.0,332.77789306640625,0.0152405689255484,1060754730.0,0,gobo,0,False,0.0,0.0004718820826491467,0.09116509978454866,0.09151462329419452,0.09151462329419452
2018-03-25,Gaklé,0.0,10.5222309,14.2649294,0.0,2.0366740226745605,2.0366740226745605,2.0366740226745605,-13.88829775563367,0.19416428,Gaklé,0.0,10.524999999999965,14.275000000000018,0.0,0.0,0.0,419.5437927246094,0.1879784911870956,1060707270.0,0,gakle,0,False,0.8575589500092408,0.8659617424775276,0.8659617424775381,0.8824777451241791,0.9281459928491749
2018-03-27,Maga,0.0,,,0.0,0.0,0.9565263986587524,0.9565263986587524,-13.735041178101085,0.09550476,Maga,1.5,,,1.5625,1.65625,1.625,308.7756652832031,0.1879784911870956,1060707270.0,0,maga,0,False,0.0016207245539679284,0.8669446101015824,0.866944610101593,0.883460612748234,0.9272985679328595
2018-05-10,Dougui,0.0,12.6249042,14.9787219,0.0,4.1048455238342285,4.1048455238342285,4.1048455238342285,-7.337340305603339,0.121665955,Dougui,0.0,12.624999999999991,14.975000000000028,0.0,0.0,0.0,289.944580078125,0.0024472374934703,1060695700.0,1,dougui,0,False,4.399473337231262,10.696663584242337,17.651720415578556,18.914697397342707,20.07057224683663
2018-05-16,Hilé - Alifa,0.0,12.6840971,14.350398,0.0,1.2015882730484009,3.604764819145202,7.337073922157288,-6.202752445154822,0.06985474,Hilé - Alifa,0.0,12.674999999999994,14.37500000000002,0.0,0.0,0.0,282.8954772949219,0.0024472374934703,1060695540.0,1,hile - alifa,0,False,2.7504395545733007,6.676006981125446,11.2704684610377,12.90781682935916,15.554324784392652
2018-05-20,Darak,0.0,12.7712781,14.3276351,0.0,0.0,0.3921209573745727,2.2683740854263306,-7.9590159836258,0.033756256,Darak,0.0,12.774999999999997,14.32500000000002,0.0,0.0,0.0,282.91015625,0.0024472374934703,1060695540.0,1,darak,0,False,0.5101520269170257,4.982618169903765,12.68032286520027,14.845326238327134,15.585573818153813
2018-06-04,Darak,0.0,12.7712781,14.3276351,0.0,0.0,0.0,6.509283542633057,-8.351136941000373,0.028419495,Darak,0.0,12.774999999999997,14.32500000000002,0.0,0.0,0.0,282.91015625,0.0024472374934703,1060695540.0,1,darak,0,False,3.067288063634821,4.597972143673422,13.494625519195793,16.67117981275976,26.549468817199134
2018-06-08,Zina,0.0,11.2302296,14.8939423,0.0,5.542946815490723,17.015300750732422,42.73614025115967,2.353251827942506,0.0909462,Zina,0.0,11.224999999999971,14.875000000000028,0.0,0.0,0.0,303.95135498046875,0.0204014666378498,1060707270.0,1,zina,0,False,4.950653024995464,14.529635806684258,32.8517082628844,42.96184054933957,58.60272933722409
2018-06-17,Yagoua,4.977766513824463,10.2111589,15.2469254,4.977766513824463,14.933299541473389,34.06551122665405,50.41826772689819,18.228384467590416,0.18773651,Yagoua,0.0,10.22499999999996,15.225000000000032,0.0,0.0,0.0,328.3748474121094,0.0152405686676502,1060832320.0,1,yagoua,0,True,17.178499948588154,38.15363053387689,58.490952566213714,99.4718614988904,120.127544065155
2018-07-09,Hina,13.752174377441406,10.3304094,13.822817,13.752174377441406,34.38043594360352,39.570613384246826,49.89483451843262,21.145789194358034,0.3474579,Hina,0.0625,10.32499999999996,13.825000000000012,0.0625,0.0625,0.109375,627.6494750976562,0.0360344015061855,1060832310.0,1,hina,0,False,34.51199399771677,37.709346737139754,54.9897109304323,76.01083628512143,107.03164329231488
2018-08-06,Maroua II,0.0,10.6415798,14.3117543,0.0,12.558653354644782,41.03858137130737,78.53688335418701,24.874842120614453,0.45861816,Maroua II,0.1875,,,0.390625,0.296875,0.265625,447.19036865234375,0.1879784911870956,1060707270.0,1,maroua ii,0,False,13.780111616788911,35.825064887846786,69.1356393954372,88.56469088073719,144.31029541396384
2018-08-17,Hina,73.82457733154297,10.3304094,13.822817,73.82457733154297,101.6772689819336,174.0550594329834,231.35941219329837,155.6302352430946,0.4647827,Hina,0.328125,10.32499999999996,13.825000000000012,0.171875,0.203125,0.203125,627.6494750976562,0.0360344015061855,1060832310.0,1,hina,0,False,81.15554505184016,162.6763482327268,219.43958649032055,253.79501718160242,291.7267987682616
2018-08-18,Harde,7.825782299041748,,,7.825782299041748,77.77025365829468,150.47925424575806,191.3550810813904,134.45216135591517,0.47843933,Harde,2.75,,,2.84375,1.921875,1.984375,416.6739807128906,0.1879784911870956,1060707270.0,1,harde,0,False,30.51477017186135,84.87900370241006,124.0500377387821,163.31705624073282,199.45879524338037
2018-08-18,Kaélé,6.615691184997559,,,6.615691184997559,89.55279922485352,145.21428680419922,200.76798343658447,129.40148683218973,0.4010315,Kaélé,2.765625,,,2.640625,2.234375,1.96875,394.2374267578125,0.1879784911870956,1060832320.0,1,kaele,0,False,42.73031292913511,80.3719792957962,145.4838692124305,180.5683591929537,217.40049721996337
2018-08-18,Gaklé,7.768605709075928,10.5222309,14.2649294,7.768605709075928,81.39359617233276,149.07396173477173,191.12296628952024,133.1489899564635,0.47700882,Gaklé,0.0,10.524999999999965,14.275000000000018,0.0,0.0,0.0,419.5437927246094,0.1879784911870956,1060707270.0,1,gakle,0,False,30.51477017186135,84.87900370241006,124.0500377387821,163.31705624073282,199.45879524338037
2018-08-18,Hina,14.647303581237791,10.3304094,13.822817,14.647303581237791,101.84901428222656,174.22680473327637,246.00671577453613,155.80198054338757,0.44280624,Hina,0.375,10.32499999999996,13.825000000000012,0.328125,0.1875,0.1875,627.6494750976562,0.0360344015061855,1060832310.0,1,hina,0,False,93.61378200283596,159.88175153043807,229.63665537056326,266.47822582198614,303.04032798868644
2018-08-18,Salak,8.290287971496582,10.451401,14.237963,8.290287971496582,83.3894100189209,155.16434383392334,198.07498168945312,139.34444476019434,0.47451782,Salak,0.09375,,,0.09375,0.03125,0.0625,429.826874,0.187978,1060754730.0,1,salak,0,False,41.27915833920102,90.0319739088568,131.69839397216532,174.52369544152543,215.93005862007692
2018-08-18,Maroua II,7.270500659942627,10.6415798,14.3117543,7.270500659942627,77.94137144088745,148.52189207077026,191.94447946548465,132.35815282007735,0.47843933,Maroua II,0.484375,,,0.734375,0.125,0.109375,447.19036865234375,0.1879784911870956,1060707270.0,1,maroua ii,0,False,30.51477017186135,84.87900370241006,124.0500377387821,163.31705624073282,199.45879524338037
2018-08-18,Maroua I,7.768605709075928,10.5403214,14.2894117,7.768605709075928,81.39359617233276,149.07396173477173,191.12296628952024,133.1628245264368,0.47587585,Maroua I,0.0,,,0.0,0.0,0.0,410.5362854003906,0.1879784911870956,1060707270.0,1,maroua i,0,False,30.51477017186135,84.87900370241006,124.0500377387821,163.31705624073282,199.45879524338037
2018-08-19,Kaélé,9.5714693069458,,,9.5714693069458,86.77375411987305,154.78575611114502,200.03742122650144,138.97295613913553,0.4233551,Kaélé,2.703125,,,2.765625,2.078125,1.890625,394.2374267578125,0.1879784911870956,1060832320.0,1,kaele,0,False,39.45299580081017,86.7547106736695,142.3541828064495,176.51922370432095,219.47456507993329
2018-08-20,Hina,13.174748420715332,10.3304094,13.822817,13.174748420715332,39.99447059631348,185.09841346740723,258.26985931396484,166.67358927751843,0.4173813,Hina,0.328125,10.32499999999996,13.825000000000012,0.359375,0.328125,0.171875,627.6494750976562,0.0360344015061855,1060832310.0,1,hina,0,False,35.81323893237918,163.38651786300983,243.25831525325862,277.07183666192776,310.7915558567401
2018-08-20,Tchatibali,7.1713948249816895,,,7.1713948249816895,16.164038062095642,104.6812356710434,147.76629102230072,88.1889970493204,0.4605255,Tchatibali,0.671875,,,0.65625,0.65625,0.4375,351.9421081542969,0.0277432706207036,1060832320.0,1,tchatibali,0,False,22.681191849700312,87.03776437225656,154.14964357945274,187.62299868673597,226.63849545370144
2018-08-20,Kaélé,8.570138931274414,,,8.570138931274414,24.757299423217773,163.35589504241943,208.60756015777588,147.54309507040995,0.437912,Kaélé,2.625,,,2.703125,2.640625,2.015625,394.2374267578125,0.1879784911870956,1060832320.0,1,kaele,0,False,22.681191849700312,87.03776437225656,154.14964357945274,187.62299868673597,226.63849545370144
2018-08-20,Datchéka,7.231855392456055,,,7.231855392456055,15.65454089641571,101.18145644664764,145.16019141674042,85.11780268453224,0.37850952,Datchéka,1.671875,,,1.609375,1.5625,1.109375,343.99566650390625,0.0152405686676502,1060832320.0,1,datcheka,0,False,22.681191849700312,87.03776437225656,154.14964357945274,187.62299868673597,226.63849545370144
2018-08-26,Hilé - Alifa,27.866941452026367,12.6840971,14.350398,27.866941452026367,58.28014659881592,83.90988326072693,139.28585171699524,74.1023659964269,0.40039444,Hilé - Alifa,0.0,12.674999999999994,14.37500000000002,0.0,0.0,0.0,282.8954772949219,0.0024472374934703,1060695540.0,1,hile - alifa,0,False,33.314698249347344,58.319744012275024,106.59336368247091,150.95540654637216,203.35088884813268
2018-08-28,Blangoua,15.722862243652344,12.7744071,14.603641,15.722862243652344,39.30715370178223,80.83688592910767,118.27568995952606,72.28720165326169,0.31983566,Blangoua,924.1094,12.774999999999997,14.625000000000025,819.375,738.3594,616.6406,287.3567199707031,0.0024472374934703,1060695700.0,1,blangoua,0,False,33.188537580072534,67.02738545578202,111.58075006275743,184.83029655144838,226.4106693002579
2018-08-28,Makary,24.51079750061035,,,24.51079750061035,49.0215950012207,98.03582763671876,145.45885348320007,86.42513497586025,0.44869995,Makary,0.015625,,,0.015625,0.015625,0.015625,288.9185791015625,0.0024472374934703,1060707270.0,1,makary,0,False,33.43959739581765,78.5413003353281,131.40180393897998,217.15497850796189,262.0897824275277
2018-08-28,Darak,14.787774085998535,12.7712781,14.3276351,14.787774085998535,36.969435691833496,77.28480052947998,107.28605651855467,68.9336635884796,0.27905655,Darak,0.0,12.774999999999997,14.32500000000002,0.0,0.0,0.0,282.91015625,0.0024472374934703,1060695540.0,1,darak,0,False,23.923562282355853,61.820215814760004,92.01779736529323,156.90119371539717,214.01501900324354
2018-08-28,Hilé - Alifa,13.933470726013184,12.6840971,14.350398,13.933470726013184,41.80041217803955,90.46154069900513,128.35097908973694,80.6540234347051,0.3198166,Hilé - Alifa,0.0,12.674999999999994,14.37500000000002,0.0,0.0,0.0,282.8954772949219,0.0024472374934703,1060695540.0,1,hile - alifa,0,False,23.923562282355853,61.820215814760004,92.01779736529323,156.90119371539717,214.01501900324354
2018-08-29,Darak,0.0,12.7712781,14.3276351,0.0,14.787774085998535,72.24537992477417,107.28605651855467,63.89424298377379,0.24629593,Darak,0.0,12.774999999999997,14.32500000000002,0.0,0.0,0.0,282.91015625,0.0024472374934703,1060695540.0,1,darak,0,False,13.6570049453638,59.822424016793164,94.3866885119521,141.34766640404743,210.500337089648
2018-08-29,Hilé - Alifa,0.0,12.6840971,14.350398,0.0,13.933470726013184,84.37889957427979,128.35097908973694,74.57138230997975,0.3020401,Hilé - Alifa,0.0,12.674999999999994,14.37500000000002,0.0,0.0,0.0,282.8954772949219,0.0024472374934703,1060695540.0,1,hile - alifa,0,False,13.6570049453638,59.822424016793164,94.3866885119521,141.34766640404743,210.500337089648
2018-09-02,Vélé,0.0,,,0.0,25.644090175628666,64.52113199234009,102.09214210510254,49.05614242743349,0.40400696,Vélé,1448.9375,,,1426.4375,1317.9531,895.0469,318.514893,0.015241,1060754730.0,1,vele,0,False,22.939404065857953,68.57797745567747,112.55163835656678,202.09664603345766,256.1942504512071
2018-10-03,Guéré,5.557074546813965,,,5.557074546813965,11.11414909362793,23.80655193328857,49.70420265197754,7.863152114788765,0.3134308,Guéré,0.5234375,,,0.5625,0.515625,0.5234375,326.00750732421875,0.0152405686676502,1060832320.0,1,guere,0,False,9.925553382691106,24.237484924619167,50.99937030517991,89.12562944013584,152.1117183473234
2018-10-16,Wina,0.0,,,0.0,0.0,2.281257390975952,13.365072250366213,-13.842518387645269,0.14575195,Wina,1.265625,,,1.421875,1.765625,2.5390625,332.6845397949219,0.0152405686676502,1060832320.0,1,wina,0,False,0.11087838745581947,6.191313325128786,22.61616899048937,42.80954951090881,82.49593046749095
2018-11-15,Tchatibali,0.0,,,0.0,0.0,0.0,0.0,-16.492238621722993,0.1855774,Tchatibali,0.0,,,0.0,0.0,0.0,351.9421081542969,0.0277432706207036,1060832320.0,0,tchatibali,0,False,4.6200428670500414e-05,4.62004286340851e-05,0.7477385052568961,10.989778656429127,17.6383750722228
2018-11-28,Doukoula,0.0,10.1185289,14.9710203,0.0,0.0,0.0,0.0,-15.552263186963495,0.10899353,Doukoula,0.0,,,0.0,0.0,0.0,337.031921,0.187978,1060832320.0,0,doukoula,0,False,0.0,0.0,0.0,4.620042862697967e-05,0.760757533925495
2018-12-25,Makabaye,0.0,10.5764701,14.3011699,0.0,0.0,0.0,0.0,-15.88776415732742,0.20484543,Makabaye,2.765625,10.574999999999964,14.32500000000002,2.78125,2.78125,2.78125,404.8264770507813,0.1879784911870956,1060707270.0,0,makabaye,0,False,8.628030482047296e-05,9.84148253137213e-05,9.841482532793216e-05,9.841482532793216e-05,0.0015061633325224597
2018-12-30,Kai-Kai,0.0,10.6246579,14.9736643,0.0,0.0,0.0,0.0,-14.924715230483343,0.09549332,Kai-Kai,0.0,10.624999999999964,14.975000000000028,0.0,0.0,0.0,313.0599670410156,0.1879784911870956,1060754730.0,0,kai-kai,0,False,0.0,0.0,0.0,0.0,0.008562914346433647
2019-01-07,Harde,0.0,,,0.0,0.0,0.0,0.0,-16.0270928898429,0.20480347,Harde,2.6875,,,2.6875,2.6875,2.71875,416.6739807128906,0.1879784911870956,1060707270.0,0,harde,0,False,3.121701330038449e-05,0.002542166642605008,0.0026181249868930823,0.002640581467947151,0.002640581467947151
2019-01-19,Guéré,0.0,,,0.0,0.0,0.0,0.0,-15.94339981849981,0.100860596,Guéré,0.0,,,0.0,0.0,0.0,326.00750732421875,0.0152405686676502,1060832320.0,0,guere,0,False,0.0,0.0,0.0,0.0014691245918908127,0.0014691245918908127
2019-01-21,Yagoua,0.0,10.2111589,15.2469254,0.0,0.0,0.0,0.0,-15.837126759063636,0.15833282,Yagoua,0.0,10.22499999999996,15.225000000000032,0.0,0.0,0.0,328.3748474121094,0.0152405686676502,1060832320.0,0,yagoua,0,True,0.0,0.0,0.0,0.0014691245918908127,0.0014691245918908127
2019-01-21,Hilé - Alifa,0.0,12.6840971,14.350398,0.0,0.0,0.0,0.0,-9.807517264300024,0.065662384,Hilé - Alifa,0.0,12.674999999999994,14.37500000000002,0.0,0.0,0.0,282.8954772949219,0.0024472374934703,1060695540.0,0,hile - alifa,0,False,0.0,0.0,1.6640642292548337e-05,0.0003294430896046644,0.00034576281029977194
2019-01-26,Hilé - Alifa,0.0,12.6840971,14.350398,0.0,0.0,0.0,0.0,-9.807517264300024,0.06497574,Hilé - Alifa,0.0,12.674999999999994,14.37500000000002,0.0,0.0,0.0,282.8954772949219,0.0024472374934703,1060695540.0,0,hile - alifa,0,False,0.0,0.0,0.0,1.6640642292548337e-05,0.000329443089597559
2019-04-24,Maroua II,0.8531643152236938,10.6415798,14.3117543,0.8531643152236938,3.71710407733918,10.39634621143341,17.42517626285553,-5.76739303925951,0.20458984,Maroua II,0.0,,,0.0,0.0,0.0,447.19036865234375,0.1879784911870956,1060707270.0,1,maroua ii,0,False,3.0686426189725178,3.9622141283846086,6.589205991919915,7.009250582695084,7.083309581362595
2019-04-24,Darak,2.162877717637457e-05,12.7712781,14.3276351,2.162877717637457e-05,1.3111318868795934,1.3111318868795934,2.6897968572775426,-7.04000505412078,0.018016815,Darak,0.0,12.774999999999997,14.32500000000002,0.0,0.0,0.0,282.91015625,0.0024472374934703,1060695540.0,1,darak,0,False,2.037606339232509,2.2076525083557756,4.930097637473055,5.352639832251202,5.361137146008199
2019-05-31,Mozogo,0.0,11.0405929,13.8724737,0.0,24.341745376586918,60.356770157814026,77.9685674905777,43.28265949052259,0.3420639,Mozogo,0.03125,11.02499999999997,13.875000000000012,0.03125,0.03125,0.03125,453.55511474609375,0.1944153159856796,1060707270.0,1,mozogo,0,False,21.671700731007668,45.13896666415715,61.24808144280743,70.7895274444811,84.44392313128955
2019-08-29,Darak,23.530216217041016,12.7712781,14.3276351,23.530216217041016,35.29532432556152,80.40748023986816,108.9500834941864,72.05634329886779,0.3232422,Darak,0.015625,12.774999999999997,14.32500000000002,0.015625,0.0,0.0,282.91015625,0.0024472374934703,1060695540.0,1,darak,0,False,37.601784845115404,88.90247020297761,129.89113729044243,171.9619906076046,211.0748080342404
2019-08-29,Blangoua,23.575538635253903,12.7744071,14.603641,23.575538635253903,35.36330795288086,83.4729814529419,104.9013671875,74.92329717709592,0.37067413,Blangoua,2057.1562,12.774999999999997,14.625000000000025,2018.6094,1941.3125,1498.5,287.3567199707031,0.0024472374934703,1060695700.0,1,blangoua,0,False,28.66762918480041,65.11626647932613,96.89884451853246,121.4657343484898,185.46919218736787
2019-08-30,Darak,0.0,12.7712781,14.3276351,0.0,23.530216217041016,70.87975215911865,105.78093767166138,62.52861521811828,0.2937088,Darak,0.0,12.774999999999997,14.32500000000002,0.015625,0.0,0.0,282.91015625,0.0024472374934703,1060695540.0,1,darak,0,False,23.942748683773193,73.05439197647921,127.54275959254079,170.49077252853397,207.07129968168647
2019-09-14,Kaélé,4.570765018463135,,,4.570765018463135,9.14153003692627,32.615222692489624,69.35996222496033,16.802422720480145,0.47564697,Kaélé,4.5234375,,,4.46875,4.875,5.5703125,394.2374267578125,0.1879784911870956,1060832320.0,1,kaele,0,False,4.864926494914805,31.120048795334927,67.7987062358987,135.19716045025734,204.8508607441703
2019-10-01,Zina,6.180963039398193,11.2302296,14.8939423,6.180963039398193,42.10856103897095,71.8771424293518,89.00174951553345,57.21509350656189,0.29006577,Zina,0.046875,11.224999999999971,14.875000000000028,0.046875,0.0390625,0.0390625,303.95135498046875,0.0204014666378498,1060707270.0,1,zina,1,False,36.75408191810917,54.575867563757726,69.29901618677991,116.77753631359344,164.14413675917154
2019-11-01,Doukoula,0.0,10.1185289,14.9710203,0.0,0.0,6.6880316734313965,19.490237951278687,-8.864231513532099,0.25205994,Doukoula,0.8359375,,,0.8984375,1.03125,1.296875,337.031921,0.187978,1060832320.0,0,doukoula,0,False,0.16414682264777594,17.15654201113592,44.08499453854415,64.70487625170507,112.46247487339843
2019-11-06,Hilé - Alifa,0.0,12.6840971,14.350398,0.0,0.0,0.0,0.0,-9.807517264300024,0.069927216,Hilé - Alifa,0.0,12.674999999999994,14.37500000000002,0.0,0.0,0.0,282.8954772949219,0.0024472374934703,1060695540.0,0,hile - alifa,0,False,0.0,0.0002582499979755264,7.607406279529388,18.797676562785977,42.37938309561488
2019-11-09,Vélé,0.0,,,0.0,0.0,0.0,9.554272651672363,-15.464989564906595,0.15612793,Vélé,661.08594,,,731.875,850.0078,1131.3594,318.514893,0.015241,1060754730.0,0,vele,0,False,0.0,0.0,6.8314620854924035,21.375635515107106,43.21543839830055
2019-11-18,Dougui,0.0,12.6249042,14.9787219,0.0,0.0,0.0,0.0,-11.442185829437568,0.11410141,Dougui,0.0,12.624999999999991,14.975000000000028,0.0,0.0078125,0.0078125,289.944580078125,0.0024472374934703,1060695700.0,0,dougui,0,False,0.0,0.025287379141963082,0.050832399799605195,0.050832399799605195,21.36676864718929
2019-11-20,Tchatibali,0.0,,,0.0,0.0,0.0,0.0,-16.492238621722993,0.18699646,Tchatibali,0.03125,,,0.1015625,0.203125,0.3125,351.9421081542969,0.0277432706207036,1060832320.0,0,tchatibali,0,False,0.0,0.003176007992638904,0.07074824696090792,0.07132175143464797,30.28655129696253
2019-12-06,Kolofata,0.0,11.1405968,14.0155389,0.0,0.0,0.0,0.0,-15.921852682781434,0.11333847,Kolofata,3.1875,11.124999999999972,14.025000000000016,3.1875,3.203125,3.234375,372.999755859375,0.0204014666378498,1060707270.0,0,kolofata,0,False,0.0,1.9210097478752647e-05,0.000774744359231708,0.0010400433737079648,0.3315221750013903
2020-01-06,Mozogo,0.0,11.0405929,13.8724737,0.0,0.0,0.0,0.0,-17.074110667291436,0.11432648,Mozogo,0.125,11.02499999999997,13.875000000000012,0.125,0.109375,0.109375,453.55511474609375,0.1944153159856796,1060707270.0,0,mozogo,0,False,0.0,0.0,0.0,0.0,0.0
2020-01-14,Kai-Kai,0.0,10.6246579,14.9736643,0.0,0.0,0.0,0.0,-14.924715230483343,0.09619522,Kai-Kai,0.03125,10.624999999999964,14.975000000000028,0.03125,0.03125,0.03125,313.0599670410156,0.1879784911870956,1060754730.0,0,kai-kai,0,False,0.0,0.0,0.0,0.0,0.0
2020-03-28,Maga,0.0,,,0.0,0.0,0.460826963186264,0.460826963186264,-14.230740613573571,0.09832764,Maga,3.65625,,,3.6875,3.6875,3.625,308.7756652832031,0.1879784911870956,1060707270.0,0,maga,0,False,0.043830079414759714,0.5649932918286175,0.5680600084049364,0.6607065788896382,0.732307540015595
2020-03-30,Maga,0.0,,,0.0,0.0,0.460826963186264,0.460826963186264,-14.230740613573571,0.09802246,Maga,3.625,,,3.625,3.6875,3.625,308.7756652832031,0.1879784911870956,1060707270.0,0,maga,0,False,0.0,0.5486934852145231,0.5680600084049364,0.6607065788896382,0.732307540015595
2020-04-20,Kaélé,0.0,,,0.0,0.0,0.0,2.6473000049591064,-15.81279997200948,0.19589233,Kaélé,0.0,,,0.0,0.0,0.0,394.2374267578125,0.1879784911870956,1060832320.0,1,kaele,0,False,1.5721316093564708,1.572542591661885,7.936523258696876,10.900919262842802,13.193217601816812
2020-05-16,Zina,0.0,11.2302296,14.8939423,0.0,4.946057796478272,9.892115592956545,23.109783172607425,-4.769933329833373,0.092243195,Zina,0.0,11.224999999999971,14.875000000000028,0.0,0.0,0.0,303.95135498046875,0.0204014666378498,1060707270.0,1,zina,0,False,0.7027442936579402,6.6183991804455236,16.267579939919425,22.961521416133742,23.286639688093132
2020-05-29,Kai-Kai,0.0,10.6246579,14.9736643,0.0,4.143740653991699,8.65743625164032,18.688272129974507,-6.267278978843024,0.09641647,Kai-Kai,0.0,10.624999999999964,14.975000000000028,0.0,0.0,0.0,313.0599670410156,0.1879784911870956,1060754730.0,1,kai-kai,0,False,4.2987257263647365,11.321731608447532,22.272028241273116,29.55461506573392,50.14541570406684
2020-07-18,Makabaye,0.9779674410820008,10.5764701,14.3011699,0.9779674410820008,4.963384985923767,19.721518635749817,49.172523617744446,3.833754478422396,0.43139648,Makabaye,2.390625,10.574999999999964,14.32500000000002,2.359375,2.5625,3.25,404.8264770507813,0.1879784911870956,1060707270.0,1,makabaye,0,False,3.203265533645286,17.039733249027122,52.901867534183936,78.56565957448414,94.54630663045329
2020-08-20,Gobo,25.273645401000977,10.0676925,15.4685991,25.273645401000977,56.86570262908936,100.10422229766846,123.3971471786499,84.17505009646666,0.3248253,Gobo,2.75,10.074999999999957,15.375,2.75,3.03125,1.96875,332.77789306640625,0.0152405689255484,1060754730.0,1,gobo,0,False,33.99536717261298,64.39363630993014,97.4894601793635,155.04654152519709,218.73920653521176
2020-08-21,Gobo,0.0,10.0676925,15.4685991,0.0,37.910468101501465,100.10422229766846,123.3971471786499,84.17505009646666,0.32756424,Gobo,2.890625,10.074999999999957,15.375,2.75,2.890625,2.859375,332.77789306640625,0.0152405689255484,1060754730.0,1,gobo,0,False,34.64443550569419,72.49631471676159,105.50556924566429,163.56890333355267,227.18621997232938
2020-08-22,Wina,27.737045288085938,,,27.737045288085938,48.85672664642334,100.86993312835692,138.72235107421875,84.74615734973571,0.36412048,Wina,5.03125,,,4.28125,1.921875,2.265625,332.6845397949219,0.0152405686676502,1060832320.0,1,wina,0,False,47.740536815613616,97.01995808935831,126.72032512622054,155.87604049377086,237.84929744215336
2020-08-22,Guéré,23.1143798828125,,,23.1143798828125,46.52565813064575,98.88060998916626,131.21183729171753,82.93721017066645,0.3387146,Guéré,0.3671875,,,0.390625,0.34375,0.40625,326.00750732421875,0.0152405686676502,1060832320.0,1,guere,0,False,47.740536815613616,97.01995808935831,126.72032512622054,155.87604049377086,237.84929744215336
2020-08-22,Yagoua,26.85000228881836,10.2111589,15.2469254,26.85000228881836,65.87558364868164,115.1686019897461,160.31128358840942,99.33147523068246,0.40221024,Yagoua,1.6328125,10.22499999999996,15.225000000000032,1.65625,1.40625,1.703125,328.3748474121094,0.0152405686676502,1060832320.0,1,yagoua,0,True,47.740536815613616,97.01995808935831,126.72032512622054,155.87604049377086,237.84929744215336
2020-08-22,Gobo,24.70699119567871,10.0676925,15.4685991,24.70699119567871,49.98063659667969,113.16475105285645,148.1041383743286,97.23557885165464,0.2958107,Gobo,2.8359375,10.074999999999957,15.375,2.890625,2.75,3.25,332.77789306640625,0.0152405689255484,1060754730.0,1,gobo,0,False,48.597397217390466,92.28231216011157,128.0788722923952,178.3986807415981,243.17106445926362
2020-08-22,Datchéka,33.52027893066406,,,33.52027893066406,50.78707313537598,104.1074161529541,140.46444034576416,88.0437623908387,0.36756897,Datchéka,3.4453125,,,3.1875,1.109375,1.28125,343.99566650390625,0.0152405686676502,1060832320.0,1,datcheka,0,False,47.740536815613616,97.01995808935831,126.72032512622054,155.87604049377086,237.84929744215336
2020-08-26,Hina,0.0,10.3304094,13.822817,0.0,30.78495407104492,94.85050010681152,168.9698405265808,76.42567591692273,0.46375656,Hina,0.5703125,10.32499999999996,13.825000000000012,0.609375,0.359375,0.125,627.6494750976562,0.0360344015061855,1060832310.0,1,hina,0,False,28.57945331136078,85.39890141325208,157.25765091479747,157.74742958644768,245.66423844497785
2020-08-30,Maroua I,9.65986442565918,10.5403214,14.2894117,9.65986442565918,106.25849723815918,142.00153350830078,198.54968452453613,126.09039629996585,0.48712158,Maroua I,0.0859375,,,0.0859375,0.0625,0.0078125,410.5362854003906,0.1879784911870956,1060707270.0,1,maroua i,0,False,70.44980383560409,107.10485555933633,177.0928415003782,221.44769749872847,282.5447806638754
2020-08-30,Kolofata,25.80892562866211,11.1405968,14.0155389,25.80892562866211,103.2357063293457,143.7041082382202,232.29202127456665,127.78225555543878,0.3933258,Kolofata,12.640625,11.124999999999972,14.025000000000016,14.640625,21.257812,161.52344,372.999755859375,0.0204014666378498,1060707270.0,1,kolofata,0,False,70.44980383560409,107.10485555933633,177.0928415003782,221.44769749872847,282.5447806638754
2020-08-31,Harde,31.226533889770508,,,31.226533889770508,93.67959785461426,174.17580604553223,233.6740655899048,158.14871315568934,0.45718384,Harde,10.59375,,,10.28125,10.0703125,7.9453125,416.6739807128906,0.1879784911870956,1060707270.0,1,harde,0,False,68.35735179971243,127.99885909172858,191.4643928083928,241.4715037523922,299.53018408801415
2020-08-31,Kolofata,12.904462814331056,11.1405968,14.0155389,12.904462814331056,77.42677879333496,156.60857105255127,233.34269189834595,140.68671836976984,0.38116455,Kolofata,11.3984375,11.124999999999972,14.025000000000016,12.640625,17.164062,83.92969,372.999755859375,0.0204014666378498,1060707270.0,1,kolofata,0,False,68.35735179971243,127.99885909172858,191.4643928083928,241.4715037523922,299.53018408801415
2020-08-31,Guéré,17.322345733642578,,,17.322345733642578,43.30586624145508,93.36014461517334,166.06327867507937,77.41674479667353,0.3609619,Guéré,0.5390625,,,0.5703125,0.5,0.4609375,326.00750732421875,0.0152405686676502,1060832320.0,1,guere,0,False,53.754890936061926,102.25454410116323,170.86304050535682,229.34995310330473,259.1090332924386
2020-08-31,Gaklé,28.979591369628903,10.5222309,14.2649294,28.979591369628903,86.93877220153809,170.9811248779297,222.0866289138794,155.05615309962147,0.48025894,Gaklé,0.0703125,10.524999999999965,14.275000000000018,0.0859375,0.0703125,0.078125,419.5437927246094,0.1879784911870956,1060707270.0,1,gakle,0,False,68.35735179971243,127.99885909172858,191.4643928083928,241.4715037523922,299.53018408801415
2020-08-31,Salak,27.31989860534668,10.451401,14.237963,27.31989860534668,91.06632995605467,159.3603630065918,235.58990383148196,143.5404639328628,0.4648285,Salak,0.2734375,,,0.328125,0.328125,0.5078125,429.826874,0.187978,1060754730.0,1,salak,0,False,71.29640756608488,127.44753055721267,193.5910148912397,250.5909026875154,306.8230126923193
2020-08-31,Kousséri,36.16271209716797,12.0610872,14.9685362,36.16271209716797,72.32542419433594,113.59233856201172,161.30505847930908,100.90951463692892,0.47005463,Kousséri,0.078125,12.074999999999983,14.975000000000028,0.09375,0.078125,0.109375,292.59002685546875,0.0024472374934703,1060707270.0,1,kousseri,0,False,68.35735179971243,127.99885909172858,191.4643928083928,241.4715037523922,299.53018408801415
2020-08-31,Maga,30.72925567626953,,,30.72925567626953,81.94468307495117,134.20578575134277,186.5273928642273,119.51421817458294,0.38723755,Maga,24.375,,,23.585938,22.632812,31.726562,308.7756652832031,0.1879784911870956,1060707270.0,1,maga,0,False,68.35735179971243,127.99885909172858,191.4643928083928,241.4715037523922,299.53018408801415
2020-08-31,Makary,30.71150779724121,,,30.71150779724121,53.74513816833496,96.027410030365,133.86323022842407,84.41671736950649,0.46658325,Makary,0.0234375,,,0.0234375,0.0234375,0.0234375,288.9185791015625,0.0024472374934703,1060707270.0,1,makary,0,False,68.35735179971243,127.99885909172858,191.4643928083928,241.4715037523922,299.53018408801415
2020-08-31,Yagoua,22.79664421081543,10.2111589,15.2469254,22.79664421081543,45.59328842163086,100.13657665252686,187.13773918151853,84.29944989346322,0.4389801,Yagoua,2.296875,10.22499999999996,15.225000000000032,2.4140625,2.2578125,2.2421875,328.3748474121094,0.0152405686676502,1060832320.0,1,yagoua,0,True,53.754890936061926,102.25454410116323,170.86304050535682,229.34995310330473,259.1090332924386
2020-08-31,Mozogo,21.164268493652344,11.0405929,13.8724737,21.164268493652344,74.0749397277832,155.6845531463623,251.7098970413208,138.61044247907083,0.39116287,Mozogo,0.3984375,11.02499999999997,13.875000000000012,0.4140625,0.390625,0.3203125,453.55511474609375,0.1944153159856796,1060707270.0,1,mozogo,0,False,68.35735179971243,127.99885909172858,191.4643928083928,241.4715037523922,299.53018408801415
2020-08-31,Maroua I,28.979591369628903,10.5403214,14.2894117,28.979591369628903,86.93877220153809,170.9811248779297,222.0866289138794,155.06998766959475,0.46636963,Maroua I,0.0703125,,,0.0859375,0.0703125,0.078125,410.5362854003906,0.1879784911870956,1060707270.0,1,maroua i,1,False,68.35735179971243,127.99885909172858,191.4643928083928,241.4715037523922,299.53018408801415
2020-08-31,Maroua II,32.10846328735352,10.6415798,14.3117543,32.10846328735352,85.62256717681888,165.11519050598145,216.751898765564,148.95145125528853,0.45718384,Maroua II,1.1875,,,0.4921875,1.546875,4.8515625,447.19036865234375,0.1879784911870956,1060707270.0,1,maroua ii,1,False,68.35735179971243,127.99885909172858,191.4643928083928,241.4715037523922,299.53018408801415
2020-08-31,Makabaye,37.80723190307617,10.5764701,14.3011699,37.80723190307617,100.8192834854126,179.27083683013916,229.80461168289185,163.38307267281175,0.47797775,Makabaye,12.2421875,10.574999999999964,14.32500000000002,11.5859375,11.8125,10.5546875,404.8264770507813,0.1879784911870956,1060707270.0,1,makabaye,0,False,68.35735179971243,127.99885909172858,191.4643928083928,241.4715037523922,299.53018408801415
2020-08-31,Zina,23.48743057250977,11.2302296,14.8939423,23.48743057250977,62.63314437866211,111.37069463729858,175.37193775177002,96.70864571450866,0.38388062,Zina,0.0546875,11.224999999999971,14.875000000000028,0.0703125,0.0703125,0.203125,303.95135498046875,0.0204014666378498,1060707270.0,1,zina,0,False,68.35735179971243,127.99885909172858,191.4643928083928,241.4715037523922,299.53018408801415
2020-08-31,Mora,22.04765892028809,11.1556241,14.2395159,22.04765892028809,66.1429796218872,124.72932815551758,180.56552696228027,109.55007678015184,0.37732315,Mora,1.2421875,11.174999999999972,14.225000000000016,1.546875,2.8984375,23.5,332.70477294921875,0.0204014666378498,1060707270.0,1,mora,0,True,68.35735179971243,127.99885909172858,191.4643928083928,241.4715037523922,299.53018408801415
2020-08-31,Dougui,28.244949340820312,12.6249042,14.9787219,28.244949340820312,56.48989868164063,104.13644218444824,145.34275722503662,92.69425635501068,0.3689804,Dougui,0.0546875,12.624999999999991,14.975000000000028,0.0546875,0.0546875,0.046875,289.944580078125,0.0024472374934703,1060695700.0,1,dougui,0,False,56.00619517357144,105.77285484402105,162.8957410274697,212.00879471548768,285.25026704908987
2020-08-31,Kai-Kai,34.22867584228516,10.6246579,14.9736643,34.22867584228516,77.0145263671875,128.92587280273438,192.58619499206543,114.00115757225105,0.39164352,Kai-Kai,0.0390625,10.624999999999964,14.975000000000028,0.0390625,0.0234375,0.015625,313.0599670410156,0.1879784911870956,1060754730.0,1,kai-kai,0,False,71.29640756608488,127.44753055721267,193.5910148912397,250.5909026875154,306.8230126923193
2020-08-31,Moulvoudaye,32.98994064331055,,,32.98994064331055,87.97317028045654,141.28571701049805,209.41530418396,126.26928758478196,0.48335266,Moulvoudaye,0.1953125,,,0.203125,0.109375,0.1015625,335.166748046875,0.1879784911870956,1060754730.0,1,moulvoudaye,0,False,71.29640756608488,127.44753055721267,193.5910148912397,250.5909026875154,306.8230126923193
2020-08-31,Vélé,28.54987525939941,,,28.54987525939941,66.61637592315674,130.27301597595215,206.738187789917,114.80802641104556,0.3592682,Vélé,779.8594,,,781.0,852.2656,693.64844,318.514893,0.015241,1060754730.0,1,vele,0,False,71.29640756608488,127.44753055721267,193.5910148912397,250.5909026875154,306.8230126923193
2020-08-31,Wina,21.338459014892575,,,21.338459014892575,53.346147537231445,99.22235870361328,176.44992542266846,83.09858292499206,0.36715698,Wina,6.53125,,,6.7890625,5.84375,6.046875,332.6845397949219,0.0152405686676502,1060832320.0,1,wina,0,False,53.754890936061926,102.25454410116323,170.86304050535682,229.34995310330473,259.1090332924386
2020-08-31,Mokolo,31.428905487060547,10.6648854,13.8506852,31.428905487060547,94.28671646118164,194.24578952789307,282.70088815689087,175.42030908114126,0.42248535,Mokolo,2.8828125,10.674999999999963,13.875000000000012,3.0390625,3.125,2.90625,741.9115600585938,0.0360344015061855,1060832310.0,1,mokolo,0,False,91.48884835015946,159.26017193132347,231.5878976777369,288.2343431649707,322.57962929559886
2020-09-01,Maroua I,6.85818338394165,10.5403214,14.2894117,6.85818338394165,45.497639179229736,151.75613641738892,228.94481229782104,135.84499920905398,0.49134827,Maroua I,0.0859375,,,0.0703125,0.0859375,0.0859375,410.5362854003906,0.1879784911870956,1060707270.0,1,maroua i,0,False,41.96412336065289,121.51431530692177,192.46333292684176,249.90520561958422,276.176524648258
2020-09-01,Harde,6.87197208404541,,,6.87197208404541,48.50734996795654,152.5957899093628,236.23358249664307,136.5686970195199,0.4993286,Harde,11.1640625,,,10.59375,10.65625,7.9296875,416.6739807128906,0.1879784911870956,1060707270.0,1,harde,0,False,41.96412336065289,121.51431530692177,192.46333292684176,249.90520561958422,276.176524648258
2020-09-01,Salak,7.339743137359619,10.451401,14.237963,7.339743137359619,52.87290811538696,153.04587125778198,242.92964696884155,137.22597218405298,0.49534607,Salak,0.2890625,,,0.2734375,0.375,0.4453125,429.826874,0.187978,1060754730.0,1,salak,0,False,42.57546466198289,114.54259094488026,190.4911975611234,254.2839874638336,272.92965735021363
2020-09-01,Moulvoudaye,7.845548629760742,,,7.845548629760742,51.83213520050049,139.80530548095703,212.96089601516724,124.78887605524096,0.44100952,Moulvoudaye,0.21875,,,0.1953125,0.15625,0.140625,335.166748046875,0.1879784911870956,1060754730.0,1,moulvoudaye,0,False,42.57546466198289,114.54259094488026,190.4911975611234,254.2839874638336,272.92965735021363
2020-09-01,Mora,8.591034889221191,11.1556241,14.2395159,8.591034889221191,41.66252326965332,118.82933521270752,179.9687461853027,103.65008383734175,0.38917542,Mora,1.0390625,11.174999999999972,14.225000000000016,1.2421875,2.0859375,11.7265625,332.70477294921875,0.0204014666378498,1060707270.0,1,mora,0,True,41.96412336065289,121.51431530692177,192.46333292684176,249.90520561958422,276.176524648258
2020-09-01,Kolofata,0.0,11.1405968,14.0155389,0.0,38.71338844299317,141.94909477233887,221.4888997077942,126.02724208955745,0.3903389,Kolofata,11.1796875,11.124999999999972,14.025000000000016,11.3984375,14.640625,40.898438,372.999755859375,0.0204014666378498,1060707270.0,1,kolofata,0,False,41.96412336065289,121.51431530692177,192.46333292684176,249.90520561958422,276.176524648258
2020-09-01,Makabaye,7.055740833282471,10.5764701,14.3011699,7.055740833282471,57.46538305282593,158.2846655845642,236.86035251617432,142.3969014272368,0.4730034,Makabaye,12.859375,10.574999999999964,14.32500000000002,12.2421875,12.234375,9.53125,404.8264770507813,0.1879784911870956,1060707270.0,1,makabaye,0,False,41.96412336065289,121.51431530692177,192.46333292684176,249.90520561958422,276.176524648258
2020-09-01,Blangoua,9.559369087219238,12.7744071,14.603641,9.559369087219238,35.5916166305542,81.14804744720459,116.83487486839294,72.59836317135861,0.36089325,Blangoua,1325.9922,12.774999999999997,14.625000000000025,1260.9375,1167.7656,510.23438,287.3567199707031,0.0024472374934703,1060695700.0,1,blangoua,0,False,33.96513044917567,91.49367698707606,155.9930363405602,214.99677506164684,252.6879743894583
2020-09-01,Kai-Kai,8.10401439666748,10.6246579,14.9736643,8.10401439666748,42.33269023895264,119.3472204208374,196.64806842803955,104.42250519035406,0.39438248,Kai-Kai,0.0390625,10.624999999999964,14.975000000000028,0.0390625,0.0390625,0.0234375,313.0599670410156,0.1879784911870956,1060754730.0,1,kai-kai,0,False,42.57546466198289,114.54259094488026,190.4911975611234,254.2839874638336,272.92965735021363
2020-09-01,Maga,16.658079147338867,,,16.658079147338867,47.3873348236084,129.33201789855957,194.14229154586792,114.64045032179972,0.40881348,Maga,23.820312,,,24.375,23.585938,30.648438,308.7756652832031,0.1879784911870956,1060707270.0,1,maga,0,False,41.96412336065289,121.51431530692177,192.46333292684176,249.90520561958422,276.176524648258
2020-09-01,Maroua II,8.34548282623291,10.6415798,14.3117543,8.34548282623291,51.15676689147951,147.4821538925171,220.82101678848267,131.31841464182418,0.4993286,Maroua II,1.0234375,,,1.1875,0.90625,1.984375,447.19036865234375,0.1879784911870956,1060707270.0,1,maroua ii,0,False,41.96412336065289,121.51431530692177,192.46333292684176,249.90520561958422,276.176524648258
2020-09-01,Gaklé,6.85818338394165,10.5222309,14.2649294,6.85818338394165,45.497639179229736,151.75613641738892,228.94481229782104,135.8311646390807,0.46903992,Gaklé,0.0859375,10.524999999999965,14.275000000000018,0.0703125,0.0859375,0.0859375,419.5437927246094,0.1879784911870956,1060707270.0,1,gakle,0,False,41.96412336065289,121.51431530692177,192.46333292684176,249.90520561958422,276.176524648258
2020-09-02,Salak,29.35897254943848,10.451401,14.237963,29.35897254943848,64.01861429214478,173.29821062088013,263.64357900619507,157.47831154715112,0.44107056,Salak,0.328125,,,0.2890625,0.328125,0.328125,429.826874,0.187978,1060754730.0,1,salak,0,False,55.003295569259,125.88293510633082,200.89300957767654,262.709878678907,291.26853685503767
2020-09-02,Maroua II,25.03644752502441,10.6415798,14.3117543,25.03644752502441,65.49039363861085,161.81578063964844,241.58109951019287,145.65204138895552,0.4342041,Maroua II,0.890625,,,1.0234375,0.4921875,1.3203125,447.19036865234375,0.1879784911870956,1060707270.0,1,maroua ii,0,False,42.13726687071601,116.41757410433398,193.65551304940394,251.68669868477153,286.4791159359061
2020-09-02,Yagoua,17.42160987854004,10.2111589,15.2469254,17.42160987854004,40.21825408935547,101.00930452346802,183.4337701797485,85.17217776440438,0.4219513,Yagoua,2.3359375,10.22499999999996,15.225000000000032,2.328125,2.4140625,2.125,328.3748474121094,0.0152405686676502,1060832320.0,1,yagoua,0,True,53.77395748429489,110.10129676989307,179.2354356408335,254.53873979903963,263.6620015419173
2020-09-02,Doukoula,26.71315193176269,10.1185289,14.9710203,26.71315193176269,59.05596733093262,102.17972373962402,173.381010055542,86.62746055266052,0.3899994,Doukoula,1.9765625,,,2.03125,2.0546875,1.8359375,337.031921,0.187978,1060832320.0,1,doukoula,0,False,53.77395748429489,110.10129676989307,179.2354356408335,254.53873979903963,263.6620015419173
2020-09-02,Gaklé,27.4327335357666,10.5222309,14.2649294,27.4327335357666,63.27050828933716,169.52900552749634,256.37754583358765,153.60403374918812,0.44997025,Gaklé,0.09375,10.524999999999965,14.275000000000018,0.0859375,0.0859375,0.0703125,419.5437927246094,0.1879784911870956,1060707270.0,1,gakle,0,False,42.13726687071601,116.41757410433398,193.65551304940394,251.68669868477153,286.4791159359061
2020-09-02,Mokolo,26.167783737182617,10.6648854,13.8506852,26.167783737182617,57.59668922424317,172.83601093292236,291.2169542312622,154.01053048617055,0.42549133,Mokolo,3.1015625,10.674999999999963,13.875000000000012,3.046875,3.0390625,2.75,741.9115600585938,0.0360344015061855,1060832310.0,1,mokolo,0,False,61.167035338334756,160.430943142451,245.82984455570306,317.68859405724845,320.80992592557857
2020-09-02,Harde,27.48788833618164,,,27.48788833618164,65.58639430999756,180.08367824554443,259.4090156555176,164.05658535570154,0.4342041,Harde,11.7109375,,,11.1640625,10.28125,7.7421875,416.6739807128906,0.1879784911870956,1060707270.0,1,harde,0,False,42.13726687071601,116.41757410433398,193.65551304940394,251.68669868477153,286.4791159359061
2020-09-02,Makabaye,28.222963333129883,10.5764701,14.3011699,28.222963333129883,73.08593606948853,186.5076289176941,260.58494329452515,170.61986476036668,0.4418373,Makabaye,13.390625,10.574999999999964,14.32500000000002,12.859375,11.5859375,9.046875,404.8264770507813,0.1879784911870956,1060707270.0,1,makabaye,0,False,42.13726687071601,116.41757410433398,193.65551304940394,251.68669868477153,286.4791159359061
2020-09-02,Maroua I,27.4327335357666,10.5403214,14.2894117,27.4327335357666,63.27050828933716,169.52900552749634,256.37754583358765,153.6178683191614,0.43556213,Maroua I,0.09375,,,0.0859375,0.0859375,0.0703125,410.5362854003906,0.1879784911870956,1060707270.0,1,maroua i,0,False,42.13726687071601,116.41757410433398,193.65551304940394,251.68669868477153,286.4791159359061
2020-09-02,Hina,33.32612609863281,10.3304094,13.822817,33.32612609863281,63.37552833557129,182.8238201141357,277.67432022094727,164.39899592424695,0.45680237,Hina,0.5703125,10.32499999999996,13.825000000000012,0.5546875,0.578125,0.5703125,627.6494750976562,0.0360344015061855,1060832310.0,1,hina,0,False,61.167035338334756,160.430943142451,245.82984455570306,317.68859405724845,320.80992592557857
2020-09-02,Maga,8.329039573669434,,,8.329039573669434,55.71637439727783,137.661057472229,193.4281506538391,122.96948989546917,0.41589355,Maga,24.789062,,,23.820312,23.585938,28.195312,308.7756652832031,0.1879784911870956,1060707270.0,1,maga,0,False,42.13726687071601,116.41757410433398,193.65551304940394,251.68669868477153,286.4791159359061
2020-09-02,Mora,17.182069778442383,11.1556241,14.2395159,17.182069778442383,47.82076358795166,136.0114049911499,183.36909198760983,120.83215361578416,0.41351318,Mora,0.8828125,11.174999999999972,14.225000000000016,1.0390625,1.546875,6.703125,332.70477294921875,0.0204014666378498,1060707270.0,1,mora,0,True,42.13726687071601,116.41757410433398,193.65551304940394,251.68669868477153,286.4791159359061
2020-09-02,Kolofata,21.65863609313965,11.1405968,14.0155389,21.65863609313965,34.5630989074707,150.70326805114746,231.29374361038208,134.78141536836603,0.4101944,Kolofata,10.9765625,11.124999999999972,14.025000000000016,11.1796875,12.640625,27.34375,372.999755859375,0.0204014666378498,1060707270.0,1,kolofata,0,False,42.13726687071601,116.41757410433398,193.65551304940394,251.68669868477153,286.4791159359061
2020-09-02,Kaélé,22.91314125061035,,,22.91314125061035,73.82875728607178,144.85503768920898,217.0785632133484,129.0422377171995,0.47511292,Kaélé,8.1875,,,8.2109375,8.2109375,8.171875,394.2374267578125,0.1879784911870956,1060832320.0,1,kaele,0,False,53.77395748429489,110.10129676989307,179.2354356408335,254.53873979903963,263.6620015419173
2020-09-02,Kai-Kai,16.20802879333496,10.6246579,14.9736643,16.20802879333496,58.5407190322876,126.99808025360107,208.81395626068115,112.07336502311772,0.40171814,Kai-Kai,0.0390625,10.624999999999964,14.975000000000028,0.0390625,0.0390625,0.015625,313.0599670410156,0.1879784911870956,1060754730.0,1,kai-kai,0,False,55.003295569259,125.88293510633082,200.89300957767654,262.709878678907,291.26853685503767
2020-09-02,Moulvoudaye,23.536645889282227,,,23.536645889282227,64.37213516235352,152.34530544281006,232.197585105896,137.328876017094,0.4570923,Moulvoudaye,0.234375,,,0.21875,0.203125,0.125,335.166748046875,0.1879784911870956,1060754730.0,1,moulvoudaye,0,False,55.003295569259,125.88293510633082,200.89300957767654,262.709878678907,291.26853685503767
2020-09-02,Vélé,26.247690200805664,,,26.247690200805664,54.79756546020508,130.93056774139404,214.84518432617188,115.46557817648744,0.39292908,Vélé,810.25,,,795.4453,781.0,816.8594,318.514893,0.015241,1060754730.0,1,vele,0,False,55.003295569259,125.88293510633082,200.89300957767654,262.709878678907,291.26853685503767
2020-09-03,Makabaye,21.167221069335938,10.5764701,14.3011699,21.167221069335938,56.44592523574829,207.67484998703003,263.7586741447449,191.78708582970265,0.4675598,Makabaye,13.03125,10.574999999999964,14.32500000000002,13.390625,12.2421875,9.9453125,404.8264770507813,0.1879784911870956,1060707270.0,1,makabaye,0,False,42.38678350657157,135.2956040753825,189.70802860229247,255.90632410197665,308.9786903152508
2020-09-03,Doukoula,26.71315193176269,10.1185289,14.9710203,26.71315193176269,53.42630386352539,128.89287567138672,187.6352224349976,113.34061248442322,0.39346313,Doukoula,1.90625,,,1.9765625,1.96875,1.8125,337.031921,0.187978,1060832320.0,1,doukoula,0,False,51.695316423717415,125.80709901836886,188.45230461359404,261.3807596901901,287.06943451153097
2020-09-03,Datchéka,25.01164436340332,,,25.01164436340332,50.02328872680664,122.77692222595216,185.1829462051392,106.71326846383674,0.39035034,Datchéka,4.2109375,,,4.3359375,4.34375,3.890625,343.99566650390625,0.0152405686676502,1060832320.0,1,datcheka,0,False,51.695316423717415,125.80709901836886,188.45230461359404,261.3807596901901,287.06943451153097
2020-09-03,Kai-Kai,24.31204414367676,10.6246579,14.9736643,24.31204414367676,48.6240873336792,151.31012439727783,212.91529369354248,136.3854091667945,0.40383148,Kai-Kai,0.0390625,10.624999999999964,14.975000000000028,0.0390625,0.0390625,0.0078125,313.0599670410156,0.1879784911870956,1060754730.0,1,kai-kai,0,False,48.10700055536017,148.60432692858672,207.70264827398688,272.096284583917,315.504257000833
2020-09-03,Gaklé,20.57454872131348,10.5222309,14.2649294,20.57454872131348,54.86546564102173,190.1035542488098,260.6241526603699,174.1785824705016,0.47969437,Gaklé,0.09375,10.524999999999965,14.275000000000018,0.09375,0.0703125,0.0625,419.5437927246094,0.1879784911870956,1060707270.0,1,gakle,0,False,42.38678350657157,135.2956040753825,189.70802860229247,255.90632410197665,308.9786903152508
2020-09-03,Kar-Hay,25.73603820800781,,,25.73603820800781,51.472076416015625,117.14558792114258,170.5007286071777,101.37756494262932,0.39346313,Kar-Hay,0.890625,,,0.9140625,0.90625,0.8203125,342.6171264648437,0.1879784911870956,1060832320.0,1,kar-hay,0,False,51.695316423717415,125.80709901836886,188.45230461359404,261.3807596901901,287.06943451153097
2020-09-03,Kaélé,22.91314125061035,,,22.91314125061035,57.28285312652588,167.76817893981934,233.2036666870117,151.95537896780985,0.46548462,Kaélé,8.0859375,,,8.1875,7.84375,8.0546875,394.2374267578125,0.1879784911870956,1060832320.0,1,kaele,0,False,51.695316423717415,125.80709901836886,188.45230461359404,261.3807596901901,287.06943451153097
2020-09-03,Maroua II,25.03644752502441,10.6415798,14.3117543,25.03644752502441,58.41837787628175,186.85222816467285,249.51208782196045,170.68848891397994,0.45724487,Maroua II,0.5,,,0.890625,1.1875,1.296875,447.19036865234375,0.1879784911870956,1060707270.0,1,maroua ii,0,False,42.38678350657157,135.2956040753825,189.70802860229247,255.90632410197665,308.9786903152508
2020-09-03,Zina,24.980201721191406,11.2302296,14.8939423,24.980201721191406,37.47030258178711,123.59087753295898,166.26197338104248,108.92882861016906,0.40413666,Zina,0.0703125,11.224999999999971,14.875000000000028,0.0546875,0.0546875,0.09375,303.95135498046875,0.0204014666378498,1060707270.0,1,zina,0,False,42.38678350657157,135.2956040753825,189.70802860229247,255.90632410197665,308.9786903152508
2020-09-03,Mora,25.773107528686523,11.1556241,14.2395159,25.773107528686523,51.5462121963501,150.76068305969238,190.76656818389893,135.58143168432665,0.4073143,Mora,0.78125,11.174999999999972,14.225000000000016,0.8828125,1.2421875,4.28125,332.70477294921875,0.0204014666378498,1060707270.0,1,mora,0,True,42.38678350657157,135.2956040753825,189.70802860229247,255.90632410197665,308.9786903152508
2020-09-03,Blangoua,9.559369087219238,12.7744071,14.603641,9.559369087219238,19.11873817443848,77.69129276275635,99.1061146259308,69.14160848691037,0.39136505,Blangoua,1649.0078,12.774999999999997,14.625000000000025,1474.9219,1260.9375,893.9375,287.3567199707031,0.0024472374934703,1060695700.0,1,blangoua,0,False,35.12602610993336,109.65014494288305,157.20494928511587,223.6155212977802,281.09826090679735
2020-09-03,Maroua I,20.57454872131348,10.5403214,14.2894117,20.57454872131348,54.86546564102173,190.1035542488098,260.6241526603699,174.19241704047488,0.479599,Maroua I,0.09375,,,0.09375,0.0703125,0.0625,410.5362854003906,0.1879784911870956,1060707270.0,1,maroua i,0,False,42.38678350657157,135.2956040753825,189.70802860229247,255.90632410197665,308.9786903152508
2020-09-03,Guéré,18.679706573486328,,,18.679706573486328,37.359413146972656,106.64879989624023,161.53873014450073,90.70540007774042,0.4025879,Guéré,0.609375,,,0.578125,0.5390625,0.4296875,326.00750732421875,0.0152405686676502,1060832320.0,1,guere,0,False,51.695316423717415,125.80709901836886,188.45230461359404,261.3807596901901,287.06943451153097
2020-09-03,Vélé,26.247690200805664,,,26.247690200805664,52.49538040161133,157.1782579421997,222.9521808624268,141.7132683772931,0.40237427,Vélé,822.0469,,,810.25,779.8594,853.2344,318.514893,0.015241,1060754730.0,1,vele,0,False,48.10700055536017,148.60432692858672,207.70264827398688,272.096284583917,315.504257000833
2020-09-03,Kolofata,21.65863609313965,11.1405968,14.0155389,21.65863609313965,43.3172721862793,159.45744132995603,229.2447953224182,143.53558864717462,0.4081421,Kolofata,10.5859375,11.124999999999972,14.025000000000016,10.9765625,11.3984375,21.257812,372.999755859375,0.0204014666378498,1060707270.0,1,kolofata,0,False,42.38678350657157,135.2956040753825,189.70802860229247,255.90632410197665,308.9786903152508
2020-09-03,Moulvoudaye,23.536645889282227,,,23.536645889282227,54.9188404083252,175.88195133209229,242.83435821533203,160.86552190637622,0.48129272,Moulvoudaye,0.234375,,,0.234375,0.1953125,0.1171875,335.166748046875,0.1879784911870956,1060754730.0,1,moulvoudaye,0,False,48.10700055536017,148.60432692858672,207.70264827398688,272.096284583917,315.504257000833
2020-09-03,Yagoua,26.132417678833008,10.2111589,15.2469254,26.132417678833008,43.55402755737305,119.5428409576416,188.4406080245972,103.70571419857797,0.44747543,Yagoua,2.375,10.22499999999996,15.225000000000032,2.3359375,2.296875,2.0703125,328.3748474121094,0.0152405686676502,1060832320.0,1,yagoua,0,True,51.695316423717415,125.80709901836886,188.45230461359404,261.3807596901901,287.06943451153097
2020-09-03,Wina,21.766008377075195,,,21.766008377075195,43.53201675415039,118.2166233062744,177.4256820678711,102.0928475276532,0.39163208,Wina,6.4296875,,,6.5625,6.53125,5.7265625,332.6845397949219,0.0152405686676502,1060832320.0,1,wina,0,False,51.695316423717415,125.80709901836886,188.45230461359404,261.3807596901901,287.06943451153097
2020-09-03,Maga,16.658079147338867,,,16.658079147338867,41.64519786834717,154.31913661956787,191.9998688697815,139.62756904280803,0.41123962,Maga,26.398438,,,24.789062,24.375,24.070312,308.7756652832031,0.1879784911870956,1060707270.0,1,maga,0,False,42.38678350657157,135.2956040753825,189.70802860229247,255.90632410197665,308.9786903152508
2020-09-03,Mokolo,39.25167465209961,10.6648854,13.8506852,39.25167465209961,65.41945838928223,201.61138343811035,295.16519260406494,182.7859029913585,0.4171219,Mokolo,3.0390625,10.674999999999963,13.875000000000012,3.1015625,2.8828125,2.9296875,741.9115600585938,0.0360344015061855,1060832310.0,1,mokolo,0,False,55.33350330270895,183.26784142467523,252.0329537888174,309.6505470879187,346.4938927808467
2020-09-03,Mozogo,28.56209754943848,11.0405929,13.8724737,28.56209754943848,47.60349655151367,153.4248390197754,239.52166843414307,136.35072835248394,0.40449524,Mozogo,0.421875,11.02499999999997,13.875000000000012,0.421875,0.3984375,0.3671875,453.55511474609375,0.1944153159856796,1060707270.0,1,mozogo,0,False,42.38678350657157,135.2956040753825,189.70802860229247,255.90632410197665,308.9786903152508
2020-09-03,Tchatibali,27.117048263549805,,,27.117048263549805,54.23409652709961,130.6274375915527,192.66044330596924,114.13519896982974,0.46058655,Tchatibali,1.8671875,,,1.9453125,1.984375,1.8515625,351.9421081542969,0.0277432706207036,1060832320.0,1,tchatibali,0,False,51.695316423717415,125.80709901836886,188.45230461359404,261.3807596901901,287.06943451153097
2020-09-03,Salak,22.019227981567383,10.451401,14.237963,22.019227981567383,58.71794366836548,195.3174386024475,272.6952452659607,179.4975395287185,0.4857483,Salak,0.3046875,,,0.328125,0.2734375,0.28125,429.826874,0.187978,1060754730.0,1,salak,0,False,48.10700055536017,148.60432692858672,207.70264827398688,272.096284583917,315.504257000833
2020-09-03,Harde,20.615917205810547,,,20.615917205810547,54.9757776260376,200.69959545135495,267.08756732940674,184.6725025615121,0.45724487,Harde,11.5859375,,,11.7109375,10.59375,8.5390625,416.6739807128906,0.1879784911870956,1060707270.0,1,harde,0,False,42.38678350657157,135.2956040753825,189.70802860229247,255.90632410197665,308.9786903152508
2020-09-03,Hina,24.99459457397461,10.3304094,13.822817,24.99459457397461,66.65225219726562,207.81841468811035,279.64997482299805,189.3935904982216,0.4788971,Hina,0.5625,10.32499999999996,13.825000000000012,0.5703125,0.546875,0.5859375,627.6494750976562,0.0360344015061855,1060832310.0,1,hina,0,False,55.33350330270895,183.26784142467523,252.0329537888174,309.6505470879187,346.4938927808467
2020-09-04,Maroua II,0.0,10.6415798,14.3117543,0.0,50.07289505004884,144.0409450531006,249.51208782196045,127.87720580240769,0.47354126,Maroua II,0.34375,,,0.5,1.0234375,1.546875,447.19036865234375,0.1879784911870956,1060707270.0,1,maroua ii,0,False,34.04128469431933,110.90721188364274,188.41507487840983,255.3138583093139,303.5537988295392
2020-09-04,Tchatibali,0.0,,,0.0,54.23409652709961,108.80076789855956,184.14049816131592,92.30852927683658,0.4677124,Tchatibali,1.828125,,,1.8671875,2.0234375,1.796875,351.9421081542969,0.0277432706207036,1060832320.0,1,tchatibali,0,False,41.96686483612608,105.86281536126923,184.09115573546333,261.72472939682814,286.3565221272964
2020-09-04,Mora,0.0,11.1556241,14.2395159,0.0,42.955177307128906,117.6891918182373,190.76656818389893,102.50994044287155,0.38551712,Mora,0.6640625,11.174999999999972,14.225000000000016,0.78125,1.0390625,2.8984375,332.70477294921875,0.0204014666378498,1060707270.0,1,mora,0,True,34.04128469431933,110.90721188364274,188.41507487840983,255.3138583093139,303.5537988295392
2020-09-04,Kai-Kai,0.0,10.6246579,14.9736643,0.0,40.52007293701172,125.6386137008667,195.23262691497803,110.71389847038336,0.3829689,Kai-Kai,0.0390625,10.624999999999964,14.975000000000028,0.0390625,0.0390625,0.0234375,313.0599670410156,0.1879784911870956,1060754730.0,1,kai-kai,0,False,43.47111929995719,119.6166539240192,199.3178813553864,271.814196072148,310.76444162872434
2020-09-04,Moulvoudaye,0.0,,,0.0,47.07329177856445,142.89201068878174,224.1824378967285,127.87558126306564,0.4822998,Moulvoudaye,0.2109375,,,0.234375,0.21875,0.109375,335.166748046875,0.1879784911870956,1060754730.0,1,moulvoudaye,0,False,43.47111929995719,119.6166539240192,199.3178813553864,271.814196072148,310.76444162872434
2020-09-04,Doukoula,0.0,10.1185289,14.9710203,0.0,53.42630386352539,107.33099746704102,179.64165449142456,91.77873428007751,0.39093018,Doukoula,1.8671875,,,1.90625,2.03125,1.8359375,337.031921,0.187978,1060832320.0,1,doukoula,0,False,41.96686483612608,105.86281536126923,184.09115573546333,261.72472939682814,286.3565221272964
2020-09-04,Datchéka,0.0,,,0.0,50.02328872680664,98.52571105957033,176.80287647247314,82.4620572974549,0.38830566,Datchéka,4.1484375,,,4.2109375,4.46875,3.8984375,343.99566650390625,0.0152405686676502,1060832320.0,1,datcheka,0,False,41.96686483612608,105.86281536126923,184.09115573546333,261.72472939682814,286.3565221272964
2020-09-04,Makabaye,0.0,10.5764701,14.3011699,0.0,49.39018440246582,157.2652087211609,263.7586741447449,141.37744456383348,0.47042084,Makabaye,12.4375,10.574999999999964,14.32500000000002,13.03125,12.859375,11.8125,404.8264770507813,0.1879784911870956,1060707270.0,1,makabaye,0,False,34.04128469431933,110.90721188364274,188.41507487840983,255.3138583093139,303.5537988295392
2020-09-04,Zina,0.0,11.2302296,14.8939423,0.0,37.47030258178711,100.10344696044922,160.45498132705688,85.4413980376593,0.3810234,Zina,0.0703125,11.224999999999971,14.875000000000028,0.0703125,0.0546875,0.0703125,303.95135498046875,0.0204014666378498,1060707270.0,1,zina,0,False,34.04128469431933,110.90721188364274,188.41507487840983,255.3138583093139,303.5537988295392
2020-09-04,Vélé,0.0,,,0.0,52.49538040161133,119.11175632476808,198.8419094085693,103.64676675986146,0.401062,Vélé,841.5625,,,822.0469,795.4453,852.2656,318.514893,0.015241,1060754730.0,1,vele,0,False,43.47111929995719,119.6166539240192,199.3178813553864,271.814196072148,310.76444162872434
2020-09-04,Kar-Hay,0.0,,,0.0,51.472076416015625,98.38172721862792,163.1718602180481,82.61370424011469,0.39093018,Kar-Hay,0.875,,,0.890625,0.9375,0.8359375,342.6171264648437,0.1879784911870956,1060832320.0,1,kar-hay,0,False,41.96686483612608,105.86281536126923,184.09115573546333,261.72472939682814,286.3565221272964
2020-09-04,Maga,0.0,,,0.0,24.9871187210083,123.58988094329834,186.61690711975095,108.8983133665385,0.4033661,Maga,25.726562,,,26.398438,23.820312,22.632812,308.7756652832031,0.1879784911870956,1060707270.0,1,maga,0,False,34.04128469431933,110.90721188364274,188.41507487840983,255.3138583093139,303.5537988295392
2020-09-06,Vélé,30.763635635375977,,,30.763635635375977,39.51286506652832,120.55812072753906,222.2812614440918,105.09313116263246,0.3611145,Vélé,921.2422,,,886.6797,822.0469,781.0,318.514893,0.015241,1060754730.0,1,vele,0,False,26.48339899743624,105.72241471249062,202.29119105622638,276.8582721644409,331.0936037959128
2020-09-06,Tchatibali,20.046762466430664,,,20.046762466430664,20.046762466430664,107.02086067199708,170.1074800491333,90.52862205027408,0.41625977,Tchatibali,1.625,,,1.7421875,1.8671875,2.0859375,351.9421081542969,0.0277432706207036,1060832320.0,1,tchatibali,0,False,16.293030885125514,93.50039876658556,170.6572365884676,250.39625410943833,297.94166523373116
2020-09-06,Kar-Hay,15.976808547973633,,,15.976808547973633,15.976808547973633,95.59467506408691,149.83319520950317,79.82665208557367,0.33564758,Kar-Hay,0.78125,,,0.8359375,0.890625,0.953125,342.6171264648437,0.1879784911870956,1060832320.0,1,kar-hay,0,False,16.293030885125514,93.50039876658556,170.6572365884676,250.39625410943833,297.94166523373116
2020-09-06,Doukoula,19.445785522460938,10.1185289,14.9710203,19.445785522460938,19.445785522460938,105.21490478515624,167.1131682395935,89.66264159819275,0.33564758,Doukoula,1.6640625,,,1.7734375,1.90625,2.0546875,337.031921,0.187978,1060832320.0,1,doukoula,0,False,16.293030885125514,93.50039876658556,170.6572365884676,250.39625410943833,297.94166523373116
2020-09-11,Gobo,7.764495849609375,10.0676925,15.4685991,7.764495849609375,30.30659580230713,55.86555004119873,128.56245708465576,39.93637783999694,0.28518677,Gobo,5.03125,10.074999999999957,15.375,5.3671875,5.9375,6.5234375,332.77789306640625,0.0152405689255484,1060754730.0,1,gobo,1,False,24.377430353680534,54.21238884872382,173.82904277274298,253.53027020411022,341.3712334760002
2020-09-12,Guéré,8.393843650817871,,,8.393843650817871,24.089221000671387,45.01638889312744,109.03800106048584,29.072989074627632,0.29519653,Guéré,0.4296875,,,0.4609375,0.53125,0.5859375,326.00750732421875,0.0152405686676502,1060832320.0,1,guere,1,False,24.964335953863074,49.40555450938722,140.60136393285507,208.24082114983332,314.6932716176383
2020-09-12,Kai-Kai,7.6501665115356445,10.6246579,14.9736643,7.6501665115356445,29.2713565826416,57.21340370178223,148.17018127441406,42.28868847129888,0.33372116,Kai-Kai,0.0390625,10.624999999999964,14.975000000000028,0.0390625,0.0390625,0.0390625,313.0599670410156,0.1879784911870956,1060754730.0,1,kai-kai,1,False,34.371527108719604,60.682572019360066,152.80748188282683,243.5054762295422,339.0704283073778
2020-09-12,Kaélé,13.516942977905272,,,13.516942977905272,34.7567081451416,51.49082565307617,156.12453269958496,35.67802568106669,0.4515381,Kaélé,5.546875,,,5.8203125,6.4375,7.328125,394.2374267578125,0.1879784911870956,1060832320.0,1,kaele,1,False,24.964335953863074,49.40555450938722,140.60136393285507,208.24082114983332,314.6932716176383
2020-09-12,Vélé,8.902904510498047,,,8.902904510498047,38.31489944458008,69.07853507995605,168.38964557647705,53.61354551504946,0.31472778,Vélé,1092.6641,,,1087.9844,1062.5156,886.6797,318.514893,0.015241,1060754730.0,1,vele,1,False,34.371527108719604,60.682572019360066,152.80748188282683,243.5054762295422,339.0704283073778
2020-09-12,Moulvoudaye,15.557394981384276,,,15.557394981384276,33.439589977264404,58.83238410949707,157.737811088562,43.815954683780994,0.43421936,Moulvoudaye,0.046875,,,0.0546875,0.09375,0.171875,335.166748046875,0.1879784911870956,1060754730.0,1,moulvoudaye,1,False,34.371527108719604,60.682572019360066,152.80748188282683,243.5054762295422,339.0704283073778
2020-09-16,Zina,13.61154556274414,11.2302296,14.8939423,13.61154556274414,53.81562423706055,99.74386405944824,162.71486139297485,85.08181513665832,0.37340164,Zina,0.21875,11.224999999999971,14.875000000000028,0.2578125,0.0234375,0.03125,303.95135498046875,0.0204014666378498,1060707270.0,1,zina,0,False,35.945606845674554,81.35315876142663,132.99638370299698,249.41395780733097,344.1390266488989
2020-09-18,Wina,6.821111679077148,,,6.821111679077148,26.94540500640869,64.6118688583374,110.35245847702026,48.48809307971618,0.3418579,Wina,5.7421875,,,6.0703125,6.1796875,5.0859375,332.6845397949219,0.0152405686676502,1060832320.0,1,wina,0,False,32.061377682734644,60.5994437669477,105.4522848914357,211.31510025270492,308.53373893092436
2020-09-18,Zina,7.953007698059082,11.2302296,14.8939423,7.953007698059082,37.99412059783936,105.0009183883667,162.11723470687866,90.33886946557678,0.3174591,Zina,0.125,11.224999999999971,14.875000000000028,0.1640625,0.2578125,0.03125,303.95135498046875,0.0204014666378498,1060707270.0,1,zina,0,False,27.207062163618755,74.39144717803632,124.57972687125299,235.48693875489576,341.1068498670781
2020-12-18,Hilé - Alifa,0.0,12.6840971,14.350398,0.0,0.0,0.0,0.0,-9.807517264300024,0.06574249,Hilé - Alifa,0.0,12.674999999999994,14.37500000000002,0.0,0.0,0.0,282.8954772949219,0.0024472374934703,1060695540.0,0,hile - alifa,0,False,0.0,0.0,4.443574859590123e-05,4.443574859587347e-05,6.596091000187943e-05
2021-01-05,Mozogo,0.0,11.0405929,13.8724737,0.0,0.0,0.0,0.0,-17.074110667291436,0.11363602,Mozogo,0.078125,11.02499999999997,13.875000000000012,0.078125,0.078125,0.078125,453.55511474609375,0.1944153159856796,1060707270.0,0,mozogo,0,False,0.0,0.0,0.0,0.0,0.00011886623085129272
2021-01-13,Hilé - Alifa,0.0,12.6840971,14.350398,0.0,0.0,0.0,0.0,-9.807517264300024,0.065158844,Hilé - Alifa,0.0,12.674999999999994,14.37500000000002,0.0,0.0,0.0,282.8954772949219,0.0024472374934703,1060695540.0,0,hile - alifa,0,False,0.0,4.417497081610276e-07,4.417497010556002e-07,4.4174970102784464e-07,4.417496939224173e-07
2021-01-23,Kolofata,0.0,11.1405968,14.0155389,0.0,0.0,0.0,0.0,-15.921852682781434,0.11272049,Kolofata,2.296875,11.124999999999972,14.025000000000016,2.296875,2.3125,2.390625,372.999755859375,0.0204014666378498,1060707270.0,0,kolofata,0,False,0.0,0.0,0.0,0.0,0.0
2021-03-01,Gobo,0.0,10.0676925,15.4685991,0.0,0.0,0.0,0.0,-15.929172201201787,0.07772446,Gobo,0.0,10.074999999999957,15.375,0.0,0.0,0.0,332.77789306640625,0.0152405689255484,1060754730.0,0,gobo,0,False,0.0,0.0,0.0,0.0,0.0
2021-05-24,Salak,0.0,10.451401,14.237963,0.0,0.0,9.076189041137695,27.43415904045105,-6.7437100325913,0.19462585,Salak,0.0,,,0.0,0.0,0.0,429.826874,0.187978,1060754730.0,1,salak,0,False,0.0,6.506482313248959,22.577923071145506,38.61025524773784,40.71122535076027
2021-05-28,Salak,0.0,10.451401,14.237963,0.0,0.0,0.0,20.503662109375,-15.819899073728996,0.19380188,Salak,0.0,,,0.0,0.0,0.0,429.826874,0.187978,1060754730.0,1,salak,0,False,0.19299228115938166,0.19299228115941186,17.336452519466476,26.502298846606273,40.07834055188855
2021-06-01,Yagoua,9.408831596374512,10.2111589,15.2469254,9.408831596374512,16.11324167251587,16.11324167251587,24.613167762756348,0.2761149134522327,0.15951157,Yagoua,0.0,10.22499999999996,15.225000000000032,0.0,0.0,0.0,328.3748474121094,0.0152405686676502,1060832320.0,1,yagoua,1,True,20.302878693115584,22.05170294270846,33.97694239021384,62.70298249424568,98.33905906099501
2021-06-18,Mora,2.7836570739746094,11.1556241,14.2395159,2.7836570739746094,11.134628295898438,34.726877212524414,38.78610849380493,19.54762583715867,0.13694763,Mora,0.03125,11.174999999999972,14.225000000000016,0.03125,0.03125,0.0,332.70477294921875,0.0204014666378498,1060707270.0,1,mora,0,True,8.64345970857432,30.067116274909978,36.57860783659315,53.55248261923926,57.66241213461456
2021-06-18,Makary,0.0,,,0.0,0.0,17.745824813842773,21.07136106491089,6.135132152984268,0.22387695,Makary,0.0,,,0.0,0.0,0.0,288.9185791015625,0.0024472374934703,1060707270.0,1,makary,0,False,8.64345970857432,30.067116274909978,36.57860783659315,53.55248261923926,57.66241213461456
2021-06-29,Mokolo,5.066853046417236,10.6648854,13.8506852,5.066853046417236,20.267411708831787,46.856441020965576,74.07074785232544,28.030960574213758,0.19513321,Mokolo,0.0,10.674999999999963,13.875000000000012,0.015625,0.03125,0.09375,741.9115600585938,0.0360344015061855,1060832310.0,1,mokolo,0,False,20.093881577430437,49.06919118087666,75.75484127322831,108.14498443086075,143.7480116970062
2021-07-01,Mora,0.0,11.1556241,14.2395159,0.0,4.2233710289001465,25.010942697525024,39.47686243057251,9.831691322159278,0.12223053,Mora,0.015625,11.174999999999972,14.225000000000016,0.015625,0.015625,0.03125,332.70477294921875,0.0204014666378498,1060707270.0,1,mora,1,True,6.4519419895715915,21.879304290746614,39.354251709496445,66.9737740910103,84.92534509346712
2021-07-23,Kousséri,0.0,12.0610872,14.9685362,0.0,29.612646102905277,52.437254428863525,63.44343328475952,39.75443050378074,0.3846779,Kousséri,0.015625,12.074999999999983,14.975000000000028,0.015625,0.0,0.0,292.59002685546875,0.0024472374934703,1060707270.0,1,kousseri,0,False,28.041842688436592,54.53093510049697,84.59856822652743,104.77003393755184,139.10202528443037
2021-08-21,Makabaye,0.0,10.5764701,14.3011699,0.0,28.907572746276852,75.71847915649414,132.7812271118164,59.83071499916672,0.43456268,Makabaye,3.234375,10.574999999999964,14.32500000000002,3.5,4.40625,3.78125,404.8264770507813,0.1879784911870956,1060707270.0,1,makabaye,0,False,17.059073860600996,58.37758190051632,105.22277263421802,136.02823834219913,198.4209087172661
2021-09-07,Maroua II,0.0,10.6415798,14.3117543,0.0,1.140719294548049,22.962924838066105,72.0329579114914,6.799185587373184,0.4535675,Maroua II,0.2265625,,,0.5,1.1171875,0.09375,447.19036865234375,0.1879784911870956,1060707270.0,1,maroua ii,0,False,5.257681140418332,28.85703953442782,63.481360714843284,103.75241180008547,177.709453324826
2021-12-07,Gobo,0.0,10.0676925,15.4685991,0.0,0.0,0.0,0.0,-15.929172201201787,0.084602356,Gobo,0.0,10.074999999999957,15.375,0.0,0.0,0.0,332.77789306640625,0.0152405689255484,1060754730.0,0,gobo,0,False,0.0,0.0,0.0,0.0,5.444822424549577e-06
2022-01-05,Maga,0.0,,,0.0,0.0,0.0,0.0,-14.691567576759835,0.1006012,Maga,2.59375,,,2.59375,2.59375,2.609375,308.7756652832031,0.1879784911870956,1060707270.0,0,maga,0,False,0.0,0.0,0.0,0.0,3.948741205141191e-05
2022-01-14,Mokolo,0.0,10.6648854,13.8506852,0.0,0.0,0.0,0.0,-18.825480446751826,0.13514328,Mokolo,0.0,10.674999999999963,13.875000000000012,0.0,0.0,0.0,741.9115600585938,0.0360344015061855,1060832310.0,0,mokolo,0,False,0.0,0.0,0.0,0.0,0.0
2022-01-20,Vélé,0.0,,,0.0,0.0,0.0,0.0,-15.464989564906595,0.09074402,Vélé,5.578125,,,5.734375,6.0625,6.78125,318.514893,0.015241,1060754730.0,0,vele,0,False,0.0,0.0,0.0,0.0,0.0
2022-01-24,Doukoula,0.0,10.1185289,14.9710203,0.0,0.0,0.0,0.0,-15.552263186963495,0.10891724,Doukoula,0.0,,,0.0,0.0,0.0,337.031921,0.187978,1060832320.0,0,doukoula,0,False,0.0,0.0,0.0,0.0,0.0
2022-02-11,Gaklé,0.0,10.5222309,14.2649294,0.0,0.0,0.0,0.0,-15.924971778308231,0.19743347,Gaklé,0.0,10.524999999999965,14.275000000000018,0.0,0.0,0.0,419.5437927246094,0.1879784911870956,1060707270.0,0,gakle,0,False,0.0,0.0,0.0,0.0,0.0
2022-02-17,Datchéka,0.0,,,0.0,0.0,0.0,0.0,-16.06365376211541,0.108795166,Datchéka,0.0,,,0.0,0.0,0.0,343.99566650390625,0.0152405686676502,1060832320.0,0,datcheka,0,False,0.0,0.0,0.0,0.0,0.0
2022-03-21,Salak,0.0,10.451401,14.237963,0.0,0.0,0.0,0.0,-15.819899073728996,0.19169617,Salak,0.0,,,0.0,0.0,0.0,429.826874,0.187978,1060754730.0,0,salak,0,False,0.0,0.008440743610507248,0.025206985986016766,0.03167743794569421,0.03167743794569421
2022-03-28,Yagoua,0.0,10.2111589,15.2469254,0.0,0.0,0.0,0.0,-15.837126759063636,0.15488815,Yagoua,0.0,10.22499999999996,15.225000000000032,0.0,0.0,0.0,328.3748474121094,0.0152405686676502,1060832320.0,0,yagoua,0,True,0.0,0.3172861771928646,0.3172861771928575,0.3782944629788884,0.3851485449422559
2022-04-03,Gobo,0.0,10.0676925,15.4685991,0.0,0.0,0.0,0.0,-15.929172201201787,0.07184982,Gobo,0.0,10.074999999999957,15.375,0.0,0.0,0.0,332.77789306640625,0.0152405689255484,1060754730.0,1,gobo,0,False,0.037062372118503634,0.03706237211853827,0.1548796110356889,0.1744406184403769,0.18008659702170568
2022-04-05,Kolofata,0.0,11.1405968,14.0155389,0.0,0.0,0.0,0.0,-15.921852682781434,0.11145401,Kolofata,1.59375,11.124999999999972,14.025000000000016,1.59375,1.59375,1.59375,372.999755859375,0.0204014666378498,1060707270.0,1,kolofata,0,False,0.0,0.0,0.1749562656349635,0.23999204835844112,0.29416113479609507
2022-04-23,Kai-Kai,0.0,10.6246579,14.9736643,0.0,0.0,3.809152841567993,13.804776549339294,-11.11556238891535,0.09811401,Kai-Kai,0.0,10.624999999999964,14.975000000000028,0.0,0.0,0.0,313.0599670410156,0.1879784911870956,1060754730.0,1,kai-kai,0,False,0.17236195998735393,4.717070420578318,9.675313771243077,9.815069917788783,9.825318509103486
2022-05-11,Wina,9.70836353302002,,,9.70836353302002,29.895163536071777,37.70606517791748,55.37179350852966,21.58228939929626,0.10932922,Wina,0.0,,,0.0,0.0,0.0,332.6845397949219,0.0152405686676502,1060832320.0,1,wina,0,False,24.606340428823735,36.360742129743784,48.1917676912563,65.1960938659946,85.95363134152285
2022-05-13,Hilé - Alifa,0.0,12.6840971,14.350398,0.0,6.994307994842529,14.950486660003662,14.950486660003662,5.142969395703638,0.046081543,Hilé - Alifa,0.0,12.674999999999994,14.37500000000002,0.0,0.0,0.0,282.8954772949219,0.0024472374934703,1060695540.0,1,hile - alifa,0,False,3.359671942043547,11.802465058681122,16.59172117875914,20.06503820743896,23.62523509728345
2022-05-20,Maga,0.0,,,0.0,12.03374481201172,17.000554084777832,40.55245041847229,2.3089865080179948,0.13465881,Maga,1.625,,,1.59375,1.4375,1.40625,308.7756652832031,0.1879784911870956,1060707270.0,1,maga,0,False,2.454086788105844,7.931745201230675,36.410799351583705,50.767881974717525,59.202911004749716
2022-06-05,Tchatibali,0.0,,,0.0,4.699739933013916,19.693787574768063,35.59387540817261,3.201548953045073,0.19996643,Tchatibali,0.0,,,0.0,0.0,0.0,351.9421081542969,0.0277432706207036,1060832320.0,1,tchatibali,0,False,9.352464484282521,22.032446637676614,45.048766721373696,74.83869379717234,116.14683891845587
2022-06-19,Maroua II,1.651771068572998,10.6415798,14.3117543,1.651771068572998,12.919551372528089,24.2117772102356,51.7292103767395,8.048037959542675,0.36395264,Maroua II,0.15625,,,0.28125,0.25,0.0625,447.19036865234375,0.1879784911870956,1060707270.0,1,maroua ii,0,False,11.673320338842561,18.774518642803713,35.52635525133291,37.97968754842497,39.26447576767531
2022-06-20,Wina,9.361855506896973,,,9.361855506896973,21.09284543991089,30.32980751991272,85.88401627540588,14.2060317412915,0.18864441,Wina,0.03125,,,0.03125,0.0,0.0,332.6845397949219,0.0152405686676502,1060832320.0,1,wina,0,False,27.115092908604353,33.176236790534524,98.41333218023203,115.0805704804914,148.93242917999223
2022-07-03,Darak,0.0,12.7712781,14.3276351,0.0,9.057607650756836,17.360546112060547,30.699837684631348,9.009409171060174,0.03995514,Darak,0.0,12.774999999999997,14.32500000000002,0.0,0.0,0.0,282.91015625,0.0024472374934703,1060695540.0,1,darak,0,False,13.692150305374886,30.79978494164842,46.162871525844885,61.36801458164071,76.12310360816868
2022-07-08,Blangoua,20.8667049407959,12.7744071,14.603641,20.8667049407959,31.300057411193848,40.40164518356323,46.20044469833374,31.85196090771725,0.14115143,Blangoua,14.265625,12.774999999999997,14.625000000000025,14.234375,13.765625,12.765625,287.3567199707031,0.0024472374934703,1060695700.0,1,blangoua,0,False,42.75078576773639,56.71260874633421,84.74517948420015,98.73355157687011,129.10005878005143
2022-07-13,Wina,0.0,,,0.0,20.061023712158203,36.174421310424805,78.49133348464966,20.050645531803585,0.19082642,Wina,0.015625,,,0.0,0.015625,0.046875,332.6845397949219,0.0152405686676502,1060832320.0,1,wina,0,False,25.32702611457464,36.85908310044157,92.61090656479952,160.21066224532325,206.4285319490364
2022-07-20,Guéré,0.0,,,0.0,17.624061584472656,78.05666875839233,111.9705491065979,62.11326893989252,0.35253906,Guéré,0.171875,,,0.15625,0.03125,0.0,326.00750732421875,0.0152405686676502,1060832320.0,1,guere,0,False,29.831220771499183,74.2468559273696,111.10593902781113,166.85776249216912,247.49915108587146
2022-07-26,Kar-Hay,3.688922882080078,,,3.688922882080078,36.44613838195801,51.05378818511963,125.39278507232666,35.285765206606385,0.2746277,Kar-Hay,0.171875,,,0.1875,0.234375,0.109375,342.6171264648437,0.1879784911870956,1060832320.0,1,kar-hay,0,False,31.290222393979633,53.10040245163107,121.29451101512917,168.53922602191338,255.83589936318577
2022-08-11,Gobo,10.034696578979492,10.0676925,15.4685991,10.034696578979492,38.47299003601074,114.308443069458,166.2931423187256,98.3792708682562,0.3789749,Gobo,4.75,10.074999999999957,15.375,4.296875,4.21875,5.515625,332.77789306640625,0.0152405689255484,1060754730.0,1,gobo,0,False,30.643772051003367,82.75605393555418,130.66464781005203,198.62045130768612,281.0584287992985
2022-08-11,Guéré,10.143898010253906,,,10.143898010253906,34.4555549621582,107.3905258178711,149.5949046611786,91.44712599937128,0.3801422,Guéré,0.328125,,,0.296875,0.265625,0.359375,326.00750732421875,0.0152405686676502,1060832320.0,1,guere,0,False,32.77657124923102,104.0608878220734,149.3760021189647,215.9921410831921,295.1268186248897
2022-08-11,Datchéka,9.63220500946045,,,9.63220500946045,44.56819820404053,114.44018173217772,150.15899968147278,98.37652797006233,0.33859253,Datchéka,1.171875,,,1.140625,1.1875,1.546875,343.99566650390625,0.0152405686676502,1060832320.0,1,datcheka,0,False,32.77657124923102,104.0608878220734,149.3760021189647,215.9921410831921,295.1268186248897
2022-08-11,Wina,10.228078842163086,,,10.228078842163086,45.52531623840332,116.11979389190674,154.37305784225464,99.99601811328552,0.3556671,Wina,1.890625,,,1.796875,1.875,2.46875,332.6845397949219,0.0152405686676502,1060832320.0,1,wina,0,False,32.77657124923102,104.0608878220734,149.3760021189647,215.9921410831921,295.1268186248897
2022-08-11,Yagoua,8.977594375610352,10.2111589,15.2469254,8.977594375610352,27.590499877929688,102.0421199798584,146.17560458183289,86.20499322079476,0.44137192,Yagoua,0.78125,10.22499999999996,15.225000000000032,0.71875,0.671875,0.9375,328.3748474121094,0.0152405686676502,1060832320.0,1,yagoua,0,True,32.77657124923102,104.0608878220734,149.3760021189647,215.9921410831921,295.1268186248897
2022-08-12,Tchatibali,17.159910202026367,,,17.159910202026367,41.822632789611816,130.27785205841064,165.76670837402344,113.78561343668764,0.4690857,Tchatibali,0.484375,,,0.4375,0.421875,0.53125,351.9421081542969,0.0277432706207036,1060832320.0,1,tchatibali,0,False,44.09770524354322,124.00101469320217,168.04563547361056,227.43667466967256,316.9954469207444
2022-08-12,Guéré,0.0,,,0.0,18.247783660888672,107.3905258178711,146.3102788925171,91.44712599937128,0.41575623,Guéré,0.421875,,,0.328125,0.25,0.328125,326.00750732421875,0.0152405686676502,1060832320.0,1,guere,0,False,44.09770524354322,124.00101469320217,168.04563547361056,227.43667466967256,316.9954469207444
2022-08-12,Wina,10.228078842163086,,,10.228078842163086,38.10477638244629,126.34787273406982,161.13921117782593,110.2240969554486,0.4028778,Wina,2.125,,,1.890625,1.703125,2.265625,332.6845397949219,0.0152405686676502,1060832320.0,1,wina,0,False,44.09770524354322,124.00101469320217,168.04563547361056,227.43667466967256,316.9954469207444
2022-08-12,Datchéka,9.63220500946045,,,9.63220500946045,36.73240661621094,124.07238674163818,156.1296329498291,108.00873297952278,0.39356995,Datchéka,1.3125,,,1.171875,1.078125,1.40625,343.99566650390625,0.0152405686676502,1060832320.0,1,datcheka,0,False,44.09770524354322,124.00101469320217,168.04563547361056,227.43667466967256,316.9954469207444
2022-08-12,Kar-Hay,8.969537734985352,,,8.969537734985352,33.432559967041016,110.89998245239258,141.45584678649902,95.13195947387932,0.3963318,Kar-Hay,0.265625,,,0.234375,0.203125,0.265625,342.6171264648437,0.1879784911870956,1060832320.0,1,kar-hay,0,False,44.09770524354322,124.00101469320217,168.04563547361056,227.43667466967256,316.9954469207444
2022-08-12,Yagoua,8.977594375610352,10.2111589,15.2469254,8.977594375610352,17.955188751220703,111.01971435546876,151.34560203552246,95.18258759640511,0.43743515,Yagoua,0.96875,10.22499999999996,15.225000000000032,0.78125,0.625,0.859375,328.3748474121094,0.0152405686676502,1060832320.0,1,yagoua,0,True,44.09770524354322,124.00101469320217,168.04563547361056,227.43667466967256,316.9954469207444
2022-08-12,Gobo,20.069393157958984,10.0676925,15.4685991,20.069393157958984,39.58352088928223,134.377836227417,182.05071640014648,118.4486640262152,0.41605377,Gobo,5.75,10.074999999999957,15.375,4.75,3.921875,5.09375,332.77789306640625,0.0152405689255484,1060754730.0,1,gobo,0,False,38.392133640849245,100.85341976295022,146.8334482244415,203.70656554780243,300.56677708667496
2022-08-12,Doukoula,9.657320976257324,10.1185289,14.9710203,9.657320976257324,27.019776821136475,104.07112455368042,135.48928594589233,88.51886136671692,0.3963318,Doukoula,0.53125,,,0.46875,0.40625,0.546875,337.031921,0.187978,1060832320.0,1,doukoula,0,False,44.09770524354322,124.00101469320217,168.04563547361056,227.43667466967256,316.9954469207444
2022-08-13,Gobo,0.0,10.0676925,15.4685991,0.0,30.10408973693848,115.41897392272948,177.7388973236084,99.4898017215277,0.40301514,Gobo,6.546875,10.074999999999957,15.375,5.75,4.296875,4.765625,332.77789306640625,0.0152405689255484,1060754730.0,1,gobo,0,False,28.546335751261793,95.61486200484657,139.46302288033613,203.93435383396493,288.8679616079439
2022-08-13,Datchéka,0.0,,,0.0,19.2644100189209,115.33838844299316,148.80648946762085,99.27473468087776,0.36761475,Datchéka,1.421875,,,1.3125,1.140625,1.328125,343.99566650390625,0.0152405686676502,1060832320.0,1,datcheka,0,False,28.83874333527127,117.20984784848048,165.41551812782905,229.08321966088627,312.8729904750742
2022-08-13,Wina,0.0,,,0.0,20.45615768432617,117.52356338500977,154.21536016464233,101.39978760638854,0.37451172,Wina,2.3125,,,2.125,1.796875,2.125,332.6845397949219,0.0152405686676502,1060832320.0,1,wina,0,False,28.83874333527127,117.20984784848048,165.41551812782905,229.08321966088627,312.8729904750742
2022-08-13,Kar-Hay,0.0,,,0.0,17.939075469970703,103.15324020385742,134.07800102233887,87.38521722534418,0.37072754,Kar-Hay,0.28125,,,0.265625,0.21875,0.25,342.6171264648437,0.1879784911870956,1060832320.0,1,kar-hay,0,False,28.83874333527127,117.20984784848048,165.41551812782905,229.08321966088627,312.8729904750742
2022-08-13,Tchatibali,0.0,,,0.0,25.73986530303955,122.23646831512453,158.50674867630005,105.74422969340152,0.45240784,Tchatibali,0.53125,,,0.484375,0.4375,0.515625,351.9421081542969,0.0277432706207036,1060832320.0,1,tchatibali,0,False,28.83874333527127,117.20984784848048,165.41551812782905,229.08321966088627,312.8729904750742
2022-08-18,Guéré,26.63313102722168,,,26.63313102722168,44.38855171203613,84.96414375305176,192.35466957092285,69.02074393455194,0.40335083,Guéré,0.609375,,,0.59375,0.625,0.328125,326.00750732421875,0.0152405686676502,1060832320.0,1,guere,0,False,40.492336783251545,91.81788701953006,195.87877484160342,241.19388913849474,318.7505970809217
2022-08-21,Yagoua,11.648100852966309,10.2111589,15.2469254,11.648100852966309,30.33224201202393,103.61090183258057,149.48544883728027,87.77377507351693,0.4364624,Yagoua,1.421875,10.22499999999996,15.225000000000032,1.515625,1.53125,1.390625,328.3748474121094,0.0152405686676502,1060832320.0,1,yagoua,0,True,23.277876448769362,90.83036351174964,151.7432914106511,252.64227622032686,320.53428915483914
2022-08-21,Guéré,13.117403030395508,,,13.117403030395508,21.99511337280273,106.95925712585448,149.51869773864746,91.01585730735468,0.35224915,Guéré,0.578125,,,0.609375,0.609375,0.53125,326.00750732421875,0.0152405686676502,1060832320.0,1,guere,0,False,23.277876448769362,90.83036351174964,151.7432914106511,252.64227622032686,320.53428915483914
2022-09-11,Kaélé,0.0,,,0.0,17.110610961914062,39.8843936920166,76.18440914154053,24.07159372000712,0.49745178,Kaélé,6.7734375,,,6.375,5.1953125,5.4140625,394.2374267578125,0.1879784911870956,1060832320.0,1,kaele,0,False,22.38906850841232,50.15734382173303,99.04280613254453,143.9979589758705,237.09557346103705
2022-09-23,Mokolo,12.38450813293457,10.6648854,13.8506852,12.38450813293457,12.38450813293457,43.01082968711853,86.34967470169067,24.18534924036671,0.40539932,Mokolo,2.4765625,10.674999999999963,13.875000000000012,2.578125,2.671875,2.40625,741.9115600585938,0.0360344015061855,1060832310.0,1,mokolo,0,False,6.158144035799815,35.3100332534962,89.91836283317495,127.29799900271533,218.7557341467315
2022-09-28,Hilé - Alifa,0.1782934218645095,12.6840971,14.350398,0.1782934218645095,0.1985441017895937,8.8471389580518,58.12307174690068,-0.9603783062482236,0.08496094,Hilé - Alifa,0.0,12.674999999999994,14.37500000000002,0.0,0.0,0.0,282.8954772949219,0.0024472374934703,1060695540.0,1,hile - alifa,0,False,0.8894578190637421,11.712543945055685,71.62418449425245,98.88987062504307,140.93070353638583
2022-10-04,Datchéka,7.433619022369385,,,7.433619022369385,9.911491870880129,28.06468892097473,50.10645651817322,12.00103515885932,0.24778748,Datchéka,1.921875,,,2.0625,2.1875,2.8203125,343.99566650390625,0.0152405686676502,1060832320.0,1,datcheka,0,False,12.314365348896956,34.528548066149,58.7114384149606,103.85234908981971,169.7595393531526
2022-10-13,Kousséri,0.0,12.0610872,14.9685362,0.0,2.382758855819702,2.382758855819702,13.5206220257096,-10.300065069263088,0.20524979,Kousséri,0.0,12.074999999999983,14.975000000000028,0.0,0.0,0.0078125,292.59002685546875,0.0024472374934703,1060707270.0,1,kousseri,0,False,1.1018178476477705,2.931515376702415,14.01461182153957,33.03216374869501,82.99687005741444
2022-10-17,Kolofata,0.0,11.1405968,14.0155389,0.0,0.0,0.0,5.05989396572113,-15.921852682781434,0.12838364,Kolofata,2.8984375,11.124999999999972,14.025000000000016,3.015625,3.3125,3.8828125,372.999755859375,0.0204014666378498,1060707270.0,1,kolofata,0,False,0.09084486862482487,1.205890032496792,10.344931949498982,22.773174562890986,56.33634616503462
2022-10-26,Wina,0.0,,,0.0,0.0,0.534492015838623,0.534492015838623,-15.589283762782596,0.11450195,Wina,0.25,,,0.34375,0.5390625,1.0234375,332.6845397949219,0.0152405686676502,1060832320.0,1,wina,0,False,0.1661551179691475,8.829435793421364,10.546927893062561,23.324469814416354,60.40181539948692
2022-10-29,Harde,0.0,,,0.0,0.0,0.0,0.0,-16.0270928898429,0.2064209,Harde,3.890625,,,3.9140625,3.9921875,4.1640625,416.6739807128906,0.1879784911870956,1060707270.0,1,harde,0,False,0.4168657793766971,1.105565813314815,1.2402853680288732,2.452343241936987,15.350712347911148
2022-10-31,Mozogo,0.0,11.0405929,13.8724737,0.0,0.0,0.0,2.4917702674865723,-17.074110667291436,0.116313934,Mozogo,0.0859375,11.02499999999997,13.875000000000012,0.0859375,0.0859375,0.0859375,453.55511474609375,0.1944153159856796,1060707270.0,1,mozogo,0,False,0.43521913308001287,0.43521913307998833,1.250381695225863,2.4562717277226698,13.351893254737357
2022-11-01,Wina,0.0,,,0.0,0.0,0.0,0.534492015838623,-16.12377577862122,0.11061096,Wina,0.015625,,,0.0234375,0.0546875,0.34375,332.6845397949219,0.0152405686676502,1060832320.0,0,wina,0,False,0.0,1.260665328936926,10.09154001986221,11.807792210507941,34.85285650242283
2022-11-17,Zina,0.0,11.2302296,14.8939423,0.0,0.0,0.0,0.0,-14.662048922789916,0.09031677,Zina,0.0234375,11.224999999999971,14.875000000000028,0.0234375,0.0234375,0.0234375,303.95135498046875,0.0204014666378498,1060707270.0,0,zina,0,False,0.0,0.004056417308704372,0.023055717893557908,0.4600484674794106,1.2752110296252572
2022-12-11,Hilé - Alifa,0.0,12.6840971,14.350398,0.0,0.0,0.0,0.0,-9.807517264300024,0.06732941,Hilé - Alifa,0.0,12.674999999999994,14.37500000000002,0.0,0.0,0.0,282.8954772949219,0.0024472374934703,1060695540.0,0,hile - alifa,0,False,0.0,0.001551755670063971,0.00155175567005681,0.00155175567005681,0.0015534703034237555
2022-12-26,Maga,0.0,,,0.0,0.0,0.0,0.0,-14.691567576759835,0.101501465,Maga,5.5625,,,5.6015625,5.65625,5.734375,308.7756652832031,0.1879784911870956,1060707270.0,0,maga,0,False,0.00018267080637856693,0.000182670806354031,0.0001826708063824527,0.013094447715517533,0.013094447715517533
2023-02-11,Yagoua,0.0,10.2111589,15.2469254,0.0,0.0,0.0,0.0,-15.837126759063636,0.15821838,Yagoua,0.0,10.22499999999996,15.225000000000032,0.0,0.0,0.0,328.3748474121094,0.0152405686676502,1060832320.0,0,yagoua,0,True,0.0,0.0,8.173840027532306e-10,0.00017271238588182464,0.00022506915366016396
2023-03-09,Blangoua,0.0,12.7744071,14.603641,0.0,0.0,0.0,0.0,-8.549684275845982,0.13292313,Blangoua,41.625,12.774999999999997,14.625000000000025,41.25,40.65625,41.25,287.3567199707031,0.0024472374934703,1060695700.0,0,blangoua,0,False,0.016220698163914186,0.027407823878801727,0.02754690049535699,0.027548403264106847,0.027549765791297982
2023-03-30,Gobo,0.0,10.0676925,15.4685991,0.0,0.0,0.741901695728302,2.967606782913208,-15.187270505473489,0.085235596,Gobo,0.0,10.074999999999957,15.375,0.0,0.0,0.0,332.77789306640625,0.0152405689255484,1060754730.0,0,gobo,0,False,0.0,0.2878229546766826,2.0587926849499736,2.134195736723875,2.1399084215190416
2023-04-03,Darak,0.0,12.7712781,14.3276351,0.0,0.0,0.0,0.1970088481903076,-8.351136941000373,0.030021667,Darak,0.0,12.774999999999997,14.32500000000002,0.0,0.0,0.0,282.91015625,0.0024472374934703,1060695540.0,1,darak,0,False,0.0014938487454993793,0.10857451555819497,0.26136680682290175,0.2723261585351363,0.27999722380651615
2023-04-14,Zina,0.0,11.2302296,14.8939423,0.0,1.7727468013763428,1.7727468013763428,1.7727468013763428,-12.889302121413571,0.08557129,Zina,0.0,11.224999999999971,14.875000000000028,0.0,0.0,0.0,303.95135498046875,0.0204014666378498,1060707270.0,1,zina,0,False,0.1457902589058833,2.8353751600432617,4.048169422939209,4.2814793941734735,4.954497583466033
2023-05-16,Doukoula,0.0,10.1185289,14.9710203,0.0,9.04901885986328,21.868547201156616,21.868547201156616,6.316284014193121,0.10903931,Doukoula,0.0,,,0.0,0.0,0.0,337.031921,0.187978,1060832320.0,1,doukoula,0,False,5.05284389067907,16.230658218525683,18.90242732342699,26.89629027199715,43.70821919641816
2023-05-20,Kolofata,0.0,11.1405968,14.0155389,0.0,13.05654239654541,25.861024379730225,31.885176181793213,9.93917169694879,0.11949921,Kolofata,1.59375,11.124999999999972,14.025000000000016,1.59375,1.59375,1.59375,372.999755859375,0.0204014666378498,1060707270.0,1,kolofata,0,False,7.59947088793817,20.001224055462156,23.164399543300384,26.59918397432545,31.066503861569448
2023-05-24,Kolofata,2.077526807785034,11.1405968,14.0155389,2.077526807785034,6.232580423355103,23.44417643547058,42.272810220718384,7.522323752689147,0.13214874,Kolofata,1.625,11.124999999999972,14.025000000000016,1.625,1.625,1.59375,372.999755859375,0.0204014666378498,1060707270.0,1,kolofata,0,False,6.51378139426188,17.83420481712446,33.26933893910826,34.82025372183106,37.31257187883923
2023-06-14,Dougui,6.882411003112793,12.6249042,14.9787219,6.882411003112793,20.64723300933838,48.17687702178955,86.0190200805664,36.73469119235198,0.18869781,Dougui,0.0,12.624999999999991,14.975000000000028,0.0,0.0,0.0,289.944580078125,0.0024472374934703,1060695700.0,1,dougui,0,False,15.10540792545033,37.18176874593792,74.97905937686409,102.0020527063054,127.73000164073295
2023-06-15,Doukoula,0.0,10.1185289,14.9710203,0.0,5.03164005279541,27.499629974365234,65.69887065887451,11.94736678740174,0.30838013,Doukoula,0.109375,,,0.125,0.0625,0.0625,337.031921,0.187978,1060832320.0,1,doukoula,0,False,6.153561024005729,28.8771365425358,62.64355332989807,102.30773206258564,143.5315475601761
2023-06-26,Makabaye,9.383186340332031,10.5764701,14.3011699,9.383186340332031,18.010273933410645,43.89153671264648,80.02982187271118,28.003772555319063,0.35754776,Makabaye,0.9375,10.574999999999964,14.32500000000002,1.203125,0.96875,0.40625,404.8264770507813,0.1879784911870956,1060707270.0,1,makabaye,0,False,18.605432119959964,44.39636341187436,83.01289226033495,136.70592588625354,181.30766762794204
2023-07-06,Maroua I,0.0,10.5403214,14.2894117,0.0,19.090421676635746,50.90779209136964,137.70551681518555,34.99665488303471,0.33103943,Maroua I,0.0,,,0.0,0.0,0.0,410.5362854003906,0.1879784911870956,1060707270.0,1,maroua i,0,False,16.422526082975715,32.514972886400855,97.29646584735991,136.56635372129338,186.19742090852222
2023-07-13,Mora,9.05129051208496,11.1556241,14.2395159,9.05129051208496,9.05129051208496,27.303433895111084,62.96019124984741,12.124182519745338,0.16732407,Mora,0.03125,11.174999999999972,14.225000000000016,0.03125,0.03125,0.03125,332.70477294921875,0.0204014666378498,1060707270.0,1,mora,0,True,10.443708012191884,26.555196245932983,59.07016913233389,123.85166209329292,174.70876436582088
2023-07-22,Maroua II,8.527721405029297,10.6415798,14.3117543,8.527721405029297,12.514766931533831,20.488857984542847,72.43032574653625,4.325118733849926,0.37615967,Maroua II,0.203125,,,0.21875,0.046875,0.140625,447.19036865234375,0.1879784911870956,1060707270.0,1,maroua ii,0,False,14.566660416448935,22.72146119586621,58.77492644837949,97.1768772037178,163.8229597551364
2023-07-30,Gaklé,5.102573871612549,10.5222309,14.2649294,5.102573871612549,15.307721614837646,24.602373123168945,52.20994663238525,8.677401344860714,0.349041,Gaklé,0.0,10.524999999999965,14.275000000000018,0.0,0.0,0.0,419.5437927246094,0.1879784911870956,1060707270.0,1,gakle,0,False,8.972579727420385,16.136037610850295,50.74919659136278,84.80204753170018,126.28830705245284
2023-08-01,Kaélé,0.0,,,0.0,27.42717170715332,54.85434293746948,80.21450781822205,39.04154296546,0.31852722,Kaélé,0.359375,,,0.4375,0.5,0.640625,394.2374267578125,0.1879784911870956,1060832320.0,1,kaele,0,False,39.55830959702394,69.41001135186518,103.74680897403377,146.75185055866137,203.93834529694772
2023-08-05,Makabaye,13.10151195526123,10.5764701,14.3011699,13.10151195526123,13.10151195526123,54.493576526641846,80.02849745750427,38.60581236931442,0.47267532,Makabaye,3.609375,10.574999999999964,14.32500000000002,3.28125,2.984375,2.09375,404.8264770507813,0.1879784911870956,1060707270.0,1,makabaye,0,False,27.819920863786,54.747425447041415,81.29408450166432,104.01554569753054,147.8205784094408
2023-08-09,Zina,44.17304229736328,11.2302296,14.8939423,44.17304229736328,44.17304229736328,86.04403495788574,119.84497261047365,71.38198603509582,0.38602448,Zina,0.0,11.224999999999971,14.875000000000028,0.0,0.0,0.0,303.95135498046875,0.0204014666378498,1060707270.0,1,zina,0,False,38.562301169475596,80.3666661892327,118.99232126869722,148.40749024355998,184.2558355011464
2023-09-15,Yagoua,5.027300357818604,10.2111589,15.2469254,5.027300357818604,30.163801670074463,45.24570226669312,83.71742677688599,29.40857550762948,0.4057846,Yagoua,1.3125,10.22499999999996,15.225000000000032,1.0625,1.1640625,1.5703125,328.3748474121094,0.0152405686676502,1060832320.0,1,yagoua,0,True,34.417944508603554,48.85847760204408,83.25463421257997,145.62808785930687,183.79724339259297
2023-10-02,Kolofata,0.0,11.1405968,14.0155389,0.0,8.874306678771973,36.83644390106201,54.32460689544678,20.914591218280577,0.33716965,Kolofata,3.3828125,11.124999999999972,14.025000000000016,3.2070312,2.8632812,3.0234375,372.999755859375,0.0204014666378498,1060707270.0,1,kolofata,0,False,13.023765663310922,31.93605823962463,48.62972922951703,82.94712379724508,112.42441268373443
2023-10-09,Blangoua,0.0,12.7744071,14.603641,0.0,0.0,0.0,33.933135986328125,-8.549684275845982,0.14025879,Blangoua,1181.8047,12.774999999999997,14.625000000000025,1193.0625,1249.1445,1415.9258,287.3567199707031,0.0024472374934703,1060695700.0,1,blangoua,0,False,0.021560577061551175,7.677975949689766,37.77387301418891,51.6152064671391,106.09610846234165
2023-10-12,Doukoula,1.883926272392273,10.1185289,14.9710203,1.883926272392273,1.883926272392273,8.143093943595886,43.3346449136734,-7.409169243367609,0.13346863,Doukoula,0.1640625,,,0.19140625,0.2578125,0.375,337.031921,0.187978,1060832320.0,1,doukoula,0,False,3.9022197348244165,13.6384935585401,52.70823108388312,85.14584461364603,151.36345131192562
2023-10-17,Zina,0.0,11.2302296,14.8939423,0.0,0.0,3.897516012191773,11.571417570114136,-10.764532910598144,0.09103012,Zina,0.0,11.224999999999971,14.875000000000028,0.0,0.0,0.0,303.95135498046875,0.0204014666378498,1060707270.0,1,zina,0,False,2.344164456845646,5.373247561998912,15.837585325307892,47.773643564932534,70.02961299906
2023-10-23,Kar-Hay,0.0,,,0.0,0.0,0.4381410181522369,2.3287605345249176,-15.329881960361009,0.109313965,Kar-Hay,0.0,,,0.0,0.0,0.03515625,342.6171264648437,0.1879784911870956,1060832320.0,1,kar-hay,0,False,0.0,1.2332990510394808,6.999481267152185,28.594008693517566,78.01265973419564
2023-10-29,Datchéka,0.0,,,0.0,0.0,0.0,0.0,-16.06365376211541,0.10908508,Datchéka,0.0,,,0.0,0.0,0.0078125,343.99566650390625,0.0152405686676502,1060832320.0,1,datcheka,0,False,2.0122255569444594,2.0122255569444274,3.245524607983894,9.014716264256744,55.693678544847494
2023-11-01,Blangoua,0.0,12.7744071,14.603641,0.0,0.0,0.0,0.0,-8.549684275845982,0.13333511,Blangoua,424.6289,12.774999999999997,14.625000000000025,447.67578,500.0625,646.28125,287.3567199707031,0.0024472374934703,1060695700.0,0,blangoua,1,False,2.318679639708251,3.416218050988754,3.6687106224353743,9.043135595702953,16.877835773609895
2023-11-03,Blangoua,0.0,12.7744071,14.603641,0.0,0.0,0.0,0.0,-8.549684275845982,0.13333893,Blangoua,380.9453,12.774999999999997,14.625000000000025,402.42578,447.67578,567.6094,287.3567199707031,0.0024472374934703,1060695700.0,0,blangoua,0,False,1.6433160728271405,3.9401845952208645,3.940184595220864,5.571960417789527,15.480461923543631
2023-11-04,Gaklé,0.0,10.5222309,14.2649294,0.0,0.0,4.812747538089752,4.812747538089752,-11.11222424021848,0.20140457,Gaklé,0.00390625,10.524999999999965,14.275000000000018,0.00390625,0.0,0.0,419.5437927246094,0.1879784911870956,1060707270.0,0,gakle,0,False,0.7448870003726026,1.3144147148746748,1.3144147148747032,3.771501992136091,11.076666063578326
2024-01-04,Mora,0.0,11.1556241,14.2395159,0.0,0.0,0.0,0.0,-15.179251375365746,0.10323715,Mora,0.0,11.174999999999972,14.225000000000016,0.0,0.0,0.0,332.70477294921875,0.0204014666378498,1060707270.0,0,mora,0,True,0.0,0.0,0.0,0.0,0.00041752646185092
2024-02-12,Blangoua,0.0,12.7744071,14.603641,0.0,0.0,0.0,0.0,-8.549684275845982,0.13321304,Blangoua,34.75,12.774999999999997,14.625000000000025,35.546875,35.671875,35.765625,287.3567199707031,0.0024472374934703,1060695700.0,0,blangoua,0,False,0.0,0.0,0.0,9.595890999759426e-10,9.595890999759426e-10
2024-02-24,Vélé,0.0,,,0.0,0.0,0.0,0.0,-15.464989564906595,0.08718872,Vélé,3.046875,,,3.109375,3.265625,4.171875,318.514893,0.015241,1060754730.0,0,vele,0,False,0.013272354373981275,0.013511502061389728,0.013511502061368412,0.013511502061368412,0.013511502206923246
2024-03-02,Kai-Kai,0.0,10.6246579,14.9736643,0.0,0.0,0.0,0.0,-14.924715230483343,0.09059143,Kai-Kai,0.0,10.624999999999964,14.975000000000028,0.0,0.0,0.0,313.0599670410156,0.1879784911870956,1060754730.0,0,kai-kai,0,False,0.0006196984502659885,0.014442289041428987,0.027953791102776085,0.027953791102776085,0.02795379110277608
2024-04-04,Gobo,0.0,10.0676925,15.4685991,0.0,0.0,0.0,0.0,-15.929172201201787,0.069122314,Gobo,0.0,10.074999999999957,15.375,0.0,0.0,0.0,332.77789306640625,0.0152405689255484,1060754730.0,1,gobo,0,False,0.11391994804936541,0.6152860785463116,0.6550545847737482,0.7863429770194186,0.8105070988941793
2024-04-09,Gobo,0.0,10.0676925,15.4685991,0.0,0.0,0.0,0.0,-15.929172201201787,0.06813049,Gobo,0.0,10.074999999999957,15.375,0.0,0.0,0.0,332.77789306640625,0.0152405689255484,1060754730.0,1,gobo,0,False,0.07007576134684182,0.1234228610693843,0.7133766372827703,0.7476995319274853,0.8882675819073147
2024-04-13,Zina,0.2003698498010635,11.2302296,14.8939423,0.2003698498010635,1.4857294708490372,1.4857294708490372,1.4857294708490372,-13.17631945194088,0.071128845,Zina,0.0,11.224999999999971,14.875000000000028,0.0,0.0,0.0,303.95135498046875,0.0204014666378498,1060707270.0,1,zina,0,False,1.6076757224134146,1.852569778738043,2.7580937638930436,2.8622267574646,3.160231798097243
2024-04-18,Makary,0.0,,,0.0,0.0,0.0,1.5615028142929075,-11.610692660858506,0.21350098,Makary,0.0,,,0.0,0.0,0.0,288.9185791015625,0.0024472374934703,1060707270.0,1,makary,0,False,0.10226827347461208,1.5488213705582858,2.7994691570136365,3.658103221114096,4.01700580014756
2024-05-08,Yagoua,0.0,10.2111589,15.2469254,0.0,0.0,0.0,4.896216869354248,-15.837126759063636,0.14907074,Yagoua,0.0,10.22499999999996,15.225000000000032,0.0,0.0,0.0,328.3748474121094,0.0152405686676502,1060832320.0,1,yagoua,0,True,0.7843126718715396,3.093822897810908,4.511181474821437,7.998427824510179,11.985640992764871
2024-05-09,Zina,0.0,11.2302296,14.8939423,0.0,0.0,0.0,0.0,-14.662048922789916,0.06374359,Zina,0.0,11.224999999999971,14.875000000000028,0.0,0.0,0.0,303.95135498046875,0.0204014666378498,1060707270.0,1,zina,0,False,1.6749310488942555,3.2949216507551378,4.106101152193483,5.067185827715346,7.585410810952746
2024-06-02,Maga,0.0,,,0.0,13.817083358764648,29.067196369171143,35.04807376861572,14.375628792411304,0.128479,Maga,0.0625,,,0.0625,0.0625,0.046875,308.7756652832031,0.1879784911870956,1060707270.0,1,maga,0,False,13.45318318019988,27.892625933084766,30.209876637917613,38.4223654517204,49.781541519748494
2024-06-08,Makary,0.0,,,0.0,15.098902702331545,30.952468872070312,51.67938995361328,19.34177621121181,0.21994019,Makary,0.0,,,0.0,0.0,0.0,288.9185791015625,0.0024472374934703,1060707270.0,1,makary,0,False,14.378869544709827,32.213655830912934,60.671521855530415,62.42190869074299,79.18178862197216
2024-06-12,Gaklé,0.2418420016765594,10.5222309,14.2649294,0.2418420016765594,4.430447906255722,19.47793373465538,56.234864085912704,3.552961956347149,0.4235878,Gaklé,0.0,10.524999999999965,14.275000000000018,0.0,0.0,0.0,419.5437927246094,0.1879784911870956,1060707270.0,1,gakle,0,False,17.068947933447234,40.01413373003771,78.11476057082089,88.05601172864002,94.87907547108382
2024-06-25,Salak,3.710495233535767,10.451401,14.237963,3.710495233535767,11.1314857006073,23.014728546142575,35.20289871096611,7.194829472413582,0.25102234,Salak,0.0,,,0.0,0.0,0.015625,429.826874,0.187978,1060754730.0,1,salak,0,False,18.55903881734296,36.860667720066886,63.219844598750655,97.41118593478404,129.1249786212497
2024-07-12,Doukoula,11.744314193725586,10.1185289,14.9710203,11.744314193725586,16.607959747314453,55.51712226867676,107.31651735305786,39.964859081713264,0.17733765,Doukoula,0.078125,,,0.0625,0.046875,0.078125,337.031921,0.187978,1060832320.0,1,doukoula,0,False,18.876543678192807,47.761351225446866,96.44649659703381,124.36326558966526,171.139978188016
2024-07-14,Yagoua,6.890199661254883,10.2111589,15.2469254,6.890199661254883,20.67059898376465,49.26748466491699,106.61368465423584,33.43035790585336,0.33847427,Yagoua,0.125,10.22499999999996,15.225000000000032,0.09375,0.0625,0.078125,328.3748474121094,0.0152405686676502,1060832320.0,1,yagoua,0,True,24.337497305955274,47.06666676697901,101.81979805295104,125.38875403479604,168.86110239980485
2024-07-31,Makary,31.513410568237305,,,31.513410568237305,63.02682018280029,134.87933349609375,189.81718015670776,123.26864083523525,0.40605164,Makary,0.0078125,,,0.0,0.0,0.0,288.9185791015625,0.0024472374934703,1060707270.0,1,makary,0,False,66.33041850474778,116.75829979869012,164.8114854363275,228.03022832367498,280.2175373005226
2024-07-31,Moulvoudaye,60.44457244873047,,,60.44457244873047,103.61926651000977,138.1590232849121,180.49551582336423,123.14259385919604,0.4885254,Moulvoudaye,0.0,,,0.0,0.0,0.0,335.166748046875,0.1879784911870956,1060754730.0,1,moulvoudaye,0,False,91.81203549595637,122.83036591946029,164.32548805603568,214.0320166416377,274.484818907585
2024-07-31,Salak,48.063236236572266,10.451401,14.237963,48.063236236572266,96.1264705657959,136.17916584014893,183.9778070449829,120.35926676641994,0.45968628,Salak,0.1015625,,,0.0625,0.078125,0.0625,429.826874,0.187978,1060754730.0,1,salak,0,False,91.81203549595637,122.83036591946029,164.32548805603568,214.0320166416377,274.484818907585
2024-07-31,Zina,44.47960662841797,11.2302296,14.8939423,44.47960662841797,88.9592113494873,150.03962564468384,203.3630886077881,135.37757672189392,0.36777496,Zina,0.0,11.224999999999971,14.875000000000028,0.0,0.0,0.0,303.95135498046875,0.0204014666378498,1060707270.0,1,zina,0,False,66.33041850474778,116.75829979869012,164.8114854363275,228.03022832367498,280.2175373005226
2024-07-31,Maroua I,55.87371826171875,10.5403214,14.2894117,55.87371826171875,93.12286376953124,148.99658203125,190.836119890213,133.08544482291506,0.45999146,Maroua I,0.0,,,0.0,0.0,0.0,410.5362854003906,0.1879784911870956,1060707270.0,1,maroua i,0,False,66.33041850474778,116.75829979869012,164.8114854363275,228.03022832367498,280.2175373005226
2024-07-31,Maroua II,49.91059875488281,10.6415798,14.3117543,49.91059875488281,99.82120323181154,149.73180770874023,189.2808368206024,133.56806845804732,0.46168518,Maroua II,1.375,,,0.59375,0.65625,0.25,447.19036865234375,0.1879784911870956,1060707270.0,1,maroua ii,0,False,66.33041850474778,116.75829979869012,164.8114854363275,228.03022832367498,280.2175373005226
2024-07-31,Kousséri,31.214767456054688,12.0610872,14.9685362,31.214767456054688,83.2393798828125,135.2639923095703,212.4650411605835,122.58116838448753,0.45617676,Kousséri,0.0546875,12.074999999999983,14.975000000000028,0.03125,0.046875,0.015625,292.59002685546875,0.0024472374934703,1060707270.0,1,kousseri,0,False,66.33041850474778,116.75829979869012,164.8114854363275,228.03022832367498,280.2175373005226
2024-07-31,Gaklé,55.87371826171875,10.5222309,14.2649294,55.87371826171875,93.12286376953124,148.99658203125,190.836119890213,133.07161025294178,0.4829979,Gaklé,0.0,10.524999999999965,14.275000000000018,0.0,0.0,0.0,419.5437927246094,0.1879784911870956,1060707270.0,1,gakle,0,False,66.33041850474778,116.75829979869012,164.8114854363275,228.03022832367498,280.2175373005226
2024-07-31,Harde,48.57411956787109,,,48.57411956787109,97.14824295043944,145.7223663330078,190.37374210357663,129.69527344316492,0.46168518,Harde,3.1953125,,,2.390625,2.40625,1.875,416.6739807128906,0.1879784911870956,1060707270.0,1,harde,0,False,66.33041850474778,116.75829979869012,164.8114854363275,228.03022832367498,280.2175373005226
2024-07-31,Maga,59.39862060546875,,,59.39862060546875,101.82620811462402,141.6838150024414,194.1406307220459,126.99224742568155,0.39846802,Maga,3.7890625,,,1.890625,3.203125,1.328125,308.7756652832031,0.1879784911870956,1060707270.0,1,maga,0,False,66.33041850474778,116.75829979869012,164.8114854363275,228.03022832367498,280.2175373005226
2024-07-31,Makabaye,52.29484939575195,10.5764701,14.3011699,52.29484939575195,94.13072967529295,146.42558097839355,183.3708357810974,130.53781682106614,0.48093033,Makabaye,4.2109375,10.574999999999964,14.32500000000002,2.890625,3.0,2.171875,404.8264770507813,0.1879784911870956,1060707270.0,1,makabaye,0,False,66.33041850474778,116.75829979869012,164.8114854363275,228.03022832367498,280.2175373005226
2024-07-31,Dougui,35.00182342529297,12.6249042,14.9787219,35.00182342529297,70.00364685058594,141.68475341796875,214.08310317993164,130.2425675885312,0.3313179,Dougui,0.015625,12.624999999999991,14.975000000000028,0.015625,0.015625,0.015625,289.944580078125,0.0024472374934703,1060695700.0,1,dougui,0,False,74.8722486190706,119.79231620666553,175.5170411178194,226.5712276717333,281.00783695184896
2024-07-31,Kai-Kai,53.55546569824219,10.6246579,14.9736643,53.55546569824219,98.18502235412598,120.41918611526488,150.3866868019104,105.49447088478156,0.4158554,Kai-Kai,0.0,10.624999999999964,14.975000000000028,0.0,0.0,0.0,313.0599670410156,0.1879784911870956,1060754730.0,1,kai-kai,0,False,91.81203549595637,122.83036591946029,164.32548805603568,214.0320166416377,274.484818907585
2024-07-31,Blangoua,28.97617721557617,12.7744071,14.603641,28.97617721557617,57.95235443115234,84.14562940597534,144.35545778274536,75.59594513012937,0.2751274,Blangoua,293.46875,12.774999999999997,14.625000000000025,281.34375,215.29688,14.765625,287.3567199707031,0.0024472374934703,1060695700.0,1,blangoua,0,False,74.8722486190706,119.79231620666553,175.5170411178194,226.5712276717333,281.00783695184896
2024-07-31,Vélé,46.43202209472656,,,46.43202209472656,83.57764053344727,106.30167961120604,143.04674673080444,90.83669004629944,0.41255188,Vélé,323.83594,,,288.0625,291.57812,252.4375,318.514893,0.015241,1060754730.0,1,vele,0,False,91.81203549595637,122.83036591946029,164.32548805603568,214.0320166416377,274.484818907585
2024-07-31,Kaélé,41.60625457763672,,,41.60625457763672,83.21250915527344,124.81876373291016,172.19411087036133,109.00596376090068,0.4741211,Kaélé,2.9453125,,,2.59375,2.171875,1.75,394.2374267578125,0.1879784911870956,1060832320.0,1,kaele,0,False,69.46084926170889,90.75121573462731,128.44737349109465,173.3084982593155,236.402520738671
2024-08-01,Maroua II,4.081692695617676,10.6415798,14.3117543,4.081692695617676,83.93865489959718,153.8135004043579,185.4969732761383,137.649761153665,0.48284912,Maroua II,0.8984375,,,1.375,0.375,0.125,447.19036865234375,0.1879784911870956,1060707270.0,1,maroua ii,0,False,58.092647646712464,120.0766159929897,157.79903947773093,231.28142174114507,283.92160626729856
2024-08-01,Salak,4.457823753356934,10.451401,14.237963,4.457823753356934,84.56321620941162,140.63698959350586,180.5176601409912,124.81709051977688,0.44276428,Salak,0.109375,,,0.1015625,0.0625,0.046875,429.826874,0.187978,1060754730.0,1,salak,0,False,77.13270522726901,126.40184858669565,162.48189521435089,219.00223436997234,279.63625357459233
2024-08-01,Tchatibali,7.520013809204102,,,7.520013809204102,71.9661979675293,117.99918460845949,155.7209711074829,101.50694598673648,0.50491333,Tchatibali,1.125,,,0.9375,0.734375,0.515625,351.9421081542969,0.0277432706207036,1060832320.0,1,tchatibali,0,False,58.20199193950723,99.00494019897985,132.81336598208463,180.66656826195782,244.70555961181373
2024-08-01,Moulvoudaye,5.859941005706787,,,5.859941005706787,92.20932912826538,144.0189642906189,179.3436985015869,129.00253486490283,0.46392822,Moulvoudaye,0.0,,,0.0,0.0,0.0,335.166748046875,0.1879784911870956,1060754730.0,1,moulvoudaye,0,False,77.13270522726901,126.40184858669565,162.48189521435089,219.00223436997234,279.63625357459233
2024-08-01,Kai-Kai,2.704241991043091,10.6246579,14.9736643,2.704241991043091,83.03744053840637,118.74108815193176,145.03512740135193,103.81637292144842,0.42136765,Kai-Kai,0.0,10.624999999999964,14.975000000000028,0.0,0.0,0.0,313.0599670410156,0.1879784911870956,1060754730.0,1,kai-kai,0,False,77.13270522726901,126.40184858669565,162.48189521435089,219.00223436997234,279.63625357459233
2024-08-01,Vélé,6.244504451751709,,,6.244504451751709,71.24933576583862,108.39495420455933,149.29125118255615,92.92996463965272,0.42999268,Vélé,393.0703,,,323.83594,287.3125,265.07812,318.514893,0.015241,1060754730.0,1,vele,0,False,77.13270522726901,126.40184858669565,162.48189521435089,219.00223436997234,279.63625357459233
2024-08-01,Doukoula,7.714451313018799,10.1185289,14.9710203,7.714451313018799,64.45087194442749,107.00318813323976,140.34271478652954,91.45092494627625,0.42921448,Doukoula,1.1953125,,,0.984375,0.796875,0.53125,337.031921,0.187978,1060832320.0,1,doukoula,0,False,58.20199193950723,99.00494019897985,132.81336598208463,180.66656826195782,244.70555961181373
2024-08-01,Zina,0.0,11.2302296,14.8939423,0.0,77.83930969238281,144.55871963500977,190.8031530380249,129.89667071221984,0.40382385,Zina,0.0,11.224999999999971,14.875000000000028,0.0,0.0,0.0,303.95135498046875,0.0204014666378498,1060707270.0,1,zina,0,False,58.092647646712464,120.0766159929897,157.79903947773093,231.28142174114507,283.92160626729856
2024-08-01,Mora,1.7472330331802368,11.1556241,14.2395159,1.7472330331802368,57.208603501319885,128.51607954502106,161.13290417194366,113.3368281696553,0.38324738,Mora,0.171875,11.174999999999972,14.225000000000016,0.140625,0.09375,0.046875,332.70477294921875,0.0204014666378498,1060707270.0,1,mora,0,True,58.092647646712464,120.0766159929897,157.79903947773093,231.28142174114507,283.92160626729856
2024-08-01,Kar-Hay,9.992676734924316,,,9.992676734924316,62.87239646911621,102.53218603134157,136.04672718048096,86.76416305282831,0.42921448,Kar-Hay,0.5703125,,,0.46875,0.375,0.25,342.6171264648437,0.1879784911870956,1060832320.0,1,kar-hay,0,False,58.20199193950723,99.00494019897985,132.81336598208463,180.66656826195782,244.70555961181373
2024-08-01,Maga,3.4957220554351807,,,3.4957220554351807,88.3508951663971,139.26400017738342,178.4399073123932,124.5724326006236,0.42999268,Maga,5.2890625,,,3.7890625,2.140625,0.765625,308.7756652832031,0.1879784911870956,1060707270.0,1,maga,0,False,58.092647646712464,120.0766159929897,157.79903947773093,231.28142174114507,283.92160626729856
2024-08-01,Kousséri,3.101152181625366,12.0610872,14.9685362,3.101152181625366,65.53068709373474,138.36514449119568,191.44326281547544,125.68232056611288,0.47898865,Kousséri,0.0859375,12.074999999999983,14.975000000000028,0.0546875,0.03125,0.015625,292.59002685546875,0.0024472374934703,1060707270.0,1,kousseri,0,False,58.092647646712464,120.0766159929897,157.79903947773093,231.28142174114507,283.92160626729856
2024-08-01,Makary,3.0977933406829834,,,3.0977933406829834,55.62014365196228,129.15143370628357,181.5306665897369,117.54074104542508,0.46528625,Makary,0.0078125,,,0.0078125,0.0,0.0,288.9185791015625,0.0024472374934703,1060707270.0,1,makary,0,False,58.092647646712464,120.0766159929897,157.79903947773093,231.28142174114507,283.92160626729856
2024-08-01,Kaélé,5.352111339569092,,,5.352111339569092,67.76149320602417,130.17087507247925,177.54622220993042,114.35807510046976,0.46922302,Kaélé,3.6328125,,,2.9453125,2.53125,1.65625,394.2374267578125,0.1879784911870956,1060832320.0,1,kaele,0,False,58.20199193950723,99.00494019897985,132.81336598208463,180.66656826195782,244.70555961181373
2024-08-01,Gaklé,3.3796396255493164,10.5222309,14.2649294,3.3796396255493164,77.87793064117432,152.37622165679932,190.3437466621399,136.4512498784911,0.47945786,Gaklé,0.0,10.524999999999965,14.275000000000018,0.0,0.0,0.0,419.5437927246094,0.1879784911870956,1060707270.0,1,gakle,0,False,58.092647646712464,120.0766159929897,157.79903947773093,231.28142174114507,283.92160626729856
2024-08-01,Makabaye,3.405907154083252,10.5764701,14.3011699,3.405907154083252,76.61869668960571,149.8314881324768,183.50226545333865,133.9437239751494,0.50037384,Makabaye,3.875,10.574999999999964,14.32500000000002,4.2109375,2.59375,1.734375,404.8264770507813,0.1879784911870956,1060707270.0,1,makabaye,0,False,58.092647646712464,120.0766159929897,157.79903947773093,231.28142174114507,283.92160626729856
2024-08-01,Maroua I,3.3796396255493164,10.5403214,14.2894117,3.3796396255493164,77.87793064117432,152.37622165679932,190.3437466621399,136.46508444846438,0.4571228,Maroua I,0.0,,,0.0,0.0,0.0,410.5362854003906,0.1879784911870956,1060707270.0,1,maroua i,0,False,58.092647646712464,120.0766159929897,157.79903947773093,231.28142174114507,283.92160626729856
2024-08-01,Harde,3.43238377571106,,,3.43238377571106,81.15097737312317,149.15475010871887,189.3470070362091,133.12765721887598,0.48284912,Harde,2.984375,,,3.1953125,2.203125,1.59375,416.6739807128906,0.1879784911870956,1060707270.0,1,harde,0,False,58.092647646712464,120.0766159929897,157.79903947773093,231.28142174114507,283.92160626729856
2024-08-02,Makabaye,0.0,10.5764701,14.3011699,0.0,55.700756549835205,128.9135479927063,180.22778797149655,113.02578383537887,0.47992706,Makabaye,3.078125,10.574999999999964,14.32500000000002,3.875,2.890625,2.234375,404.8264770507813,0.1879784911870956,1060707270.0,1,makabaye,0,False,39.05306839447334,105.01549006737447,152.30908843597896,210.10154783572577,283.4122585192808
2024-08-02,Kaélé,2.676055669784546,,,2.676055669784546,49.63442158699036,112.04380345344543,180.22227787971497,96.23100348143596,0.45191956,Kaélé,4.28125,,,3.6328125,2.59375,1.515625,394.2374267578125,0.1879784911870956,1060832320.0,1,kaele,0,False,46.08992189454136,91.67977546337818,132.5639557562682,168.0861646201965,239.962766594091
2024-08-02,Harde,0.0,,,0.0,52.00650334358215,129.72510075569153,184.8878881931305,113.69800786584862,0.49249268,Harde,2.5234375,,,2.984375,2.390625,1.9375,416.6739807128906,0.1879784911870956,1060707270.0,1,harde,0,False,39.05306839447334,105.01549006737447,152.30908843597896,210.10154783572577,283.4122585192808
2024-08-02,Vélé,0.0,,,0.0,52.67652654647827,108.39495420455933,143.96161222457886,92.92996463965272,0.40000916,Vélé,457.33594,,,393.0703,288.0625,273.3125,318.514893,0.015241,1060754730.0,1,vele,0,False,54.82406907020164,113.3105559437655,161.33866352378826,204.77433188036693,279.61882986334257
2024-08-02,Moulvoudaye,0.0,,,0.0,66.30451345443726,135.3840250968933,179.3436985015869,120.36759567117724,0.49290466,Moulvoudaye,0.0,,,0.0,0.0,0.0,335.166748046875,0.1879784911870956,1060754730.0,1,moulvoudaye,0,False,54.82406907020164,113.3105559437655,161.33866352378826,204.77433188036693,279.61882986334257
2024-08-02,Salak,0.0,10.451401,14.237963,0.0,52.5210599899292,124.61591148376463,180.5176601409912,108.79601241003566,0.4864807,Salak,0.09375,,,0.109375,0.0625,0.046875,429.826874,0.187978,1060754730.0,1,salak,0,False,54.82406907020164,113.3105559437655,161.33866352378826,204.77433188036693,279.61882986334257
2024-08-02,Gaklé,0.0,10.5222309,14.2649294,0.0,59.25335788726807,133.75164890289307,186.47173380851743,117.82667712458483,0.46710968,Gaklé,0.0,10.524999999999965,14.275000000000018,0.0,0.0,0.0,419.5437927246094,0.1879784911870956,1060707270.0,1,gakle,0,False,39.05306839447334,105.01549006737447,152.30908843597896,210.10154783572577,283.4122585192808
2024-08-02,Zina,3.9516210556030273,11.2302296,14.8939423,3.9516210556030273,48.431227684021,126.2705373764038,188.47480630874637,111.60848845361387,0.3696518,Zina,0.0,11.224999999999971,14.875000000000028,0.0,0.0,0.0,303.95135498046875,0.0204014666378498,1060707270.0,1,zina,0,False,39.05306839447334,105.01549006737447,152.30908843597896,210.10154783572577,283.4122585192808
2024-08-02,Doukoula,0.0,10.1185289,14.9710203,0.0,50.26676607131958,99.9111351966858,140.34271478652954,84.35887200972229,0.40299988,Doukoula,1.46875,,,1.1953125,0.84375,0.484375,337.031921,0.187978,1060832320.0,1,doukoula,0,False,46.08992189454136,91.67977546337818,132.5639557562682,168.0861646201965,239.962766594091
2024-08-02,Maroua I,0.0,10.5403214,14.2894117,0.0,59.25335788726807,133.75164890289307,186.47173380851743,117.84051169455812,0.47994995,Maroua I,0.0,,,0.0,0.0,0.0,410.5362854003906,0.1879784911870956,1060707270.0,1,maroua i,0,False,39.05306839447334,105.01549006737447,152.30908843597896,210.10154783572577,283.4122585192808
2024-08-03,Kai-Kai,2.704241991043091,10.6246579,14.9736643,2.704241991043091,5.408483982086182,112.5194182395935,147.73936939239502,97.59470300911016,0.35214233,Kai-Kai,0.0,10.624999999999964,14.975000000000028,0.0,0.0,0.0,313.0599670410156,0.1879784911870956,1060754730.0,1,kai-kai,0,False,7.0172074177465245,110.23808075295334,155.39250217705685,205.5141426818442,258.4375697263005
2024-08-03,Maroua II,0.0,10.6415798,14.3117543,0.0,4.08169269561769,133.84925937652588,181.5641951560974,117.68552012583297,0.46669006,Maroua II,0.3046875,,,0.53125,1.375,1.171875,447.19036865234375,0.1879784911870956,1060707270.0,1,maroua ii,0,False,4.920391420039851,81.61976280757389,147.3016102028315,208.5797841528379,266.79539275897594
2024-08-04,Maga,10.48716640472412,,,10.48716640472412,10.48716640472412,115.80909657478333,167.49777722358704,101.11752899802347,0.34805298,Maga,2.8203125,,,3.203125,5.2890625,3.203125,308.7756652832031,0.1879784911870956,1060707270.0,1,maga,0,False,4.208597646033532,74.25326420205431,135.75079136721604,201.8727235418108,269.11873198145986
2024-08-05,Mora,0.0,11.1556241,14.2395159,0.0,5.2416990995407104,62.4503026008606,141.36950874328613,47.27105122549485,0.29760742,Mora,0.0703125,11.174999999999972,14.225000000000016,0.09375,0.1796875,0.09375,332.70477294921875,0.0204014666378498,1060707270.0,1,mora,0,True,7.3645797580195165,65.96843783516636,138.08984585992349,189.16823767661577,265.6599568960403
2024-08-06,Mozogo,30.33835792541504,11.0405929,13.8724737,30.33835792541504,34.660536766052246,73.73563766479492,143.24148178100586,56.661526997503486,0.34448242,Mozogo,0.0234375,11.02499999999997,13.875000000000012,0.0234375,0.0234375,0.015625,453.55511474609375,0.1944153159856796,1060707270.0,1,mozogo,0,False,22.802035340132424,62.550036672938134,147.64390594633898,201.052279827352,280.90252108727066
2024-08-08,Makary,6.82545804977417,,,6.82545804977417,13.65091609954834,22.94429588317871,152.09572958946228,11.333603222320203,0.46484375,Makary,0.0234375,,,0.0234375,0.015625,0.0078125,288.9185791015625,0.0024472374934703,1060707270.0,1,makary,0,False,24.004654564557455,31.880444753011346,151.95706074600108,189.67948423074228,273.756162569124
2024-08-19,Darak,0.0,12.7712781,14.3276351,0.0,5.755002021789551,32.11484432220459,77.43128871917725,23.763707381204217,0.40835953,Darak,0.328125,12.774999999999997,14.32500000000002,0.4296875,0.71875,0.015625,282.91015625,0.0024472374934703,1060695540.0,1,darak,0,False,22.418332844336785,47.91130498242708,122.33119741419603,174.59276233616646,250.79141420253006
2024-08-25,Maroua I,2.928618192672729,10.5403214,14.2894117,2.928618192672729,37.1837477684021,60.568051517009735,109.63657873868942,44.65691430867481,0.49667358,Maroua I,0.0,,,0.0,0.0078125,0.0,410.5362854003906,0.1879784911870956,1060707270.0,1,maroua i,0,False,31.68880974584905,49.04298849487747,110.54741037447761,167.4876491344448,276.2005264174184
2024-08-26,Gobo,12.737488746643066,10.0676925,15.4685991,12.737488746643066,20.97463798522949,51.06753635406494,106.1558780670166,35.138364152863154,0.39617538,Gobo,21.945312,10.074999999999957,15.375,22.140625,23.75,14.859375,332.77789306640625,0.0152405689255484,1060754730.0,1,gobo,0,False,11.780059991101306,45.439111234981944,98.06074285239141,131.71050843412092,251.65116129825302
2024-08-28,Yagoua,6.744024276733398,10.2111589,15.2469254,6.744024276733398,19.59202718734741,62.08760952949524,107.95650482177734,46.2504827704316,0.44075012,Yagoua,3.6015625,10.22499999999996,15.225000000000032,3.828125,4.046875,4.1015625,328.3748474121094,0.0152405686676502,1060832320.0,1,yagoua,1,True,27.090675428808837,58.39594931537046,110.55392627403093,142.920801597912,213.47215601542004
2024-08-28,Blangoua,10.161334037780762,12.7744071,14.603641,10.161334037780762,17.804102420806885,35.7299270182848,66.98237223923206,27.18024274243881,0.32757187,Blangoua,1120.5703,12.774999999999997,14.625000000000025,978.2344,714.89844,426.64844,287.3567199707031,0.0024472374934703,1060695700.0,1,blangoua,1,False,18.178752712064473,49.478484082917205,106.21327473212172,148.8286041030156,221.05698379119931
2024-08-28,Makary,18.13011932373047,,,18.13011932373047,24.88070321083069,50.96355959773064,98.88514801859856,39.35286693687213,0.43711853,Makary,0.0234375,,,0.0234375,0.03125,0.0390625,288.9185791015625,0.0024472374934703,1060707270.0,1,makary,1,False,23.81162696967379,58.29908026175118,117.31459885347843,167.940810472454,253.60052139686456
2024-08-28,Zina,12.968536376953123,11.2302296,14.8939423,12.968536376953123,16.24984222650528,56.35010331869125,117.66369038820268,41.68805439590134,0.4009056,Zina,0.0078125,11.224999999999971,14.875000000000028,0.015625,0.0078125,0.0,303.95135498046875,0.0204014666378498,1060707270.0,1,zina,1,False,23.81162696967379,58.29908026175118,117.31459885347843,167.940810472454,253.60052139686456
2024-08-28,Maga,10.55084228515625,,,10.55084228515625,14.384360313415527,47.200581312179565,112.00446021556854,32.50901373541973,0.4033203,Maga,7.2890625,,,8.4375,11.1328125,8.5625,308.7756652832031,0.1879784911870956,1060707270.0,1,maga,1,False,23.81162696967379,58.29908026175118,117.31459885347843,167.940810472454,253.60052139686456
2024-08-29,Mokolo,74.97225189208984,10.6648854,13.8506852,74.97225189208984,99.07950448989868,146.4072790145874,187.60685163736343,127.58179856783558,0.4385643,Mokolo,1.4375,10.674999999999963,13.875000000000012,1.4453125,1.5859375,1.421875,741.9115600585938,0.0360344015061855,1060832310.0,1,mokolo,0,False,80.4977791354604,119.03098055025202,150.04048372932874,199.7058277857473,264.29983918753874
2024-09-02,Yagoua,28.14033317565918,10.2111589,15.2469254,28.14033317565918,40.6048059463501,92.68239831924438,143.5007562637329,76.84527156018075,0.44040298,Yagoua,3.484375,10.22499999999996,15.225000000000032,3.671875,3.984375,4.0390625,328.3748474121094,0.0152405686676502,1060832320.0,1,yagoua,0,True,39.627113540379035,90.94564855352058,133.59211730606438,189.91059554948373,227.73334895859512
2024-09-02,Kolofata,27.48653221130371,11.1405968,14.0155389,27.48653221130371,28.250166296958923,117.71196711063384,159.93272989988327,101.79011442785242,0.37472153,Kolofata,3.5625,11.124999999999972,14.025000000000016,3.890625,4.578125,3.09375,372.999755859375,0.0204014666378498,1060707270.0,1,kolofata,0,False,32.0320219495947,114.7543822077998,153.02525896735514,214.51566684141955,288.15478310310186
2024-09-02,Dougui,35.59693908691406,12.6249042,14.9787219,35.59693908691406,55.34087121486664,134.17227518558502,170.6750380247831,122.73008935614746,0.43263626,Dougui,4.75,12.624999999999991,14.975000000000028,6.84375,17.59375,0.0546875,289.944580078125,0.0024472374934703,1060695700.0,1,dougui,0,False,43.306900519075135,104.78019392176225,142.67056579015536,201.91289982749382,251.34605082215015
2024-09-02,Blangoua,28.31824111938477,12.7744071,14.603641,28.31824111938477,36.28707557916641,88.67756658792496,113.15828181803226,80.12788231207898,0.43825912,Blangoua,2044.0703,12.774999999999997,14.625000000000025,1946.3828,1679.8516,849.5469,287.3567199707031,0.0024472374934703,1060695700.0,1,blangoua,0,False,43.306900519075135,104.78019392176225,142.67056579015536,201.91289982749382,251.34605082215015
2024-09-02,Darak,23.98900604248047,12.7712781,14.3276351,23.98900604248047,40.71233659982681,91.70469170808792,116.58013546466827,83.35355476708754,0.46691132,Darak,1.6640625,12.774999999999997,14.32500000000002,2.546875,7.2109375,0.09375,282.91015625,0.0024472374934703,1060695540.0,1,darak,0,False,39.273473512589725,89.51024367553882,124.07219133433526,171.98349631676234,254.47206331180053
2024-09-02,Hilé - Alifa,25.021923065185547,12.6840971,14.350398,25.021923065185547,42.585753202438354,106.17626929283142,136.3782194852829,96.3687520285314,0.47240067,Hilé - Alifa,2.4140625,12.674999999999994,14.37500000000002,3.8203125,12.96875,0.0078125,282.8954772949219,0.0024472374934703,1060695540.0,1,hile - alifa,0,False,39.273473512589725,89.51024367553882,124.07219133433526,171.98349631676234,254.47206331180053
2024-09-02,Makary,39.49545669555664,,,39.49545669555664,50.49358034133911,124.77867722511292,156.76379534602165,113.1679845642544,0.48687744,Makary,13.390625,,,21.476562,62.320312,0.0234375,288.9185791015625,0.0024472374934703,1060707270.0,1,makary,0,False,32.0320219495947,114.7543822077998,153.02525896735514,214.51566684141955,288.15478310310186
2024-09-03,Dougui,0.0,12.6249042,14.9787219,0.0,53.39540863037109,131.98792970180511,170.6750380247831,120.54574387236757,0.42502594,Dougui,3.734375,12.624999999999991,14.975000000000028,4.75,10.703125,0.046875,289.944580078125,0.0024472374934703,1060695700.0,1,dougui,0,False,37.484769210020595,103.0702708586607,143.4104239115961,201.20080099881798,249.3356056837521
2024-09-03,Kar-Hay,0.0,,,0.0,32.10772705078125,87.88085389137268,135.8800883293152,72.11283091285944,0.43336487,Kar-Hay,1.5,,,1.3828125,1.515625,1.5390625,342.6171264648437,0.1879784911870956,1060832320.0,1,kar-hay,0,False,30.23311338656959,88.28847439218976,138.55025430448384,191.4504552825762,226.37966257067717
2024-09-03,Darak,0.0,12.7712781,14.3276351,0.0,39.98167705535889,89.6720295548439,116.58013546466827,81.32089261384353,0.4473648,Darak,1.1796875,12.774999999999997,14.32500000000002,1.6640625,4.1875,0.078125,282.91015625,0.0024472374934703,1060695540.0,1,darak,0,False,44.38898911831191,93.28618802361801,129.74430529481043,176.63437511366854,259.319171771005
2024-09-03,Blangoua,0.0,12.7744071,14.603641,0.0,35.39780139923096,86.90581661462784,113.15828181803226,78.35613233878186,0.4333954,Blangoua,2148.5234,12.774999999999997,14.625000000000025,2044.0703,1838.2344,978.2344,287.3567199707031,0.0024472374934703,1060695700.0,1,blangoua,0,False,37.484769210020595,103.0702708586607,143.4104239115961,201.20080099881798,249.3356056837521
2024-09-03,Hilé - Alifa,0.0,12.6840971,14.350398,0.0,41.70320510864258,103.82175803184508,136.3782194852829,94.01424076754506,0.45160675,Hilé - Alifa,1.6875,12.674999999999994,14.37500000000002,2.4140625,6.625,0.0078125,282.8954772949219,0.0024472374934703,1060695540.0,1,hile - alifa,0,False,44.38898911831191,93.28618802361801,129.74430529481043,176.63437511366854,259.319171771005
2024-09-04,Maroua II,7.477538108825684,10.6415798,14.3117543,7.477538108825684,22.432614326477065,90.66329801082613,149.22926032543182,74.4995587601332,0.48272705,Maroua II,0.5,,,0.328125,0.1171875,0.28125,447.19036865234375,0.1879784911870956,1060707270.0,1,maroua ii,0,False,36.670911311149176,101.22906741925354,159.52814768100475,218.543666272732,288.8611509809518
2024-09-05,Darak,31.98534202575684,12.7712781,14.3276351,31.98534202575684,31.98534202575684,89.6197138428688,147.2454017996788,81.26857690186843,0.42633438,Darak,0.7265625,12.774999999999997,14.32500000000002,0.8828125,1.6640625,8.9453125,282.91015625,0.0024472374934703,1060695540.0,1,darak,0,False,32.39941224055012,84.87882590549033,154.1520576806057,183.96477350448816,259.1229089823016
2024-09-27,Mozogo,0.0,11.0405929,13.8724737,0.0,5.485028266906738,20.90956687927246,62.11930897086859,3.835456211981026,0.34793472,Mozogo,0.3203125,11.02499999999997,13.875000000000012,0.3359375,0.3515625,0.34375,453.55511474609375,0.1944153159856796,1060707270.0,1,mozogo,0,False,1.2306634932000844,16.26199402140474,55.1966263280254,92.70673458929443,223.6590099211854
2024-10-23,Kar-Hay,0.0,,,0.0,0.0,3.5252060890197754,14.24374222755432,-12.24281688949347,0.16062927,Kar-Hay,0.34765625,,,0.37890625,0.44140625,0.59765625,342.6171264648437,0.1879784911870956,1060832320.0,1,kar-hay,0,False,0.01734909531927221,6.257719429435222,29.008733424398994,66.28251229067023,95.27330170292701
2024-10-27,Mokolo,0.0,10.6648854,13.8506852,0.0,0.0,0.0,4.477283954620361,-18.825480446751826,0.16523361,Mokolo,0.48828125,10.674999999999963,13.875000000000012,0.53125,0.62109375,0.67578125,741.9115600585938,0.0360344015061855,1060832310.0,1,mokolo,0,False,0.0,0.3308046436885147,8.776155187558397,35.08392975753502,80.0749938441081
2024-10-30,Gaklé,0.0,10.5222309,14.2649294,0.0,0.0,0.0,2.604605436325073,-15.924971778308231,0.19948196,Gaklé,0.00390625,10.524999999999965,14.275000000000018,0.00390625,0.00390625,0.00390625,419.5437927246094,0.1879784911870956,1060707270.0,1,gakle,0,False,0.0,0.022452716356673202,5.810928042868692,18.83172313025301,50.525851510589426
2024-11-21,Tchatibali,0.0,,,0.0,0.0,0.0,0.0,-16.492238621722993,0.18582153,Tchatibali,0.0,,,0.00390625,0.00390625,0.00390625,351.9421081542969,0.0277432706207036,1060832320.0,0,tchatibali,0,False,0.0,0.0,0.0,0.02703648221847985,0.17269348895996062
2024-11-28,Kar-Hay,0.0,,,0.0,0.0,0.0,0.0,-15.768022978513246,0.10946655,Kar-Hay,0.0,,,0.0,0.0,0.0,342.6171264648437,0.1879784911870956,1060832320.0,0,kar-hay,0,False,0.0,0.0,0.0,0.0,0.02703648221847985
2024-11-28,Makabaye,0.0,10.5764701,14.3011699,0.0,0.0,0.0,0.0,-15.88776415732742,0.20503235,Makabaye,3.3242188,10.574999999999964,14.32500000000002,3.328125,3.3398438,3.3632812,404.8264770507813,0.1879784911870956,1060707270.0,0,makabaye,0,False,0.0,0.0,0.0,0.0009162241697421875,0.1344951736623334
2024-12-17,Maroua II,0.0,10.6415798,14.3117543,0.0,0.0,0.0,0.0,-16.16373925069292,0.20487976,Maroua II,0.0078125,,,0.0078125,0.0078125,0.0078125,447.19036865234375,0.1879784911870956,1060707270.0,0,maroua ii,0,False,3.4774592347375024e-05,3.4774592330499634e-05,3.4774592344724367e-05,7.912224555565049e-05,7.912224555565049e-05
2024-12-22,Makabaye,0.0,10.5764701,14.3011699,0.0,0.0,0.0,0.0,-15.88776415732742,0.2049141,Makabaye,3.140625,10.574999999999964,14.32500000000002,3.1484375,3.15625,3.1796875,404.8264770507813,0.1879784911870956,1060707270.0,0,makabaye,0,False,0.0,3.4774592330499634e-05,3.4774592344724367e-05,7.912224555565049e-05,7.912224555565049e-05
2024-12-24,Makabaye,0.0,10.5764701,14.3011699,0.0,0.0,0.0,0.0,-15.88776415732742,0.20488739,Makabaye,3.1328125,10.574999999999964,14.32500000000002,3.1328125,3.1484375,3.171875,404.8264770507813,0.1879784911870956,1060707270.0,0,makabaye,0,False,0.0,0.0,3.4774592344724367e-05,3.4774592344724367e-05,7.912224555565049e-05
2025-01-11,Hina,0.0,10.3304094,13.822817,0.0,0.0,0.0,0.0,-18.424824189888792,0.1975708,Hina,0.0,10.32499999999996,13.825000000000012,0.0,0.0,0.0,627.6494750976562,0.0360344015061855,1060832310.0,0,hina,0,False,0.0,0.0,0.0,0.0,0.00014000097250947634
2025-01-15,Maga,0.0,,,0.0,0.0,0.0,0.0,-14.691567576759835,0.19752502,Maga,4.15625,,,4.171875,4.25,4.375,308.7756652832031,0.1879784911870956,1060707270.0,0,maga,0,False,0.0,0.0,0.0,0.0,0.0
2025-01-24,Kolofata,0.0,11.1405968,14.0155389,0.0,0.0,0.0,0.0,-15.921852682781434,0.19743347,Kolofata,1.859375,11.124999999999972,14.025000000000016,1.875,1.890625,1.953125,372.999755859375,0.0204014666378498,1060707270.0,0,kolofata,0,False,0.007165368476697138,0.007165368476680262,0.007165368476694487,0.007165368476694487,0.007165368476694487
2025-01-28,Hina,0.0,10.3304094,13.822817,0.0,0.0,0.059052413329482,0.059052413329482,-18.36577177655931,0.19744873,Hina,0.0,10.32499999999996,13.825000000000012,0.0,0.0,0.0,627.6494750976562,0.0360344015061855,1060832310.0,0,hina,0,False,0.0,0.06311275664788962,0.06311275664787541,0.06311275664787541,0.06311275664788252
2025-01-29,Kaélé,0.0,,,0.0,0.0,0.0,0.0,-15.81279997200948,0.19746399,Kaélé,0.0,,,0.0,0.0,0.0,394.2374267578125,0.1879784911870956,1060832320.0,0,kaele,0,False,0.0,0.002625968130436857,0.0038097902637350026,0.0038097902637350026,0.0038097902637350026
2025-01-29,Maga,0.0,,,0.0,0.0,0.0,0.0,-14.691567576759835,0.19746399,Maga,3.703125,,,3.703125,3.734375,3.90625,308.7756652832031,0.1879784911870956,1060707270.0,0,maga,0,False,0.0,0.004074337656108592,0.007716314882721636,0.007716314882721636,0.007716314882721636
2025-01-30,Makary,0.0,,,0.0,0.0,0.0,0.0,-11.610692660858506,0.19746399,Makary,0.0,,,0.0,0.0,0.0,288.9185791015625,0.0024472374934703,1060707270.0,0,makary,0,False,0.0,0.004071998817747266,0.007716314882721636,0.007716314882721636,0.007716314882721636
2025-02-03,Gobo,0.0,10.0676925,15.4685991,0.0,0.0,0.0,0.0,-15.929172201201787,0.19744873,Gobo,0.0,10.074999999999957,15.375,0.0,0.0,0.0,332.77789306640625,0.0152405689255484,1060754730.0,0,gobo,0,False,0.0,0.0,0.0002087356356533115,0.0002087356356533115,0.0002087356356533115
2025-02-04,Datchéka,0.0,,,0.0,0.0,0.0,0.0,-16.06365376211541,0.19743347,Datchéka,0.0,,,0.0,0.0,0.0,343.99566650390625,0.0152405686676502,1060832320.0,0,datcheka,0,False,0.0,0.0,0.0038092813591848714,0.0038097902637350026,0.0038097902637350026
2025-03-13,Kolofata,0.0,11.1405968,14.0155389,0.0,0.0,0.0,0.037671186029911,-15.921852682781434,0.19708252,Kolofata,1.71875,11.124999999999972,14.025000000000016,1.71875,1.71875,1.75,372.999755859375,0.0204014666378498,1060707270.0,0,kolofata,0,False,0.0,0.0,0.015551549104226889,0.06437898236995222,0.06479258767473439
2025-03-23,Mozogo,0.0,11.0405929,13.8724737,0.0,0.0,0.0,0.0534775536507368,-17.074110667291436,0.19670105,Mozogo,0.03125,11.02499999999997,13.875000000000012,0.03125,0.03125,0.03125,453.55511474609375,0.1944153159856796,1060707270.0,0,mozogo,0,False,0.10468783199794972,0.11017033605183639,0.34275626838328227,0.34275626838328227,0.4071352507532345
2025-03-28,Tchatibali,0.0,,,0.0,0.0,1.4590661823749542,1.4590661823749542,-15.03317243934804,0.19648743,Tchatibali,0.0,,,0.0,0.0,0.0,351.9421081542969,0.0277432706207036,1060832320.0,0,tchatibali,0,False,0.0,2.0159039243021035,2.1074624704316607,2.2341460727938527,2.3462370606096807
2025-03-29,Tchatibali,0.0,,,0.0,0.0,0.9727107882499696,1.4590661823749542,-15.519527833473024,0.19644165,Tchatibali,0.0,,,0.0,0.0,0.0,351.9421081542969,0.0277432706207036,1060832320.0,0,tchatibali,0,False,0.0,1.7450610288836121,2.0159039243020893,2.2341460727938527,2.301758288274013
2025-04-22,Hilé - Alifa,0.0,12.6840971,14.350398,0.0,0.0,0.0,0.0,-9.807517264300024,0.19467163,Hilé - Alifa,0.0,12.674999999999994,14.37500000000002,0.0,0.0,0.0,282.8954772949219,0.0024472374934703,1060695540.0,1,hile - alifa,0,False,0.06373309866342158,0.06481294771096965,1.8237649867216676,1.9373715336357726,1.9787957664584797
2025-04-23,Wina,0.0,,,0.0,0.0,0.0,1.7490313053131104,-16.12377577862122,0.19456482,Wina,0.0,,,0.0,0.0,0.0,332.6845397949219,0.0152405686676502,1060832320.0,1,wina,0,False,0.921141806564221,0.9211418065642032,2.7399791144924373,7.115251019371698,8.251428919272128
2025-04-27,Kai-Kai,5.879730701446533,10.6246579,14.9736643,5.879730701446533,11.759461402893066,11.759461402893066,11.759461402893066,-3.165253827590277,0.19410706,Kai-Kai,0.0,10.624999999999964,14.975000000000028,0.0,0.0,0.0,313.0599670410156,0.1879784911870956,1060754730.0,1,kai-kai,0,False,6.338864457420048,6.348075472937042,6.430349992853474,8.68835710273579,8.728876047575408
2025-04-30,Mora,0.0,11.1556241,14.2395159,0.0,0.0,5.728068828582764,5.728068828582764,-9.451182546782984,0.19384766,Mora,0.0,11.174999999999972,14.225000000000016,0.0,0.0,0.0,332.70477294921875,0.0204014666378498,1060707270.0,1,mora,0,True,1.5788282288685227,4.1053586004211144,4.385088541623173,5.770139885706884,6.265249564920608
2025-05-07,Hilé - Alifa,0.0,12.6840971,14.350398,0.0,0.7145651578903198,0.7145651578903198,0.7145651578903198,-9.092952106409705,0.19326782,Hilé - Alifa,0.0,12.674999999999994,14.37500000000002,0.0,0.0,0.0,282.8954772949219,0.0024472374934703,1060695540.0,1,hile - alifa,0,False,0.22156247399371584,0.555016590542742,1.868187302166222,1.9322832824118334,3.691952288887882
2025-05-09,Darak,0.0,12.7712781,14.3276351,0.0,0.937619924545288,1.307211935520172,1.307211935520172,-7.043925005480201,0.19303894,Darak,0.0,12.774999999999997,14.32500000000002,0.0,0.0,0.0,282.91015625,0.0024472374934703,1060695540.0,1,darak,0,False,0.7717581198080653,1.1546065453545828,2.558920590093908,2.6738818070027777,4.036022711088961
2025-05-23,Wina,0.0,,,0.0,0.0,21.693508982658383,23.2039337400347,5.569733204037167,0.19381714,Wina,0.0,,,0.0,0.0,0.0,332.6845397949219,0.0152405686676502,1060832320.0,1,wina,0,False,0.32149528864704535,24.065636873328863,26.379305684677142,31.001053992096598,45.28854739782993
2025-05-24,Wina,0.0,,,0.0,0.0,9.62889850139618,23.18531596660614,-6.49487727722504,0.19366455,Wina,0.0,,,0.0,0.0,0.0,332.6845397949219,0.0152405686676502,1060832320.0,1,wina,0,False,0.40815303109353374,14.232478662310253,26.343821964179178,29.81680207559777,45.37520514027642
2025-06-03,Dougui,0.0,12.6249042,14.9787219,0.0,47.95485305786133,47.95485305786133,47.95485305786133,36.51266722842376,0.2580719,Dougui,0.0,12.624999999999991,14.975000000000028,0.0,0.0,0.0,289.944580078125,0.0024472374934703,1060695700.0,1,dougui,0,False,31.700705804371886,32.80995431784651,34.89168159751087,43.58265081727396,45.97295967908055
2025-06-10,Kaélé,2.096054792404175,,,2.096054792404175,4.19210958480835,4.19210958480835,13.55281925201416,-11.62069038720113,0.19911194,Kaélé,0.0,,,0.0,0.0,0.0,394.2374267578125,0.1879784911870956,1060832320.0,1,kaele,0,False,5.5461608208288755,9.373249147988515,19.08752080306277,26.1512896781311,52.08695861121678
2025-06-15,Kai-Kai,2.24477767944336,10.6246579,14.9736643,2.24477767944336,7.580940008163452,13.129062140360476,26.877421820536256,-1.795653090122869,0.2007904,Kai-Kai,0.0,10.624999999999964,14.975000000000028,0.0,0.0,0.0,313.0599670410156,0.1879784911870956,1060754730.0,1,kai-kai,0,False,10.229488661823394,15.128421033075309,27.09390835344079,38.57302067921284,52.488815681744796
2025-06-26,Mozogo,7.4095778465271,11.0405929,13.8724737,7.4095778465271,28.802003383636475,48.98592805862427,107.2949242591858,31.911817391332832,0.20056152,Mozogo,0.015625,11.02499999999997,13.875000000000012,0.015625,0.015625,0.03125,453.55511474609375,0.1944153159856796,1060707270.0,1,mozogo,0,False,17.305083287778594,34.64162114510651,70.79486555045575,84.08114166706972,120.3371258492831
2025-07-01,Yagoua,11.946002006530762,10.2111589,15.2469254,11.946002006530762,40.50699138641357,54.73903465270996,83.2905764579773,38.901907893646325,0.20147705,Yagoua,0.171875,10.22499999999996,15.225000000000032,0.109375,0.0,0.0,328.3748474121094,0.0152405686676502,1060832320.0,1,yagoua,0,True,57.85596702993618,67.20002665854605,89.38950936701298,106.00403608225898,119.18964274550649
2025-07-09,Doukoula,0.0,10.1185289,14.9710203,0.0,13.249455451965332,29.774745106697083,93.10381615161896,14.222481919733587,0.20910645,Doukoula,0.21875,,,0.234375,0.234375,0.140625,337.031921,0.187978,1060832320.0,1,doukoula,0,False,14.891908191086259,27.726315744531608,111.79172773659042,134.42275135486432,157.83163154826116
2025-07-24,Maroua I,16.374460220336914,10.5403214,14.2894117,16.374460220336914,24.56169033050537,59.69680213928223,136.77786016464233,43.7856649309473,0.311615,Maroua I,0.0,,,0.0,0.0,0.0,410.5362854003906,0.1879784911870956,1060707270.0,1,maroua i,0,False,20.77944001105412,45.271434612518924,108.59653827049462,135.1044921470122,207.6333884757591
2025-07-25,Harde,0.0,,,0.0,18.250289916992188,50.32586097717285,137.37320232391355,34.29876808732995,0.33592224,Harde,3.0625,,,2.703125,2.1875,2.8125,416.6739807128906,0.1879784911870956,1060707270.0,1,harde,0,False,12.65381802098021,36.905545021886226,91.35117488678443,136.32615334216302,196.26536847583853
2025-07-30,Maga,15.478889465332031,,,15.478889465332031,15.478889465332031,38.95091152191162,103.17419528961182,24.259343945151784,0.30569458,Maga,2.328125,,,2.328125,3.25,1.28125,308.7756652832031,0.1879784911870956,1060707270.0,1,maga,0,False,17.643042639221953,37.89880275039805,82.00012596127023,139.796643583928,182.34490225138927
2025-08-05,Yagoua,21.262269973754883,10.2111589,15.2469254,21.262269973754883,21.262269973754883,78.13433313369751,109.59596300125122,62.29720637463387,0.25083923,Yagoua,1.921875,10.22499999999996,15.225000000000032,2.015625,1.8125,1.765625,328.3748474121094,0.0152405686676502,1060832320.0,1,yagoua,1,True,27.843401346542286,87.22948506630613,126.27873551189481,172.87119261052447,262.5568480215441
2025-08-05,Datchéka,21.158763885498047,,,21.158763885498047,21.158763885498047,88.70549726486206,118.94881010055542,72.64184350274665,0.25083923,Datchéka,2.8125,,,2.96875,2.75,2.84375,343.99566650390625,0.0152405686676502,1060832320.0,1,datcheka,1,False,27.843401346542286,87.22948506630613,126.27873551189481,172.87119261052447,262.5568480215441
2025-08-05,Kai-Kai,37.5906982421875,10.6246579,14.9736643,37.5906982421875,37.5906982421875,62.00460338592529,89.85144710540771,47.07988815544195,0.25083923,Kai-Kai,0.0,10.624999999999964,14.975000000000028,0.0,0.0,0.0,313.0599670410156,0.1879784911870956,1060754730.0,1,kai-kai,1,False,27.560992878594835,74.7408502642592,102.75061886937534,159.68130371466904,238.8612128410035
2025-08-05,Maga,23.509410858154297,,,23.509410858154297,23.509410858154297,62.49771118164063,85.96973323822021,47.80614360488079,0.25083923,Maga,2.765625,,,2.4375,2.40625,2.328125,308.7756652832031,0.1879784911870956,1060707270.0,1,maga,1,False,23.920209848102196,62.17370980684049,82.70870679414985,128.42870395033472,196.26715501254768
2025-08-05,Vélé,37.06937789916992,,,37.06937789916992,37.06937789916992,58.269805908203125,97.02804374694824,42.80481634329653,0.25083923,Vélé,1218.4062,,,1184.0781,854.4531,647.7031,318.514893,0.015241,1060754730.0,1,vele,1,False,27.560992878594835,74.7408502642592,102.75061886937534,159.68130371466904,238.8612128410035
2025-08-05,Guéré,23.845518112182617,,,23.845518112182617,31.794023990631104,85.07298040390015,117.31593036651611,69.12958058540033,0.25083923,Guéré,0.734375,,,0.765625,0.6875,0.71875,326.00750732421875,0.0152405686676502,1060832320.0,1,guere,1,False,27.843401346542286,87.22948506630613,126.27873551189481,172.87119261052447,262.5568480215441
2025-08-05,Tchatibali,18.936132431030277,,,18.936132431030277,18.936132431030277,78.34521913528442,119.34651231765748,61.85298051356144,0.25083923,Tchatibali,1.125,,,1.1875,1.078125,1.109375,351.9421081542969,0.0277432706207036,1060832320.0,1,tchatibali,1,False,27.843401346542286,87.22948506630613,126.27873551189481,172.87119261052447,262.5568480215441
2025-08-05,Kar-Hay,19.760740280151367,,,19.760740280151367,19.760740280151367,82.43835115432739,111.9577088356018,66.67032817581415,0.25083923,Kar-Hay,0.59375,,,0.625,0.578125,0.59375,342.6171264648437,0.1879784911870956,1060832320.0,1,kar-hay,1,False,27.843401346542286,87.22948506630613,126.27873551189481,172.87119261052447,262.5568480215441
2025-08-05,Wina,21.830358505249023,,,21.830358505249023,29.107144832611084,80.203773021698,116.71599054336548,64.07999724307678,0.25083923,Wina,4.640625,,,4.890625,4.515625,4.671875,332.6845397949219,0.0152405686676502,1060832320.0,1,wina,1,False,27.843401346542286,87.22948506630613,126.27873551189481,172.87119261052447,262.5568480215441
2025-08-05,Gobo,28.33142471313477,10.0676925,15.4685991,28.33142471313477,35.41428089141846,86.67986297607422,123.05577087402344,70.75069077487242,0.25083923,Gobo,10.671875,10.074999999999957,15.375,10.765625,10.109375,10.390625,332.77789306640625,0.0152405689255484,1060754730.0,1,gobo,1,False,27.560992878594835,74.7408502642592,102.75061886937534,159.68130371466904,238.8612128410035
2025-08-13,Kolofata,37.61049270629883,11.1405968,14.0155389,37.61049270629883,47.013115882873535,64.78316402435303,125.52746820449828,48.86131134157159,0.2671051,Kolofata,2.78125,11.124999999999972,14.025000000000016,2.578125,2.21875,2.578125,372.999755859375,0.0204014666378498,1060707270.0,1,kolofata,0,False,35.3052498950363,60.25627216573058,107.09390306575354,144.99270581615158,205.1190778938284
2025-08-13,Hina,44.40646743774414,10.3304094,13.822817,44.40646743774414,62.16905403137207,130.38940620422363,176.1241970062256,111.96458201433484,0.2671051,Hina,0.234375,10.32499999999996,13.825000000000012,0.25,0.28125,0.328125,627.6494750976562,0.0360344015061855,1060832310.0,1,hina,0,False,49.52692564463576,110.2239171906504,163.60299528953655,223.55991827751538,288.4732454178458
2025-08-14,Hina,8.881293296813965,10.3304094,13.822817,8.881293296813965,62.16905403137207,139.2706995010376,171.43625736236572,120.8458753111488,0.284729,Hina,0.234375,10.32499999999996,13.825000000000012,0.234375,0.28125,0.3125,627.6494750976562,0.0360344015061855,1060832310.0,1,hina,0,False,50.873664816736344,113.56150668952668,154.62753237170244,212.89253591867148,281.115545403369
2025-08-24,Tchatibali,0.0,,,0.0,18.982614517211918,47.63010835647583,101.87762022018433,31.13786973475284,0.2607727,Tchatibali,1.21875,,,1.28125,1.421875,1.390625,351.9421081542969,0.0277432706207036,1060832320.0,1,tchatibali,0,False,26.179177791421367,47.75214792399915,110.88858520503634,193.43145516334837,267.7541724499959
2025-08-26,Zina,0.0,11.2302296,14.8939423,0.0,9.193584442138672,64.46809005737305,116.35297775268556,49.80604113458313,0.4297638,Zina,0.0,11.224999999999971,14.875000000000028,0.0,0.0,0.0,303.95135498046875,0.0204014666378498,1060707270.0,1,zina,0,False,35.27986035839584,77.23716530308356,123.71717322520321,158.7632481417897,221.043959930509
2025-08-26,Tchatibali,6.229521751403809,,,6.229521751403809,18.884597778320312,59.35283279418945,96.1907992362976,42.86059417246646,0.4297638,Tchatibali,1.484375,,,1.296875,1.28125,1.421875,351.9421081542969,0.0277432706207036,1060832320.0,1,tchatibali,0,False,16.433943946591402,54.36772351826121,103.00328645581006,182.0612216100185,270.2519105254834
2025-08-27,Yagoua,8.835058212280273,10.2111589,15.2469254,8.835058212280273,21.372373580932617,40.17834663391113,114.7605323791504,24.341219874847496,0.40309143,Yagoua,2.359375,10.22499999999996,15.225000000000032,2.3359375,1.953125,2.109375,328.3748474121094,0.0152405686676502,1060832320.0,1,yagoua,0,True,20.091889266407623,46.43504580652337,93.94324721949995,177.21652744908363,274.3940833761882
2025-08-29,Kousséri,62.748565673828125,12.0610872,14.9685362,62.748565673828125,62.748565673828125,147.39589023590088,192.01613521575928,134.71306631081808,0.37316895,Kousséri,0.0390625,12.074999999999983,14.975000000000028,0.0390625,0.078125,0.015625,292.59002685546875,0.0024472374934703,1060707270.0,1,kousseri,0,False,72.65888400906819,126.23640122288374,165.39839089755648,227.6123533542622,276.0598013003552
2025-08-30,Hilé - Alifa,0.0,12.6840971,14.350398,0.0,31.2613525390625,78.15611839294434,119.56794595718384,68.3486011286443,0.3466339,Hilé - Alifa,0.0078125,12.674999999999994,14.37500000000002,0.0078125,0.0078125,0.0,282.8954772949219,0.0024472374934703,1060695540.0,1,hile - alifa,0,False,57.61449203136711,94.64054087032402,134.6960082733899,191.34255550432744,231.7435364754129
2025-09-01,Hilé - Alifa,15.46750831604004,12.6840971,14.350398,15.46750831604004,36.30841064453125,98.83111667633057,155.8763566017151,89.02359941203053,0.44804382,Hilé - Alifa,0.0078125,12.674999999999994,14.37500000000002,0.0078125,0.0078125,0.0,282.8954772949219,0.0024472374934703,1060695540.0,1,hile - alifa,0,False,39.06046756994678,98.33447394871729,160.35349872274085,203.48133576746744,252.95716801690415
2025-09-01,Mozogo,20.66794204711914,11.0405929,13.8724737,20.66794204711914,49.82275772094727,137.28720474243164,180.0151982307434,120.2130940751402,0.44804382,Mozogo,0.1953125,11.02499999999997,13.875000000000012,0.1953125,0.203125,0.125,453.55511474609375,0.1944153159856796,1060707270.0,1,mozogo,0,False,34.24977035292614,126.47251196674941,185.72224053581405,234.95637204867998,289.59211235188616
2025-09-02,Mokolo,21.08331298828125,10.6648854,13.8506852,21.08331298828125,65.04265403747559,156.54676628112793,213.79787254333496,137.72128583437612,0.44441223,Mokolo,2.3203125,10.674999999999963,13.875000000000012,2.3671875,2.546875,2.0859375,741.9115600585938,0.0360344015061855,1060832310.0,1,mokolo,0,False,33.37856682448417,95.46572668723259,148.92470484576512,213.59951886013474,311.03497678612246
2025-09-02,Kolofata,15.448387145996094,11.1405968,14.0155389,15.448387145996094,30.896774291992188,122.25370025634766,163.65975141525269,106.33184757356622,0.44441223,Kolofata,10.3359375,11.124999999999972,14.025000000000016,6.2890625,7.28125,11.3515625,372.999755859375,0.0204014666378498,1060707270.0,1,kolofata,0,False,30.45458044234255,115.66973788845463,192.90690319153822,239.38691111365787,297.9380376832327
2025-09-02,Mozogo,13.778629302978516,11.0405929,13.8724737,13.778629302978516,49.02397918701172,151.06583404541016,193.79382753372192,133.9917233781187,0.44441223,Mozogo,0.1953125,11.02499999999997,13.875000000000012,0.1953125,0.2109375,0.1640625,453.55511474609375,0.1944153159856796,1060707270.0,1,mozogo,0,False,30.45458044234255,115.66973788845463,192.90690319153822,239.38691111365787,297.9380376832327
2025-09-03,Kolofata,15.448387145996094,11.1405968,14.0155389,15.448387145996094,46.34516143798828,127.55131816864014,171.93836212158203,111.6294654858587,0.4573822,Kolofata,19.148438,11.124999999999972,14.025000000000016,10.3359375,6.640625,10.8671875,372.999755859375,0.0204014666378498,1060707270.0,1,kolofata,0,False,37.841019222763755,124.5939057444771,194.22002449974906,224.9472012148592,306.90673799188414
2025-09-03,Hina,23.472118377685547,10.3304094,13.822817,23.472118377685547,54.76827621459961,132.4512825012207,176.55044841766355,114.02645831133192,0.4573822,Hina,0.9296875,10.32499999999996,13.825000000000012,0.875,0.9375,1.0234375,627.6494750976562,0.0360344015061855,1060832310.0,1,hina,0,False,38.87885755912854,96.24662623503748,141.20743234352955,187.2867602054948,320.1789271442392
2025-09-03,Mokolo,7.02777099609375,10.6648854,13.8506852,7.02777099609375,49.19439697265625,152.13652324676514,202.52328300476077,133.31104280001333,0.4573822,Mokolo,2.546875,10.674999999999963,13.875000000000012,2.3203125,2.40625,2.6875,741.9115600585938,0.0360344015061855,1060832310.0,1,mokolo,0,False,38.87885755912854,96.24662623503748,141.20743234352955,187.2867602054948,320.1789271442392
2025-09-03,Mozogo,6.889314651489258,11.0405929,13.8724737,6.889314651489258,41.335886001586914,143.37774085998535,193.03957176208496,126.30363019269392,0.4573822,Mozogo,0.2578125,11.02499999999997,13.875000000000012,0.1953125,0.1953125,0.2109375,453.55511474609375,0.1944153159856796,1060707270.0,1,mozogo,0,False,37.841019222763755,124.5939057444771,194.22002449974906,224.9472012148592,306.90673799188414
2025-09-03,Mora,14.046201705932615,11.1556241,14.2395159,14.046201705932615,49.16170501708984,134.2222843170166,169.6572093963623,119.04303294165084,0.4573822,Mora,0.4609375,11.174999999999972,14.225000000000016,0.1796875,0.1015625,0.1171875,332.70477294921875,0.0204014666378498,1060707270.0,1,mora,0,True,37.841019222763755,124.5939057444771,194.22002449974906,224.9472012148592,306.90673799188414
2025-09-04,Mora,0.0,11.1556241,14.2395159,0.0,28.092403411865234,134.2222843170166,169.6572093963623,119.04303294165084,0.47084045,Mora,0.3671875,11.174999999999972,14.225000000000016,0.4609375,0.09375,0.109375,332.70477294921875,0.0204014666378498,1060707270.0,1,mora,0,True,22.198408847749768,110.4097116167524,182.68458042355965,222.94855388533662,287.87031135153376
2025-09-19,Blangoua,0.0,12.7744071,14.603641,0.0,0.0,19.874624252319336,26.48030996322632,11.324939976473354,0.22320557,Blangoua,2245.4453,12.774999999999997,14.625000000000025,2319.7734,2477.711,2584.5938,287.3567199707031,0.0024472374934703,1060695700.0,1,blangoua,0,False,5.540925593616588,30.917303352038264,56.17287461223166,113.86480397567827,240.82935916648987
2025-09-20,Yagoua,0.0,10.2111589,15.2469254,0.0,0.0,35.742016315460205,67.07511806488037,19.90488955639657,0.21472168,Yagoua,1.703125,10.22499999999996,15.225000000000032,1.828125,2.109375,2.1640625,328.3748474121094,0.0152405686676502,1060832320.0,1,yagoua,0,True,14.314052443905004,43.80855257825675,84.55995631380517,126.30390635998442,196.50808850852047
2025-10-11,Doukoula,0.0,10.1185289,14.9710203,0.0,0.1737782508134842,0.6114394441246986,15.782334543764591,-14.940823742838797,0.19847107,Doukoula,0.25,,,0.28125,0.359375,0.5078125,337.031921,0.187978,1060832320.0,1,doukoula,0,False,4.39035967831043,7.906113352655297,28.303610706628824,74.82413747923005,127.63084477714219
2025-10-15,Mozogo,0.0,11.0405929,13.8724737,0.0,4.798225402832031,15.167309522628784,15.571150977164509,-1.9068011446626516,0.19743347,Mozogo,0.1328125,11.02499999999997,13.875000000000012,0.1484375,0.171875,0.2265625,453.55511474609375,0.1944153159856796,1060707270.0,1,mozogo,0,False,2.4220604007096,9.047675633398143,13.83061484815595,42.444169432230325,85.31777630752451
2025-10-24,Kar-Hay,0.0,,,0.0,0.0,0.0,10.857877254486084,-15.768022978513246,0.1973877,Kar-Hay,0.0,,,0.0,0.0078125,0.0546875,342.6171264648437,0.1879784911870956,1060832320.0,1,kar-hay,0,False,3.3249294793980884,3.3812987843602302,27.097652459046426,31.75355918202178,62.09392122548086
2025-10-24,Maroua I,0.0,10.5403214,14.2894117,0.0,0.0,0.0,12.226564884185793,-15.911137208334928,0.1973877,Maroua I,0.0,,,0.0,0.0,0.0,410.5362854003906,0.1879784911870956,1060707270.0,1,maroua i,0,False,0.5979314583865196,0.6995382374491713,9.57367430634841,15.46876022881349,44.45480768286025
2025-11-16,Kaélé,0.0,,,0.0,0.0,0.0,0.0,-15.81279997200948,0.19741821,Kaélé,0.0,,,0.0,0.0,0.0,394.2374267578125,0.1879784911870956,1060832320.0,0,kaele,0,False,0.0,0.0,0.12819220392126465,6.047341478697432,11.781565361468228
2025-11-22,Vélé,0.0,,,0.0,0.0,0.0,0.0,-15.464989564906595,0.1973877,Vélé,74.27344,,,77.57031,85.203125,105.046875,318.514893,0.015241,1060754730.0,0,vele,0,False,0.007166583560450942,0.007166583560492687,0.007166583560464709,0.14729529300779168,0.6874764401548672
2025-12-05,Kar-Hay,0.0,,,0.0,0.0,0.0,0.0,-15.768022978513246,0.19734192,Kar-Hay,0.0,,,0.0,0.0,0.0,342.6171264648437,0.1879784911870956,1060832320.0,0,kar-hay,0,False,0.0,4.840374629720153e-05,4.840374628654339e-05,4.840374627943796e-05,0.00041942138506267967
2025-12-08,Maroua I,0.0,10.5403214,14.2894117,0.0,0.0,0.0,0.0,-15.911137208334928,0.1973877,Maroua I,0.0,,,0.0,0.0,0.0,410.5362854003906,0.1879784911870956,1060707270.0,0,maroua i,0,False,0.0,1.6547600792603331e-12,0.006594554302189449,0.012103208871678635,0.01242323873969017
2025-12-09,Yagoua,0.0,10.2111589,15.2469254,0.0,0.0,0.0,0.0,-15.837126759063636,0.19740295,Yagoua,0.0,10.22499999999996,15.225000000000032,0.0,0.0,0.0,328.3748474121094,0.0152405686676502,1060832320.0,0,yagoua,0,True,0.0,0.0009358762239236192,0.0009842799701995045,0.000984279970192399,0.0009842799701994974
2025-12-10,Hina,0.0,10.3304094,13.822817,0.0,0.0,0.0,0.0,-18.424824189888792,0.19741821,Hina,0.0,10.32499999999996,13.825000000000012,0.0,0.0,0.0,627.6494750976562,0.0360344015061855,1060832310.0,0,hina,0,False,0.0,0.0,0.00033240608784105825,0.0069933594266013985,0.006993359426608504
2025-12-12,Guéré,0.0,,,0.0,0.0,0.0,0.0,-15.94339981849981,0.19743347,Guéré,0.0,,,0.0,0.0,0.0,326.00750732421875,0.0152405686676502,1060832320.0,0,guere,0,False,0.0,0.0009358762239236192,0.0009842799701995045,0.000984279970192399,0.0009842799701994974
