id,report_id,event_name,hazard_type,start_date,end_date,cause_of_flood,severity,confidence_score,evidence_sentence,page_number,duplicate_of,fingerprint,filename,report_title,organization,locations,impacts,source_event_id,region,division,latitude,longitude,affected,dead,displaced,houses_damaged,houses_destroyed,injured,schools_damaged,bridges_damaged,roads_damaged,crop_area_destroyed,missing,estimated_loss_usd,health_centres_damaged,livestock_losses,source_count,evidence_sentences,stable_key,event_id,source_file,source_kind,source_unit,verification_status,verification_reason,full_source_opened,full_source_characters,fulltext_locality,fulltext_division,final_status,final_reason
119,12,Floods in Logone-et-Chari,flood,2017-07-07,2017-07-07,,moderate,0.75,"Most are displaced in Logone-Et-Chari, which also hosts the majority of unregistered refugees from Nigeria.8 This percentage represents a decrease of 5% since round 8, accompanied by an increase of 5% in those displaced due to climatic events including flooding.",11,,6ec7a872d9fd8865f719f2ad4839ed9d47c4bef9d1506fbffa339afea82b01d7,"Cameroon _ Displacement Report, Far North Region.pdf","Cameroon | Displacement Report, Far North Region Round 9 | 26 June – 7 July 2017 Cameroon | Displacement Report, Far North Region, Round 9 │ 26 June — 7 July 2017 14 August 2017 1 The opinions expressed in the report are those of the authors and do not necessarily reflect the views of the International Organization for Migration (IOM)",IOM,Logone-et-Chari,,119,,Logone-et-Chari,,,,,,,,,,,,,,,,,1,"[""Most are displaced in Logone-Et-Chari, which also hosts the majority of unregistered refugees from Nigeria.8 This percentage represents a decrease of 5% since round 8, accompanied by an increase of 5% in those displaced due to climatic events including flooding.""]",floods in logone et chari|2017-07-07||logone et chari,CMR-FLD-000002,flood-event-extractor/final_dataset/master_events.csv,master_event_record,CMR-FLD-000002,FLOOD_EVIDENCE_NEEDS_DATE,Far North term match from the full master_events inventory. It requires source-by-source evidence review before it may become a canonical positive label.,True,60922,Maga,Diamaré,FLOOD_EVIDENCE_NEEDS_DATE,Full document contains a flood reference but does not explicitly establish a specific event date and mapped locality together; source/report date retained only as metadata.
213,21,Floods in Mayo-Danay,flood,2022-08-31,2022-08-31,,moderate,0.75,Environ 3 836 ménages (22 776 personnes) sont affectés par les inondations dans les départements de Mayo-Danay et Logone et Chari.,1,,7ccc28f471045e976a64b75f29ea074d00eab295e9a3934e49e0515a8cca5fc6,Rapport de situation - Cameroun - 4 oct. 2022.pdf,CAMEROUN Rapport de situation Dernière mise à jour: 4 oct,OCHA,Mayo-Danay,,213,,Mayo-Danay,,,,,,,,,,,,,,,,,1,"[""Environ 3 836 ménages (22 776 personnes) sont affectés par les inondations dans les départements de Mayo-Danay et Logone et Chari.""]",floods in mayo danay|2022-08-31||mayo danay,CMR-FLD-000009,flood-event-extractor/final_dataset/master_events.csv,master_event_record,CMR-FLD-000009,FLOOD_EVIDENCE_NEEDS_LOCATION,Far North term match from the full master_events inventory. It requires source-by-source evidence review before it may become a canonical positive label.,True,5,UNKNOWN,UNKNOWN,GENERAL_FLOOD_REFERENCE,Full document does not establish an individual flood event.
100,8,Floods in Cameroon,flood,2022-11-15,2022-11-15,,moderate,0.6,"Selon les services du ministère de l’Agriculture et du développement rural (MINADER), la sécurité alimentaire pourrait se détériorer du fait des faibles récoltes doublement impactées par la rareté des pluies en 2021, et les inondations de de dizaines de milliers d’hectares de champs cette année.",1,,6588e740cb4b943830d0a03e37672485d919278e08af7846a15d530a4e92a642,Cameroun - Extrême-Nord - Note d’information sur les inondations n°3 (au 15 novembre 2022).pdf,"Faits saillants • Plus de 258 000 personnes affectées par les inondations dans les départements du Mayo-Danay, Logone et Chari et Mayo-Tsanaga",OCHA,,,100,,,,,,,,,,,,,,,,,,,1,"[""Selon les services du ministère de l’Agriculture et du développement rural (MINADER), la sécurité alimentaire pourrait se détériorer du fait des faibles récoltes doublement impactées par la rareté des pluies en 2021, et les inondations de de dizaines de milliers d’hectares de champs cette année.""]",floods in cameroon|2022-11-15|nan|nan,CMR-FLD-000011,flood-event-extractor/final_dataset/master_events.csv,master_event_record,CMR-FLD-000011,FLOOD_EVIDENCE_NEEDS_DATE,Far North term match from the full master_events inventory. It requires source-by-source evidence review before it may become a canonical positive label.,True,11849,Zina,UNKNOWN,FLOOD_EVIDENCE_NEEDS_DATE,Full document contains a flood reference but does not explicitly establish a specific event date and mapped locality together; source/report date retained only as metadata.
3,2,Floods in Nord,flood,2024-10-18,2024-10-18,,moderate,0.75,"Les chiffres rapportés sont susceptibles d'être modifiés en fonction de l'évolution de la situation et de la révision des données CAMEROUN : EXTRÊME-NORD Aperçu des inondations Au 18 octobre 2024 La saison des pluies de juillet à septembre 2024 a provoqué de fortes précipitations entraînant des inondations pluviales et la montée des eaux des fleuves dans la région de l’Extrême-Nord, particulièrement dans les départe- ments du Mayo-Danay et Logone et Chari.",1,,6758df7e4d1fbe019ea4fbe5fdb92d16e3593923483ceed93bc168758ca496a4,CMR_Inondations_26102024.pdf,"Mise à jour : 18 octobre 2024 Sources : CRC, autorités locales, partenaires Commentaires : ocha-cameroon@un",ocha,"Cameroon,Extrême-Nord,Mayo-Danay,Nord",,3,North,Mayo-Danay,,,,,,,,,,,,,,,,,1,"[""Les chiffres rapportés sont susceptibles d'être modifiés en fonction de l'évolution de la situation et de la révision des données CAMEROUN : EXTRÊME-NORD Aperçu des inondations Au 18 octobre 2024 La saison des pluies de juillet à septembre 2024 a provoqué de fortes précipitations entraînant des inondations pluviales et la montée des eaux des fleuves dans la région de l’Extrême-Nord, particulièrement dans les départe- ments du Mayo-Danay et Logone et Chari.""]",floods in nord|2024-10-18|north|mayo danay,CMR-FLD-000017,flood-event-extractor/final_dataset/master_events.csv,master_event_record,CMR-FLD-000017,FLOOD_EVIDENCE_NEEDS_DATE,Far North term match from the full master_events inventory. It requires source-by-source evidence review before it may become a canonical positive label.,True,11783,Maga,Diamaré,FLOOD_EVIDENCE_NEEDS_DATE,Full document contains a flood reference but does not explicitly establish a specific event date and mapped locality together; source/report date retained only as metadata.
407,45,Floods in Diamaré,flood,2026-02-01,2025-05-01,,moderate,0.75,"In the Mayo Danay and Diamaré divisions, which are unaffected by conflict, some flood-affected and displaced households with minimal harvests from the main season production will primar ily depend on food markets.",14,,e7dc6bac3618cc9176006c4d0f37f9fd8bdeddb25580a5cd7cafde029e0ce48c,cm-fso-2024-10-1730587635.pdf,"October harvests bring temporary relief to conflict-affected households Key Messages The analysis in this report is based on information available as of Oc tober 15, 2024",who,Diamaré,,407,,Diamaré,,,,,,,,,,,,,,,,,1,"[""In the Mayo Danay and Diamaré divisions, which are unaffected by conflict, some flood-affected and displaced households with minimal harvests from the main season production will primar ily depend on food markets.""]",floods in diamare|2026-02-01||diamare,CMR-FLD-000022,flood-event-extractor/final_dataset/master_events.csv,master_event_record,CMR-FLD-000022,FLOOD_EVIDENCE_NEEDS_DATE,Far North term match from the full master_events inventory. It requires source-by-source evidence review before it may become a canonical positive label.,True,2591,UNKNOWN,UNKNOWN,GENERAL_FLOOD_REFERENCE,Full document does not establish an individual flood event.
255,30,Floods in Mayo-Danay,flood,2026-03-25,2026-03-25,,moderate,0.75,Interne SUMMARY OF THE EARLY ACTION PROTOCOL Cameroon | River Flooding March 2026 Visit to the Maga hydrometric station (Mayo-Danay department;,1,,e6486e64d50c923a4c8a8b6dc44f94f2bfbe79f5655a09674a02951b7d223cec,MDRCM044EAP  (1).pdf,"Interne SUMMARY OF THE EARLY ACTION PROTOCOL Cameroon | River Flooding March 2026 Visit to the Maga hydrometric station (Mayo-Danay department; Far North region), as part of the workshop to simulate the mechanisms of triggering early action, with the support of the IFRC, the Climate Center and Viva Logone",IFRC,"Cameroon,Maga,Mayo-Danay",,255,,Mayo-Danay,,,,,,,,,,,,,,,,,1,"[""Interne SUMMARY OF THE EARLY ACTION PROTOCOL Cameroon | River Flooding March 2026 Visit to the Maga hydrometric station (Mayo-Danay department;""]",floods in mayo danay|2026-03-25||mayo danay,CMR-FLD-000023,flood-event-extractor/final_dataset/master_events.csv,master_event_record,CMR-FLD-000023,FLOOD_EVIDENCE_NEEDS_DATE,Far North term match from the full master_events inventory. It requires source-by-source evidence review before it may become a canonical positive label.,True,16259,Maga,Diamaré,FLOOD_EVIDENCE_NEEDS_DATE,Full document contains a flood reference but does not explicitly establish a specific event date and mapped locality together; source/report date retained only as metadata.
179,18,Floods in Blangoua,flood,2026-08-01,2023-11-30,,moderate,0.75,"FAITS SAILLANTS • Près de 10 000 personnes, 19 écoles et 3 centres de santé ont été affectés par les inondations à Blangoua dans le département du Logone et Chari suite au débordement des eaux du fleuve Chari.",1,,52046918373de59f90d194a181be10d563326a657155a49613716778c52a9a7a,OCHA_SITREP_Extrême Nord_Novembre 2023 inputs VF.pdf,La mission du Bureau de la coordination des affaires humanitaires des Nations Unies (OCHA) est de Coordonner la réponse mondiale d'urgence pour sauver des vies et protéger les populations dans les crises humanitaires,OCHA,Blangoua,,179,,,,,,,,,,,,,,,,,,,1,"[""FAITS SAILLANTS • Près de 10 000 personnes, 19 écoles et 3 centres de santé ont été affectés par les inondations à Blangoua dans le département du Logone et Chari suite au débordement des eaux du fleuve Chari.""]",floods in blangoua|2026-08-01||,CMR-FLD-000025,flood-event-extractor/final_dataset/master_events.csv,master_event_record,CMR-FLD-000025,FLOOD_EVIDENCE_NEEDS_DATE,Far North term match from the full master_events inventory. It requires source-by-source evidence review before it may become a canonical positive label.,True,17610,Maga,Diamaré,FLOOD_EVIDENCE_NEEDS_DATE,Full document contains a flood reference but does not explicitly establish a specific event date and mapped locality together; source/report date retained only as metadata.
15,3,Floods in Mayo-Sava,flood,2026-10-01,2026-01-01,,moderate,0.75,"Cameroon - Food Security Outlook June 2026 - January 2027 Crisis (IPC Phase 3) outcomes are expected through September in Logone-et-Chari, Mayo-Sava, and Mayo- Tsanaga, driven by conflict and flooding.",1,,4f5badce73941428ee0a6ec4c238ce8305cdc1642a38f9560d834a1b6ed0c81e,20260601-FEWS-NET-cm-fso-1782848864.pdf,"Conflict and high food prices sustain Crisis (IPC Phase 3) outcomes despite harvest Key Messages The analysis in this report is based on information available as of June 22, 2026",FEWS NET,"Cameroon,Logone-et-Chari,Mayo-Sava",,15,,Mayo-Sava,,,,,,,,,,,,,,,,,1,"[""Cameroon - Food Security Outlook June 2026 - January 2027 Crisis (IPC Phase 3) outcomes are expected through September in Logone-et-Chari, Mayo-Sava, and Mayo- Tsanaga, driven by conflict and flooding.""]",floods in mayo sava|2026-10-01||mayo sava,CMR-FLD-000027,flood-event-extractor/final_dataset/master_events.csv,master_event_record,CMR-FLD-000027,FLOOD_EVIDENCE_NEEDS_DATE,Far North term match from the full master_events inventory. It requires source-by-source evidence review before it may become a canonical positive label.,True,2296,UNKNOWN,UNKNOWN,FLOOD_EVIDENCE_NEEDS_DATE,Full document contains a flood reference but does not explicitly establish a specific event date and mapped locality together; source/report date retained only as metadata.
316,37,Floods in Zina,flood,2026-11-04,2019-06-01,,moderate,0.75,"In response to flooding in Zina and Kai Kai sub division of the Logone and Chari Division in Far North region, UNICEF distributed 300 WASH kits and Dignity Kits to 182 families (1,481 inhabitants of which 1,050 children) of the Kai-Kai community and 118 families (995 inhabitants of which 730 children) of Zina community.",5,,2d019b6c0e4725c78586766780ec873ec9e1bec21d24cc5b9e9c92206a768a6d,UNICEF Cameroon Humanitarian Situation Report - October 2019 (1).pdf,Cameroon Humanitarian Situation Report Funding gap $ 29,UNICEF,"Far North,North,Zina",,316,North,,,,,,,,,,,,,,,,,,1,"[""In response to flooding in Zina and Kai Kai sub division of the Logone and Chari Division in Far North region, UNICEF distributed 300 WASH kits and Dignity Kits to 182 families (1,481 inhabitants of which 1,050 children) of the Kai-Kai community and 118 families (995 inhabitants of which 730 children) of Zina community.""]",floods in zina|2026-11-04|north|,CMR-FLD-000028,flood-event-extractor/final_dataset/master_events.csv,master_event_record,CMR-FLD-000028,FLOOD_EVIDENCE_NEEDS_DATE,Far North term match from the full master_events inventory. It requires source-by-source evidence review before it may become a canonical positive label.,True,52150,Maga,UNKNOWN,FLOOD_EVIDENCE_NEEDS_DATE,Full document contains a flood reference but does not explicitly establish a specific event date and mapped locality together; source/report date retained only as metadata.
65,6,Floods in Maga,flood,,,,moderate,0.8,"Youth Participation • On 18 November, the U-Report Maga community carried out a reforestation activity in a school affected by flooding in Maga.",3,,71c9c148c149eb31ef006bf8890edb2712219466fe2766b3c09cdafd6a29fa95,Cameroon Humanitarian Flash Update 6 FINAL.pdf,1 HUMANITARIAN OVERVIEW1 People in the Far North continue to be severely affected by the floods,UNICEF,Maga,affected:14,65,,,,,14.0,,,,,,,,,,,,,,1,"[""Youth Participation • On 18 November, the U-Report Maga community carried out a reforestation activity in a school affected by flooding in Maga.""]",floods in maga|undated||,CMR-FLD-000030,flood-event-extractor/final_dataset/master_events.csv,master_event_record,CMR-FLD-000030,FLOOD_EVIDENCE_NEEDS_DATE,Far North term match from the full master_events inventory. It requires source-by-source evidence review before it may become a canonical positive label.,True,14050,Maga,UNKNOWN,FLOOD_EVIDENCE_NEEDS_DATE,Full document contains a flood reference but does not explicitly establish a specific event date and mapped locality together; source/report date retained only as metadata.
80,7,Floods in North,flood,,,,moderate,0.8,"262 schools were destroyed, damaged or cut off by the floods, affecting 103,906 students and 1,418 teachers in the Mayo-Danay and Logone-et-Chari divisions.4 Additionally, 65 health facilities across 15 out of the 19 health districts have been impacted by the floods to varying extents in the Far North.5 The floods also heighten the risk of cholera and other waterborne diseases, as well as malaria.",1,,c2ad70cf03b97fd826bfd9a5a94e6bb77523993fb7afe03311ec785f67fc8cb4,Cameroon Humanitarian Flash Update3 Floods Far North fv.pdf,1 HUMANITARIAN OVERVIEW1 The number of people affected by the floods in Far North Cameroon continues to increase,who,"Far North,Logone-et-Chari,Mayo-Danay,North",affected:30,80,North,Mayo-Danay,,,30.0,,,,,,,,,,,,,,1,"[""262 schools were destroyed, damaged or cut off by the floods, affecting 103,906 students and 1,418 teachers in the Mayo-Danay and Logone-et-Chari divisions.4 Additionally, 65 health facilities across 15 out of the 19 health districts have been impacted by the floods to varying extents in the Far North.5 The floods also heighten the risk of cholera and other waterborne diseases, as well as malaria.""]",floods in north|undated|north|mayo danay,CMR-FLD-000031,flood-event-extractor/final_dataset/master_events.csv,master_event_record,CMR-FLD-000031,FLOOD_EVIDENCE_NEEDS_DATE,Far North term match from the full master_events inventory. It requires source-by-source evidence review before it may become a canonical positive label.,True,12945,Maga,UNKNOWN,FLOOD_EVIDENCE_NEEDS_DATE,Full document contains a flood reference but does not explicitly establish a specific event date and mapped locality together; source/report date retained only as metadata.
127,13,Floods in Mayo-Kani,flood,,,,moderate,0.8,"La majorité des réfugiés hors camp actuellement présents (99,6%) est arrivée au Cameroun pour des raisons liées au conflit armé, tandis que 111 réfugiés (résidant dans le Mayo-Danay) ont été déplacés à cause d’inondations et 82 (résidant dans le Mayo-Kani) ont traversé la frontière à cause de conflits intercommunautaires survenus au Tchad en janvier 2019.",28,,b2829b8889d0f2147627bfadb3a8e7420a00d48e716e09124fa0a8e4ba140d55,IOM_Rapport_Cameroun_Extreme-Nord_DTM_RD18_vf_20190528.pdf,Cameroun |Région de l’Extrême-Nord |Rapport sur les Déplacements Round 18 | 28 Mars – 08 Avril 2019 Cameroun | Région de l’Extrême-Nord | Rapport sur les déplacements | Round 18 | 28 Mars – 08 Avril 2019 2 Les avis exprimés dans ce rapport sont ceux des auteurs et ne reflètent pas nécessairement les points de vue de l’Organisation Internationale pour les Migrations (OIM),iom,"Cameroon,Est,Mayo-Danay,Mayo-Kani",displaced:82,127,East,Mayo-Kani,,,,,82.0,,,,,,,,,,,,1,"[""La majorité des réfugiés hors camp actuellement présents (99,6%) est arrivée au Cameroun pour des raisons liées au conflit armé, tandis que 111 réfugiés (résidant dans le Mayo-Danay) ont été déplacés à cause d’inondations et 82 (résidant dans le Mayo-Kani) ont traversé la frontière à cause de conflits intercommunautaires survenus au Tchad en janvier 2019.""]",floods in mayo kani|undated|east|mayo kani,CMR-FLD-000032,flood-event-extractor/final_dataset/master_events.csv,master_event_record,CMR-FLD-000032,FLOOD_EVIDENCE_NEEDS_DATE,Far North term match from the full master_events inventory. It requires source-by-source evidence review before it may become a canonical positive label.,True,76275,Maga,Diamaré,FLOOD_EVIDENCE_NEEDS_DATE,Full document contains a flood reference but does not explicitly establish a specific event date and mapped locality together; source/report date retained only as metadata.
129,14,Floods in Diamaré,flood,,,,moderate,0.8,"www.unocha.org Faits saillants ▪ Depuis le début de la saison des pluies, au moins 365 060 personnes ont été affectées par les inondations dans 5 départements de l’Extrême Nord : Logone et Chari, Mayo-Danay, Diamaré, Mayo-Tsanaga et Mayo-Kani.",1,,4e198cb66648cb251355846fbd80127c472ce6047dbe6258d83225ba5ef2ccb4,Note d'information n°2_Inondations_Extreme Nord_19092024.pdf,The mission of the United Nations Office for the Coordination of Humanitarian Affairs (OCHA) is to Coordinate the global emergency response to save lives and protect people in humanitarian crises,OCHA,"Diamaré,Mayo-Danay,Mayo-Kani,Mayo-Tsanaga,Nord",houses_destroyed:82509,129,North,Diamaré,,,,,,,82509.0,,,,,,,,,,1,"[""www.unocha.org Faits saillants ▪ Depuis le début de la saison des pluies, au moins 365 060 personnes ont été affectées par les inondations dans 5 départements de l’Extrême Nord : Logone et Chari, Mayo-Danay, Diamaré, Mayo-Tsanaga et Mayo-Kani.""]",floods in diamare|undated|north|diamare,CMR-FLD-000033,flood-event-extractor/final_dataset/master_events.csv,master_event_record,CMR-FLD-000033,FLOOD_EVIDENCE_NEEDS_DATE,Far North term match from the full master_events inventory. It requires source-by-source evidence review before it may become a canonical positive label.,True,10154,Maga,Diamaré,FLOOD_EVIDENCE_NEEDS_DATE,Full document contains a flood reference but does not explicitly establish a specific event date and mapped locality together; source/report date retained only as metadata.
134,14,Floods in Mayo-Danay,flood,,,,moderate,0.8,"Impacts (Informations mises à jour au 19 septembre) ▪ En plus des 365 060 personnes touchées par les inondations dans les cinq départements mentionnés, 30 personnes ont perdu la vie, 56 084 habitations ont été détruites, 82 509 hectares de surfaces cultivables ont été inondés (54 094 dans le Mayo-Danay et 27 653 dans le Logone et Chari) et 5 278 têtes de bétails ont été perdus.",1,,8a849001398486fadf42e28e35e280d9bf8c96792eb31b83367e8f9e9d65f972,Note d'information n°2_Inondations_Extreme Nord_19092024.pdf,The mission of the United Nations Office for the Coordination of Humanitarian Affairs (OCHA) is to Coordinate the global emergency response to save lives and protect people in humanitarian crises,OCHA,Mayo-Danay,"affected:11,houses_destroyed:82509",134,,Mayo-Danay,,,11.0,,,,82509.0,,,,,,,,,,1,"[""Impacts (Informations mises à jour au 19 septembre) ▪ En plus des 365 060 personnes touchées par les inondations dans les cinq départements mentionnés, 30 personnes ont perdu la vie, 56 084 habitations ont été détruites, 82 509 hectares de surfaces cultivables ont été inondés (54 094 dans le Mayo-Danay et 27 653 dans le Logone et Chari) et 5 278 têtes de bétails ont été perdus.""]",floods in mayo danay|undated||mayo danay,CMR-FLD-000035,flood-event-extractor/final_dataset/master_events.csv,master_event_record,CMR-FLD-000035,FLOOD_EVIDENCE_NEEDS_DATE,Far North term match from the full master_events inventory. It requires source-by-source evidence review before it may become a canonical positive label.,True,10154,Maga,Diamaré,FLOOD_EVIDENCE_NEEDS_DATE,Full document contains a flood reference but does not explicitly establish a specific event date and mapped locality together; source/report date retained only as metadata.
138,14,Floods in Mayo-Danay,flood,,,,high,0.8,"OCHA Note d’information sur les inondations II | 2 United Nations Office for the Coordination of Humanitarian Affairs www.unocha.org ▪ A Maga dans le Mayo-Danay, deux sites spontanés ont été créés accueillant des personnes déplacées par les inondations à Goudakaye (5 232 personnes) et à Palia Pouss (10 437 personnes).",2,,cdc52d2ac6b2685367acaf5215d0a42e86322a53cf93cf6a40ce835aec3ade7a,Note d'information n°2_Inondations_Extreme Nord_19092024.pdf,The mission of the United Nations Office for the Coordination of Humanitarian Affairs (OCHA) is to Coordinate the global emergency response to save lives and protect people in humanitarian crises,OCHA,"Maga,Mayo-Danay",displaced:5232,138,,Mayo-Danay,,,,,5232.0,,,,,,,,,,,,1,"[""OCHA Note d’information sur les inondations II | 2 United Nations Office for the Coordination of Humanitarian Affairs www.unocha.org ▪ A Maga dans le Mayo-Danay, deux sites spontanés ont été créés accueillant des personnes déplacées par les inondations à Goudakaye (5 232 personnes) et à Palia Pouss (10 437 personnes).""]",floods in mayo danay|undated||mayo danay,CMR-FLD-000035,flood-event-extractor/final_dataset/master_events.csv,master_event_record,CMR-FLD-000035,FLOOD_EVIDENCE_NEEDS_DATE,Far North term match from the full master_events inventory. It requires source-by-source evidence review before it may become a canonical positive label.,True,10154,Maga,Diamaré,FLOOD_EVIDENCE_NEEDS_DATE,Full document contains a flood reference but does not explicitly establish a specific event date and mapped locality together; source/report date retained only as metadata.
139,14,Floods in Blangoua,flood,,,,high,0.8,"Le RRM a rapporté le déplacement estimatif de près de 1 340 personnes, soit 173 ménages, à Blangoua du fait des inondations.",2,,ab4c0b02b10d096d991d818c30d9b410aa351f751b68875240730f755a14d651,Note d'information n°2_Inondations_Extreme Nord_19092024.pdf,The mission of the United Nations Office for the Coordination of Humanitarian Affairs (OCHA) is to Coordinate the global emergency response to save lives and protect people in humanitarian crises,OCHA,Blangoua,displaced:5232,139,,,,,,,5232.0,,,,,,,,,,,,1,"[""Le RRM a rapporté le déplacement estimatif de près de 1 340 personnes, soit 173 ménages, à Blangoua du fait des inondations.""]",floods in blangoua|undated||,CMR-FLD-000036,flood-event-extractor/final_dataset/master_events.csv,master_event_record,CMR-FLD-000036,FLOOD_EVIDENCE_NEEDS_DATE,Far North term match from the full master_events inventory. It requires source-by-source evidence review before it may become a canonical positive label.,True,10154,Maga,Diamaré,FLOOD_EVIDENCE_NEEDS_DATE,Full document contains a flood reference but does not explicitly establish a specific event date and mapped locality together; source/report date retained only as metadata.
156,15,Floods in Diamaré,flood,,,,high,0.8,"Impact • Au total, 448 164 personnes sont affectées par les inondations dans les départements du Logone et Chari, Mayo-Danay, Mayo-Tsanaga, Diamaré, et Mayo-Kani.",1,,878fda6163ce35129188f4ec451651ee8b7a0873440c893512276d3cc60bb9b3,Note d'informat°_Inondations_Ext reme Nord_au 11 novembre 2024.pdf,The mission of the United Nations Office for the Coordination of Humanitarian Affairs (OCHA) is to Coordinate the global emergency response to save lives and protect people in humanitarian crises,OCHA,"Diamaré,Mayo-Danay,Mayo-Kani,Mayo-Tsanaga",affected:243000,156,,Diamaré,,,243000.0,,,,,,,,,,,,,,1,"[""Impact • Au total, 448 164 personnes sont affectées par les inondations dans les départements du Logone et Chari, Mayo-Danay, Mayo-Tsanaga, Diamaré, et Mayo-Kani.""]",floods in diamare|undated||diamare,CMR-FLD-000037,flood-event-extractor/final_dataset/master_events.csv,master_event_record,CMR-FLD-000037,FLOOD_EVIDENCE_NEEDS_DATE,Far North term match from the full master_events inventory. It requires source-by-source evidence review before it may become a canonical positive label.,True,12687,Maga,Diamaré,FLOOD_EVIDENCE_NEEDS_DATE,Full document contains a flood reference but does not explicitly establish a specific event date and mapped locality together; source/report date retained only as metadata.
258,30,Floods in Maga,flood,,,,high,0.8,"This region, located in the Sahelian zone, is prone to recurrent flooding from the Logone River and Lake Maga, with an average return period of five years.",2,,71c9c148c149eb31ef006bf8890edb2712219466fe2766b3c09cdafd6a29fa95,MDRCM044EAP  (1).pdf,"Interne SUMMARY OF THE EARLY ACTION PROTOCOL Cameroon | River Flooding March 2026 Visit to the Maga hydrometric station (Mayo-Danay department; Far North region), as part of the workshop to simulate the mechanisms of triggering early action, with the support of the IFRC, the Climate Center and Viva Logone",IFRC,Maga,"affected:67552,dead:1120387,houses_destroyed:163047",258,,,,,67552.0,1120387.0,,,163047.0,,,,,,,,,,1,"[""This region, located in the Sahelian zone, is prone to recurrent flooding from the Logone River and Lake Maga, with an average return period of five years.""]",floods in maga|undated||,CMR-FLD-000030,flood-event-extractor/final_dataset/master_events.csv,master_event_record,CMR-FLD-000030,FLOOD_EVIDENCE_NEEDS_DATE,Far North term match from the full master_events inventory. It requires source-by-source evidence review before it may become a canonical positive label.,True,16259,Maga,Diamaré,FLOOD_EVIDENCE_NEEDS_DATE,Full document contains a flood reference but does not explicitly establish a specific event date and mapped locality together; source/report date retained only as metadata.
272,31,Floods in North,flood,,,heavy rainfall,high,0.8,"Situation Overview ● Ongoing flooding in the Far North region of Cameroon, particularly in the Mayo-Danay and Logone-and-Chari divisions, has caused considerable damage and destruction.",2,,076faad85dc56963c76dab381a70f537f9bf06dfecc858d4c551cadf2d1b66ce,UNFPA Cameroon Humanitarian SitRep #24  (Final).pdf,"Situation Report #24 Devastating flooding in Cameroon’s Far North Key Figures 3,400,000 Total people affected 816,000 Women of reproductive age 88,600 Estimated pregnant women 367,000 People targeted with SRH services 594,000 People targeted with GBV programmes Highlights ● Extensive flooding in the Far North region has affected over 356,730 people, resulting in at least 30 deaths",OCHA,"Cameroon,Far North,Mayo-Danay,North",affected:365000,272,North,Mayo-Danay,,,365000.0,,,,,,,,,,,,,,1,"[""Situation Overview ● Ongoing flooding in the Far North region of Cameroon, particularly in the Mayo-Danay and Logone-and-Chari divisions, has caused considerable damage and destruction.""]",floods in north|undated|north|mayo danay,CMR-FLD-000031,flood-event-extractor/final_dataset/master_events.csv,master_event_record,CMR-FLD-000031,FLOOD_EVIDENCE_NEEDS_DATE,Far North term match from the full master_events inventory. It requires source-by-source evidence review before it may become a canonical positive label.,True,4,UNKNOWN,UNKNOWN,GENERAL_FLOOD_REFERENCE,Full document does not establish an individual flood event.
312,37,Floods in Zina,flood,,,,moderate,0.8,The localities of east (District of Zina) and south of Lake Maga (District of Kaï Kaï) were flooded when the Logone River burst its banks.,3,,ecd2738cb970f09ae98ad2cec76a797bde29647231712e025b60b8520e8e7d97,UNICEF Cameroon Humanitarian Situation Report - October 2019 (1).pdf,Cameroon Humanitarian Situation Report Funding gap $ 29,UNICEF,"East,Maga,South,Zina",affected:150,312,East,,,,150.0,,,,,,,,,,,,,,1,"[""The localities of east (District of Zina) and south of Lake Maga (District of Kaï Kaï) were flooded when the Logone River burst its banks.""]",floods in zina|undated|east|,CMR-FLD-000039,flood-event-extractor/final_dataset/master_events.csv,master_event_record,CMR-FLD-000039,FLOOD_EVIDENCE_NEEDS_DATE,Far North term match from the full master_events inventory. It requires source-by-source evidence review before it may become a canonical positive label.,True,52150,Maga,UNKNOWN,FLOOD_EVIDENCE_NEEDS_DATE,Full document contains a flood reference but does not explicitly establish a specific event date and mapped locality together; source/report date retained only as metadata.
382,45,Floods in Mayo-Tsanaga,flood,,,heavy rainfall,moderate,0.8,"Since July 2024, the region has experienced torrential rainfall and severe seasonal flooding, causing considerable damage in several localities, particularly in the Diamaré, Logone and Chari, Mayo-Danay, Mayo-Tsanaga, and Mayo Sava.",6,,0dbaf816e89a48123975a37a0be2d97efaf2132a5803d9999c31255678b8d846,cm-fso-2024-10-1730587635.pdf,"October harvests bring temporary relief to conflict-affected households Key Messages The analysis in this report is based on information available as of Oc tober 15, 2024",who,"Diamaré,Mayo-Danay,Mayo-Tsanaga",displaced:25,382,,Mayo-Tsanaga,,,,,25.0,,,,,,,,,,,,1,"[""Since July 2024, the region has experienced torrential rainfall and severe seasonal flooding, causing considerable damage in several localities, particularly in the Diamaré, Logone and Chari, Mayo-Danay, Mayo-Tsanaga, and Mayo Sava.""]",floods in mayo tsanaga|undated||mayo tsanaga,CMR-FLD-000040,flood-event-extractor/final_dataset/master_events.csv,master_event_record,CMR-FLD-000040,FLOOD_EVIDENCE_NEEDS_DATE,Far North term match from the full master_events inventory. It requires source-by-source evidence review before it may become a canonical positive label.,True,2591,UNKNOWN,UNKNOWN,GENERAL_FLOOD_REFERENCE,Full document does not establish an individual flood event.
11,2,Floods in Moulvoudaye,flood,,,,moderate,0.65,"Réduction des Risques et Catastrophes Nombre d’acteurs 10 et plus 8 6 4 2 0 Pas d’inondation Soulede Roua Mayo Moskota Moulvoudaye Logone-Birni Maroua 1er Tokombere Moutourwa Maroua 2e Maroua 3e Ndoukoula Blangoua Guidiguis Hile-Alifa Kousseri Kolofata Kar-Hay Gazawa Mogode Bourrha Dargala Goulfey Taibong Fotokol Makary Kai-Kai Mokolo Kalfou Guere Yagoua Mindif Darak Waza Kaele Maga Gobo Pette Porhi Wina Datcheka Tchatibali Bogo Mora Koza Hina Meri Zina Vele LOGONE-ET-CHARI MAYO-SAVA DIAMARE MAYO-KANI Nord MAYO- DANAY MAYO-TSANAGA NIGERIA TCHAD Limite pays Limite département Limite arrondissement ONG INTERNATIONALES (9) ACF, ALIMA, DRC, IMC, INTERSOS, LWF, NRC, PUI, Shelter Box AGENCES NATIONS UNIES (7) FAO, OIM, OMS, PAM, UNFPA, UNHCR, UNICEF ,ACTEURS GOUVERNEMENTAUX (3) MINAT, MINDUB, MINSANTE ONG2 NATIONALES (12) AAEDC, AIDER, ALDEPA, ALVF-EN, ARDHU, ASFH, ASOL, CADEPI, CHOI, CODAS-Caritas, PC, Tammoundé MOUVEMENT DE LA CROIX-ROUGE3 (3) CRC, CRF, CICR ACTEURS PAR TYPE D’ORGANISATION1",4,,44634398cc39698183f7102b5f9f024dddc896648fc899a4cc785641ce2e4aa5,CMR_Inondations_26102024.pdf,"Mise à jour : 18 octobre 2024 Sources : CRC, autorités locales, partenaires Commentaires : ocha-cameroon@un",ocha,"Blangoua,Bogo,Kolofata,Kousseri,Logone-et-Chari,Maga,Makary,Maroua,Mayo-Kani,Mayo-Sava,Mayo-Tsanaga,Mokolo,Mora,Moulvoudaye,Nord,Pette,Yagoua,Zina",,11,North,Mayo-Sava,,,,,,,,,,,,,,,,,1,"[""Réduction des Risques et Catastrophes Nombre d’acteurs 10 et plus 8 6 4 2 0 Pas d’inondation Soulede Roua Mayo Moskota Moulvoudaye Logone-Birni Maroua 1er Tokombere Moutourwa Maroua 2e Maroua 3e Ndoukoula Blangoua Guidiguis Hile-Alifa Kousseri Kolofata Kar-Hay Gazawa Mogode Bourrha Dargala Goulfey Taibong Fotokol Makary Kai-Kai Mokolo Kalfou Guere Yagoua Mindif Darak Waza Kaele Maga Gobo Pette Porhi Wina Datcheka Tchatibali Bogo Mora Koza Hina Meri Zina Vele LOGONE-ET-CHARI MAYO-SAVA DIAMARE MAYO-KANI Nord MAYO- DANAY MAYO-TSANAGA NIGERIA TCHAD Limite pays Limite département Limite arrondissement ONG INTERNATIONALES (9) ACF, ALIMA, DRC, IMC, INTERSOS, LWF, NRC, PUI, Shelter Box AGENCES NATIONS UNIES (7) FAO, OIM, OMS, PAM, UNFPA, UNHCR, UNICEF ,ACTEURS GOUVERNEMENTAUX (3) MINAT, MINDUB, MINSANTE ONG2 NATIONALES (12) AAEDC, AIDER, ALDEPA, ALVF-EN, ARDHU, ASFH, ASOL, CADEPI, CHOI, CODAS-Caritas, PC, Tammoundé MOUVEMENT DE LA CROIX-ROUGE3 (3) CRC, CRF, CICR ACTEURS PAR TYPE D’ORGANISATION1""]",floods in moulvoudaye|undated|north|mayo sava,CMR-FLD-000043,flood-event-extractor/final_dataset/master_events.csv,master_event_record,CMR-FLD-000043,FLOOD_EVIDENCE_NEEDS_DATE,Far North term match from the full master_events inventory. It requires source-by-source evidence review before it may become a canonical positive label.,True,11783,Maga,Diamaré,FLOOD_EVIDENCE_NEEDS_DATE,Full document contains a flood reference but does not explicitly establish a specific event date and mapped locality together; source/report date retained only as metadata.
18,3,Floods in North,flood,,,,moderate,0.65,"Weather forecasts show moderate to high probability of above-average streamflow conditions over the Chari and Logone basins through August, suggesting the possibility of downstream flooding between July and September, with flood-prone divisions such as Logone-et-Chari and Mayo-Danay in the Far North region likely at risk.",7,,c2ad70cf03b97fd826bfd9a5a94e6bb77523993fb7afe03311ec785f67fc8cb4,20260601-FEWS-NET-cm-fso-1782848864.pdf,"Conflict and high food prices sustain Crisis (IPC Phase 3) outcomes despite harvest Key Messages The analysis in this report is based on information available as of June 22, 2026",FEWS NET,"Far North,Logone-et-Chari,Mayo-Danay,North",,18,North,Mayo-Danay,,,,,,,,,,,,,,,,,1,"[""Weather forecasts show moderate to high probability of above-average streamflow conditions over the Chari and Logone basins through August, suggesting the possibility of downstream flooding between July and September, with flood-prone divisions such as Logone-et-Chari and Mayo-Danay in the Far North region likely at risk.""]",floods in north|undated|north|mayo danay,CMR-FLD-000031,flood-event-extractor/final_dataset/master_events.csv,master_event_record,CMR-FLD-000031,FLOOD_EVIDENCE_NEEDS_DATE,Far North term match from the full master_events inventory. It requires source-by-source evidence review before it may become a canonical positive label.,True,2296,UNKNOWN,UNKNOWN,FLOOD_EVIDENCE_NEEDS_DATE,Full document contains a flood reference but does not explicitly establish a specific event date and mapped locality together; source/report date retained only as metadata.
22,3,Floods in Logone-et-Chari,flood,,,,moderate,0.65,"Flood-prone divisions such as Logone-et-Chari and Mayo Sava — already affected by conflict — would likely face new displacements and further deterioration of livelihood activities, market operations, and overall food and income access.",12,,e23f1e46fddb13a7c69f8cd97ba0c689c3d32ab2c06ab35c243b72b543c89b3a,20260601-FEWS-NET-cm-fso-1782848864.pdf,"Conflict and high food prices sustain Crisis (IPC Phase 3) outcomes despite harvest Key Messages The analysis in this report is based on information available as of June 22, 2026",FEWS NET,Logone-et-Chari,,22,,Logone-et-Chari,,,,,,,,,,,,,,,,,1,"[""Flood-prone divisions such as Logone-et-Chari and Mayo Sava — already affected by conflict — would likely face new displacements and further deterioration of livelihood activities, market operations, and overall food and income access.""]",floods in logone et chari|undated||logone et chari,CMR-FLD-000045,flood-event-extractor/final_dataset/master_events.csv,master_event_record,CMR-FLD-000045,FLOOD_EVIDENCE_NEEDS_DATE,Far North term match from the full master_events inventory. It requires source-by-source evidence review before it may become a canonical positive label.,True,2296,UNKNOWN,UNKNOWN,FLOOD_EVIDENCE_NEEDS_DATE,Full document contains a flood reference but does not explicitly establish a specific event date and mapped locality together; source/report date retained only as metadata.
32,4,Floods in Kousseri,flood,,,,moderate,0.65,"• Identification and diagnosis of non-functional water points in areas affected by flooding in Kousseri, Maga and Yagoua ongoing.",2,,2168c09faf4262c6f13de7a06b7f1c32a11fa4c437bf2712fc2f78f598b0c4ad,Cameroon Humanitarian Flash Update 5 Floods fv.pdf,1 HUMANITARIAN OVERVIEW1 People in the Far North continue to be severely affected by the floods,UNICEF,"Kousseri,Maga,Yagoua",,32,,,,,,,,,,,,,,,,,,,1,"[""• Identification and diagnosis of non-functional water points in areas affected by flooding in Kousseri, Maga and Yagoua ongoing.""]",floods in kousseri|undated||,CMR-FLD-000046,flood-event-extractor/final_dataset/master_events.csv,master_event_record,CMR-FLD-000046,FLOOD_EVIDENCE_NEEDS_DATE,Far North term match from the full master_events inventory. It requires source-by-source evidence review before it may become a canonical positive label.,True,10781,Maga,UNKNOWN,FLOOD_EVIDENCE_NEEDS_DATE,Full document contains a flood reference but does not explicitly establish a specific event date and mapped locality together; source/report date retained only as metadata.
33,4,Floods in Maga,flood,,,,moderate,0.65,"Child Protection • 1,019 children affected by the floods received mental health and psychosocial support through mobile child-friendly spaces and sport activities in Maga (Mayo- Danay) and in Logone Birni and Fotokol (Logone-et-Chari), 406 children during the week of 14 October.",2,,6d410888e333d5a4c6a24c0c66c604afb2eea29b02b94d2f2b258bc12ebab74b,Cameroon Humanitarian Flash Update 5 Floods fv.pdf,1 HUMANITARIAN OVERVIEW1 People in the Far North continue to be severely affected by the floods,UNICEF,"Logone-et-Chari,Maga",,33,,Logone-et-Chari,,,,,,,,,,,,,,,,,1,"[""Child Protection • 1,019 children affected by the floods received mental health and psychosocial support through mobile child-friendly spaces and sport activities in Maga (Mayo- Danay) and in Logone Birni and Fotokol (Logone-et-Chari), 406 children during the week of 14 October.""]",floods in maga|undated||logone et chari,CMR-FLD-000047,flood-event-extractor/final_dataset/master_events.csv,master_event_record,CMR-FLD-000047,FLOOD_EVIDENCE_NEEDS_DATE,Far North term match from the full master_events inventory. It requires source-by-source evidence review before it may become a canonical positive label.,True,10781,Maga,UNKNOWN,FLOOD_EVIDENCE_NEEDS_DATE,Full document contains a flood reference but does not explicitly establish a specific event date and mapped locality together; source/report date retained only as metadata.
34,4,Floods in Mayo-Danay,flood,,,,moderate,0.65,• A rapid assessment of the needs of children affected by the floods was carried out in all the subdivisions of Mayo-Danay and Logone-et-Chari.,2,,5a2ed4f71f4ed6b288a22fca9bb6023b9e85ae6f39ae45645e335ad264ac0230,Cameroon Humanitarian Flash Update 5 Floods fv.pdf,1 HUMANITARIAN OVERVIEW1 People in the Far North continue to be severely affected by the floods,UNICEF,"Logone-et-Chari,Mayo-Danay",,34,,Mayo-Danay,,,,,,,,,,,,,,,,,1,"[""• A rapid assessment of the needs of children affected by the floods was carried out in all the subdivisions of Mayo-Danay and Logone-et-Chari.""]",floods in mayo danay|undated||mayo danay,CMR-FLD-000035,flood-event-extractor/final_dataset/master_events.csv,master_event_record,CMR-FLD-000035,FLOOD_EVIDENCE_NEEDS_DATE,Far North term match from the full master_events inventory. It requires source-by-source evidence review before it may become a canonical positive label.,True,10781,Maga,UNKNOWN,FLOOD_EVIDENCE_NEEDS_DATE,Full document contains a flood reference but does not explicitly establish a specific event date and mapped locality together; source/report date retained only as metadata.
35,4,Floods in Makary,flood,,,,moderate,0.65,"• 2,961 SAM children were admitted to the programmes and were successfully treated in August and September in health districts affected by the floods (Bogo, Mada, Maga, Vele, Yagoua (Mayo-Danay), Fotokol, Goulfey, Kousseri, Makary (Logone-et-Chari)).",2,,72cb3c7bec3334117df8f7e2160996be6954e5e23410b2658314c250b2574a75,Cameroon Humanitarian Flash Update 5 Floods fv.pdf,1 HUMANITARIAN OVERVIEW1 People in the Far North continue to be severely affected by the floods,UNICEF,"Bogo,Kousseri,Logone-et-Chari,Maga,Makary,Mayo-Danay,Yagoua",,35,,Mayo-Danay,,,,,,,,,,,,,,,,,1,"[""• 2,961 SAM children were admitted to the programmes and were successfully treated in August and September in health districts affected by the floods (Bogo, Mada, Maga, Vele, Yagoua (Mayo-Danay), Fotokol, Goulfey, Kousseri, Makary (Logone-et-Chari)).""]",floods in makary|undated||mayo danay,CMR-FLD-000048,flood-event-extractor/final_dataset/master_events.csv,master_event_record,CMR-FLD-000048,FLOOD_EVIDENCE_NEEDS_DATE,Far North term match from the full master_events inventory. It requires source-by-source evidence review before it may become a canonical positive label.,True,10781,Maga,UNKNOWN,FLOOD_EVIDENCE_NEEDS_DATE,Full document contains a flood reference but does not explicitly establish a specific event date and mapped locality together; source/report date retained only as metadata.
36,4,Floods in Guirvidig,flood,,,,moderate,0.65,"• On 23 October, the U-Reporters of Maga supported the flooded health centre of Guirvidig in the Maga District, creating sandbag barriers to protect the centre from further water damage.",3,,038271da5b4ae672b55b4e0b3ebea38c866456487504e4e683842fbef55b7477,Cameroon Humanitarian Flash Update 5 Floods fv.pdf,1 HUMANITARIAN OVERVIEW1 People in the Far North continue to be severely affected by the floods,UNICEF,"Centre,Guirvidig,Maga",,36,Centre,,,,,,,,,,,,,,,,,,1,"[""• On 23 October, the U-Reporters of Maga supported the flooded health centre of Guirvidig in the Maga District, creating sandbag barriers to protect the centre from further water damage.""]",floods in guirvidig|undated|centre|,CMR-FLD-000049,flood-event-extractor/final_dataset/master_events.csv,master_event_record,CMR-FLD-000049,FLOOD_EVIDENCE_NEEDS_DATE,Far North term match from the full master_events inventory. It requires source-by-source evidence review before it may become a canonical positive label.,True,10781,Maga,UNKNOWN,FLOOD_EVIDENCE_NEEDS_DATE,Full document contains a flood reference but does not explicitly establish a specific event date and mapped locality together; source/report date retained only as metadata.
64,6,Floods in Makary,flood,,,,moderate,0.65,"3 Nutrition • 4,423 children aged 6 to 59 months with Severe Acute Malnutrition (SAM) were admitted and treated in the 10 districts affected by the floods (Bogo, Mada, Maga, Vele, Yagoua (Mayo-Danay), Fotokol, Goulfey, Kousseri, Makary (Logone- et-Chari), in August, September and October.",3,,fcb4765d9e0e995adaea32843d1bc6bc7d78b8018a66133b280b21a0f0f13cb1,Cameroon Humanitarian Flash Update 6 FINAL.pdf,1 HUMANITARIAN OVERVIEW1 People in the Far North continue to be severely affected by the floods,UNICEF,"Bogo,Kousseri,Maga,Makary,Mayo-Danay,Yagoua",,64,,Mayo-Danay,,,,,,,,,,,,,,,,,1,"[""3 Nutrition • 4,423 children aged 6 to 59 months with Severe Acute Malnutrition (SAM) were admitted and treated in the 10 districts affected by the floods (Bogo, Mada, Maga, Vele, Yagoua (Mayo-Danay), Fotokol, Goulfey, Kousseri, Makary (Logone- et-Chari), in August, September and October.""]",floods in makary|undated||mayo danay,CMR-FLD-000048,flood-event-extractor/final_dataset/master_events.csv,master_event_record,CMR-FLD-000048,FLOOD_EVIDENCE_NEEDS_DATE,Far North term match from the full master_events inventory. It requires source-by-source evidence review before it may become a canonical positive label.,True,14050,Maga,UNKNOWN,FLOOD_EVIDENCE_NEEDS_DATE,Full document contains a flood reference but does not explicitly establish a specific event date and mapped locality together; source/report date retained only as metadata.
66,6,Floods in Kousseri,flood,,,,moderate,0.65,Educational talk with flood affected populations on an IDP site in Kousseri.,3,,e9b64ec7893b356c3edb77d75f7e741dbc06c47138988858438b548c2ef2abed,Cameroon Humanitarian Flash Update 6 FINAL.pdf,1 HUMANITARIAN OVERVIEW1 People in the Far North continue to be severely affected by the floods,UNICEF,Kousseri,,66,,,,,,,,,,,,,,,,,,,1,"[""Educational talk with flood affected populations on an IDP site in Kousseri.""]",floods in kousseri|undated||,CMR-FLD-000046,flood-event-extractor/final_dataset/master_events.csv,master_event_record,CMR-FLD-000046,FLOOD_EVIDENCE_NEEDS_DATE,Far North term match from the full master_events inventory. It requires source-by-source evidence review before it may become a canonical positive label.,True,14050,Maga,UNKNOWN,FLOOD_EVIDENCE_NEEDS_DATE,Full document contains a flood reference but does not explicitly establish a specific event date and mapped locality together; source/report date retained only as metadata.
86,7,Floods in Zina,flood,,,,moderate,0.65,"UNICEF is transporting 19 tents to Kousséri, Logone-Birni, Zina (Logone-et-Chari), Maga, and Yagoua (Mayo-Danay) to support educational and child protection activities for 7,765 students and 61 teachers from 19 primary schools severely affected by the floods.",2,,c57453764ad4511c9749fb131a764cef2959a439156b154f5ec0355c7ab5618f,Cameroon Humanitarian Flash Update3 Floods Far North fv.pdf,1 HUMANITARIAN OVERVIEW1 The number of people affected by the floods in Far North Cameroon continues to increase,who,"Logone-et-Chari,Maga,Mayo-Danay,Yagoua,Zina",,86,,Mayo-Danay,,,,,,,,,,,,,,,,,1,"[""UNICEF is transporting 19 tents to Kousséri, Logone-Birni, Zina (Logone-et-Chari), Maga, and Yagoua (Mayo-Danay) to support educational and child protection activities for 7,765 students and 61 teachers from 19 primary schools severely affected by the floods.""]",floods in zina|undated||mayo danay,CMR-FLD-000051,flood-event-extractor/final_dataset/master_events.csv,master_event_record,CMR-FLD-000051,FLOOD_EVIDENCE_NEEDS_DATE,Far North term match from the full master_events inventory. It requires source-by-source evidence review before it may become a canonical positive label.,True,12945,Maga,UNKNOWN,FLOOD_EVIDENCE_NEEDS_DATE,Full document contains a flood reference but does not explicitly establish a specific event date and mapped locality together; source/report date retained only as metadata.
87,7,Floods in Logone-et-Chari,flood,,,,moderate,0.65,"Child Protection: In Logone Birni, Logone-et-Chari division, 246 children affected by the floods recieved mental health and psychosocial support through mobile child-friendly spaces and sport activities provided by UNICEF’s partner ALDEPA.10 Awareness campaigns about the dangers associated with the floods, including health hazards and risk of injuries and drowning are ongoing.",2,,e23f1e46fddb13a7c69f8cd97ba0c689c3d32ab2c06ab35c243b72b543c89b3a,Cameroon Humanitarian Flash Update3 Floods Far North fv.pdf,1 HUMANITARIAN OVERVIEW1 The number of people affected by the floods in Far North Cameroon continues to increase,who,Logone-et-Chari,,87,,Logone-et-Chari,,,,,,,,,,,,,,,,,1,"[""Child Protection: In Logone Birni, Logone-et-Chari division, 246 children affected by the floods recieved mental health and psychosocial support through mobile child-friendly spaces and sport activities provided by UNICEF’s partner ALDEPA.10 Awareness campaigns about the dangers associated with the floods, including health hazards and risk of injuries and drowning are ongoing.""]",floods in logone et chari|undated||logone et chari,CMR-FLD-000045,flood-event-extractor/final_dataset/master_events.csv,master_event_record,CMR-FLD-000045,FLOOD_EVIDENCE_NEEDS_DATE,Far North term match from the full master_events inventory. It requires source-by-source evidence review before it may become a canonical positive label.,True,12945,Maga,UNKNOWN,FLOOD_EVIDENCE_NEEDS_DATE,Full document contains a flood reference but does not explicitly establish a specific event date and mapped locality together; source/report date retained only as metadata.
93,7,Floods in Maroua,flood,,,,moderate,0.65,"Read the full story here: https://shorturl.at/Lh1Cg Flooded neighbourhood in Yagoua ©UNICEF/ Houreiratou F./ 2024 Contacts: Juliette Haenni, Deputy Representative, +237 697412221 / jhaenni@unicef.org Victoria Martinez, Chief Field Operations: +237 690115883 / vmartinez@unicef.org Suzanne Guibessongui, Chief Field Office Maroua: +237 657 757 895 /sguibessongui@unicef.org Anne Fouchard, Chief of Communications: +237 657750532/ afouchard@unicef.org",4,,0cf0b249b54d5c32fd619ef926b2de5b2c996f4c6b2f2ab0d4f596585a00956b,Cameroon Humanitarian Flash Update3 Floods Far North fv.pdf,1 HUMANITARIAN OVERVIEW1 The number of people affected by the floods in Far North Cameroon continues to increase,who,"Maroua,Yagoua",,93,,,,,,,,,,,,,,,,,,,1,"[""Read the full story here: https://shorturl.at/Lh1Cg Flooded neighbourhood in Yagoua ©UNICEF/ Houreiratou F./ 2024 Contacts: Juliette Haenni, Deputy Representative, +237 697412221 / jhaenni@unicef.org Victoria Martinez, Chief Field Operations: +237 690115883 / vmartinez@unicef.org Suzanne Guibessongui, Chief Field Office Maroua: +237 657 757 895 /sguibessongui@unicef.org Anne Fouchard, Chief of Communications: +237 657750532/ afouchard@unicef.org""]",floods in maroua|undated||,CMR-FLD-000052,flood-event-extractor/final_dataset/master_events.csv,master_event_record,CMR-FLD-000052,FLOOD_EVIDENCE_NEEDS_DATE,Far North term match from the full master_events inventory. It requires source-by-source evidence review before it may become a canonical positive label.,True,12945,Maga,UNKNOWN,FLOOD_EVIDENCE_NEEDS_DATE,Full document contains a flood reference but does not explicitly establish a specific event date and mapped locality together; source/report date retained only as metadata.
94,8,Floods in Mayo-Tsanaga,flood,,,,moderate,0.65,"Faits saillants • Plus de 258 000 personnes affectées par les inondations dans les départements du Mayo-Danay, Logone et Chari et Mayo-Tsanaga.",1,,17007e7d0e49b5ce1f9e0329b12de890caca034f7ffc56265421c9fa39522496,Cameroun - Extrême-Nord - Note d’information sur les inondations n°3 (au 15 novembre 2022).pdf,"Faits saillants • Plus de 258 000 personnes affectées par les inondations dans les départements du Mayo-Danay, Logone et Chari et Mayo-Tsanaga",OCHA,"Mayo-Danay,Mayo-Tsanaga",,94,,Mayo-Tsanaga,,,,,,,,,,,,,,,,,1,"[""Faits saillants • Plus de 258 000 personnes affectées par les inondations dans les départements du Mayo-Danay, Logone et Chari et Mayo-Tsanaga.""]",floods in mayo tsanaga|undated||mayo tsanaga,CMR-FLD-000040,flood-event-extractor/final_dataset/master_events.csv,master_event_record,CMR-FLD-000040,FLOOD_EVIDENCE_NEEDS_DATE,Far North term match from the full master_events inventory. It requires source-by-source evidence review before it may become a canonical positive label.,True,11849,Zina,UNKNOWN,FLOOD_EVIDENCE_NEEDS_DATE,Full document contains a flood reference but does not explicitly establish a specific event date and mapped locality together; source/report date retained only as metadata.
96,8,Floods in Est,flood,,,,moderate,0.65,"En revanche, une tendance inverse est observée dans le Logone et Chari où plusieurs localités sont inondées et d’autres sont sous menaces d’inondations.",1,,f8748816009d51bce11bcbab32e4081419f7b1320125061bc62117c0e6098d01,Cameroun - Extrême-Nord - Note d’information sur les inondations n°3 (au 15 novembre 2022).pdf,"Faits saillants • Plus de 258 000 personnes affectées par les inondations dans les départements du Mayo-Danay, Logone et Chari et Mayo-Tsanaga",OCHA,Est,,96,East,,,,,,,,,,,,,,,,,,1,"[""En revanche, une tendance inverse est observée dans le Logone et Chari où plusieurs localités sont inondées et d’autres sont sous menaces d’inondations.""]",floods in est|undated|east|,CMR-FLD-000034,flood-event-extractor/final_dataset/master_events.csv,master_event_record,CMR-FLD-000034,FLOOD_EVIDENCE_NEEDS_DATE,Far North term match from the full master_events inventory. It requires source-by-source evidence review before it may become a canonical positive label.,True,11849,Zina,UNKNOWN,FLOOD_EVIDENCE_NEEDS_DATE,Full document contains a flood reference but does not explicitly establish a specific event date and mapped locality together; source/report date retained only as metadata.
99,8,Floods in Mayo-Danay,flood,,,,moderate,0.65,"Au moins 18 cas de décès liés aux inondations ont été rapportés, dont 10 dans le Mayo-Danay et 8 dans la Logone et Chari.",1,,8a849001398486fadf42e28e35e280d9bf8c96792eb31b83367e8f9e9d65f972,Cameroun - Extrême-Nord - Note d’information sur les inondations n°3 (au 15 novembre 2022).pdf,"Faits saillants • Plus de 258 000 personnes affectées par les inondations dans les départements du Mayo-Danay, Logone et Chari et Mayo-Tsanaga",OCHA,Mayo-Danay,,99,,Mayo-Danay,,,,,,,,,,,,,,,,,1,"[""Au moins 18 cas de décès liés aux inondations ont été rapportés, dont 10 dans le Mayo-Danay et 8 dans la Logone et Chari.""]",floods in mayo danay|undated||mayo danay,CMR-FLD-000035,flood-event-extractor/final_dataset/master_events.csv,master_event_record,CMR-FLD-000035,FLOOD_EVIDENCE_NEEDS_DATE,Far North term match from the full master_events inventory. It requires source-by-source evidence review before it may become a canonical positive label.,True,11849,Zina,UNKNOWN,FLOOD_EVIDENCE_NEEDS_DATE,Full document contains a flood reference but does not explicitly establish a specific event date and mapped locality together; source/report date retained only as metadata.
103,8,Floods in Est,flood,,,,moderate,0.65,"Le Secteur Education est également impacté par les inondations avec plus de 133 écoles inondées, privant près de 40 000 enfants l’accès à l’école.",2,,f8748816009d51bce11bcbab32e4081419f7b1320125061bc62117c0e6098d01,Cameroun - Extrême-Nord - Note d’information sur les inondations n°3 (au 15 novembre 2022).pdf,"Faits saillants • Plus de 258 000 personnes affectées par les inondations dans les départements du Mayo-Danay, Logone et Chari et Mayo-Tsanaga",OCHA,Est,,103,East,,,,,,,,,,,,,,,,,,1,"[""Le Secteur Education est également impacté par les inondations avec plus de 133 écoles inondées, privant près de 40 000 enfants l’accès à l’école.""]",floods in est|undated|east|,CMR-FLD-000034,flood-event-extractor/final_dataset/master_events.csv,master_event_record,CMR-FLD-000034,FLOOD_EVIDENCE_NEEDS_DATE,Far North term match from the full master_events inventory. It requires source-by-source evidence review before it may become a canonical positive label.,True,11849,Zina,UNKNOWN,FLOOD_EVIDENCE_NEEDS_DATE,Full document contains a flood reference but does not explicitly establish a specific event date and mapped locality together; source/report date retained only as metadata.
104,8,Floods in Mayo-Danay,flood,,,,moderate,0.65,L’accès à certaines localités dans le Mayo-Danay et le Logone et Chari demeure difficile du fait des crues.,2,,8a849001398486fadf42e28e35e280d9bf8c96792eb31b83367e8f9e9d65f972,Cameroun - Extrême-Nord - Note d’information sur les inondations n°3 (au 15 novembre 2022).pdf,"Faits saillants • Plus de 258 000 personnes affectées par les inondations dans les départements du Mayo-Danay, Logone et Chari et Mayo-Tsanaga",OCHA,Mayo-Danay,,104,,Mayo-Danay,,,,,,,,,,,,,,,,,1,"[""L’accès à certaines localités dans le Mayo-Danay et le Logone et Chari demeure difficile du fait des crues.""]",floods in mayo danay|undated||mayo danay,CMR-FLD-000035,flood-event-extractor/final_dataset/master_events.csv,master_event_record,CMR-FLD-000035,FLOOD_EVIDENCE_NEEDS_DATE,Far North term match from the full master_events inventory. It requires source-by-source evidence review before it may become a canonical positive label.,True,11849,Zina,UNKNOWN,FLOOD_EVIDENCE_NEEDS_DATE,Full document contains a flood reference but does not explicitly establish a specific event date and mapped locality together; source/report date retained only as metadata.
106,8,Floods in Kousseri,flood,,,,moderate,0.65,"Au total, 1 867menages de ressortissants tchadiens (11 073 personnes) ont été signalés dans les arrondissements de Kousseri et Logone Birni à la suite des inondations au Tchad.",2,,e9b64ec7893b356c3edb77d75f7e741dbc06c47138988858438b548c2ef2abed,Cameroun - Extrême-Nord - Note d’information sur les inondations n°3 (au 15 novembre 2022).pdf,"Faits saillants • Plus de 258 000 personnes affectées par les inondations dans les départements du Mayo-Danay, Logone et Chari et Mayo-Tsanaga",OCHA,Kousseri,,106,,,,,,,,,,,,,,,,,,,1,"[""Au total, 1 867menages de ressortissants tchadiens (11 073 personnes) ont été signalés dans les arrondissements de Kousseri et Logone Birni à la suite des inondations au Tchad.""]",floods in kousseri|undated||,CMR-FLD-000046,flood-event-extractor/final_dataset/master_events.csv,master_event_record,CMR-FLD-000046,FLOOD_EVIDENCE_NEEDS_DATE,Far North term match from the full master_events inventory. It requires source-by-source evidence review before it may become a canonical positive label.,True,11849,Zina,UNKNOWN,FLOOD_EVIDENCE_NEEDS_DATE,Full document contains a flood reference but does not explicitly establish a specific event date and mapped locality together; source/report date retained only as metadata.
107,8,Floods in Mayo-Tsanaga,flood,,,,moderate,0.65,"Dans le Mayo-Tsanaga, aucune nouvelle inondation n’a été rapportée depuis septembre.",2,,d11883446720c610da72999823acd3f9fea615dbcde805eb98f8f5c860bf31ec,Cameroun - Extrême-Nord - Note d’information sur les inondations n°3 (au 15 novembre 2022).pdf,"Faits saillants • Plus de 258 000 personnes affectées par les inondations dans les départements du Mayo-Danay, Logone et Chari et Mayo-Tsanaga",OCHA,Mayo-Tsanaga,,107,,Mayo-Tsanaga,,,,,,,,,,,,,,,,,1,"[""Dans le Mayo-Tsanaga, aucune nouvelle inondation n’a été rapportée depuis septembre.""]",floods in mayo tsanaga|undated||mayo tsanaga,CMR-FLD-000040,flood-event-extractor/final_dataset/master_events.csv,master_event_record,CMR-FLD-000040,FLOOD_EVIDENCE_NEEDS_DATE,Far North term match from the full master_events inventory. It requires source-by-source evidence review before it may become a canonical positive label.,True,11849,Zina,UNKNOWN,FLOOD_EVIDENCE_NEEDS_DATE,Full document contains a flood reference but does not explicitly establish a specific event date and mapped locality together; source/report date retained only as metadata.
110,8,Floods in Makary,flood,,,,moderate,0.65,"• Organisation de deux exercices de simulation sur les inondations à Makary centre et Blangoua centre, avec 552 personnes touchées.",3,,35d71859f34459dfb51030d23a4419f0c3e28d8e8b3dc8a0a4beeb1394f1f5fd,Cameroun - Extrême-Nord - Note d’information sur les inondations n°3 (au 15 novembre 2022).pdf,"Faits saillants • Plus de 258 000 personnes affectées par les inondations dans les départements du Mayo-Danay, Logone et Chari et Mayo-Tsanaga",OCHA,"Blangoua,Centre,Makary",,110,Centre,,,,,,,,,,,,,,,,,,1,"[""• Organisation de deux exercices de simulation sur les inondations à Makary centre et Blangoua centre, avec 552 personnes touchées.""]",floods in makary|undated|centre|,CMR-FLD-000053,flood-event-extractor/final_dataset/master_events.csv,master_event_record,CMR-FLD-000053,FLOOD_EVIDENCE_NEEDS_DATE,Far North term match from the full master_events inventory. It requires source-by-source evidence review before it may become a canonical positive label.,True,11849,Zina,UNKNOWN,FLOOD_EVIDENCE_NEEDS_DATE,Full document contains a flood reference but does not explicitly establish a specific event date and mapped locality together; source/report date retained only as metadata.
111,8,Floods in Kousseri,flood,,,,moderate,0.65,"Sécurité Alimentaire PAM Assistance alimentaire pour 15 000 personnes affectées par les inondations Evaluations multisectorielles (EMS) RRM, MSF, IRC, SI • Evaluations multisectorielles dans les 13 sites de recasements de Kousseri et dans d’autres sites Plusieurs autres évaluations des besoins sont planifiées dans le département MAYO DANAY AME CRC/CICR • Distribution de 741 kits AME dans les arrondissements de Vélé, Yagoua et Kaï-Kaï.",3,,7bc0c2180bd607dadc56d2cc304ca799cc00cc62ff89c43da88fec6f06be40dc,Cameroun - Extrême-Nord - Note d’information sur les inondations n°3 (au 15 novembre 2022).pdf,"Faits saillants • Plus de 258 000 personnes affectées par les inondations dans les départements du Mayo-Danay, Logone et Chari et Mayo-Tsanaga",OCHA,"Kousseri,Yagoua",,111,,,,,,,,,,,,,,,,,,,1,"[""Sécurité Alimentaire PAM Assistance alimentaire pour 15 000 personnes affectées par les inondations Evaluations multisectorielles (EMS) RRM, MSF, IRC, SI • Evaluations multisectorielles dans les 13 sites de recasements de Kousseri et dans d’autres sites Plusieurs autres évaluations des besoins sont planifiées dans le département MAYO DANAY AME CRC/CICR • Distribution de 741 kits AME dans les arrondissements de Vélé, Yagoua et Kaï-Kaï.""]",floods in kousseri|undated||,CMR-FLD-000046,flood-event-extractor/final_dataset/master_events.csv,master_event_record,CMR-FLD-000046,FLOOD_EVIDENCE_NEEDS_DATE,Far North term match from the full master_events inventory. It requires source-by-source evidence review before it may become a canonical positive label.,True,11849,Zina,UNKNOWN,FLOOD_EVIDENCE_NEEDS_DATE,Full document contains a flood reference but does not explicitly establish a specific event date and mapped locality together; source/report date retained only as metadata.
113,8,Floods in Maroua,flood,,,,moderate,0.65,"• Impact à plus long terme de ces inondations auquel il faudra répondre Pour plus d’information, veuillez contacter : Karen Perrin, Cheffe de bureau, OCHA Cameroun, perrink@un.org Claude Mululu, Chef du sous-bureau, OCHA Maroua, mululuc@un.org Bibiane Mouangue, Chargée de l’information publique, OCHA Cameroun, bibiane.mouangue@un.org Pour plus d’information, veuillez-vous rendre sur : www.unocha.org /Cameroon | www.reliefweb.int | Humanitarianresponse.info",4,,f230af7460b97b71069b83453a7d76c9c7566983d2cb0995d04268e8b2afc792,Cameroun - Extrême-Nord - Note d’information sur les inondations n°3 (au 15 novembre 2022).pdf,"Faits saillants • Plus de 258 000 personnes affectées par les inondations dans les départements du Mayo-Danay, Logone et Chari et Mayo-Tsanaga",OCHA,"Cameroon,Maroua",,113,,,,,,,,,,,,,,,,,,,1,"[""• Impact à plus long terme de ces inondations auquel il faudra répondre Pour plus d’information, veuillez contacter : Karen Perrin, Cheffe de bureau, OCHA Cameroun, perrink@un.org Claude Mululu, Chef du sous-bureau, OCHA Maroua, mululuc@un.org Bibiane Mouangue, Chargée de l’information publique, OCHA Cameroun, bibiane.mouangue@un.org Pour plus d’information, veuillez-vous rendre sur : www.unocha.org /Cameroon | www.reliefweb.int | Humanitarianresponse.info""]",floods in maroua|undated||,CMR-FLD-000052,flood-event-extractor/final_dataset/master_events.csv,master_event_record,CMR-FLD-000052,FLOOD_EVIDENCE_NEEDS_DATE,Far North term match from the full master_events inventory. It requires source-by-source evidence review before it may become a canonical positive label.,True,11849,Zina,UNKNOWN,FLOOD_EVIDENCE_NEEDS_DATE,Full document contains a flood reference but does not explicitly establish a specific event date and mapped locality together; source/report date retained only as metadata.
114,8,Floods in Nord,flood,,,,moderate,0.65,"Annexe : Carte des inondations Carte des localités dans la région de l'Extrême-Nord | source : Gouvernement, RRM, CRC, SI, SERBOWEL",5,,1c9b1cdf4d99b1bf378a6df6dc4fc527f296e28a92de7aae5103195ac2d93456,Cameroun - Extrême-Nord - Note d’information sur les inondations n°3 (au 15 novembre 2022).pdf,"Faits saillants • Plus de 258 000 personnes affectées par les inondations dans les départements du Mayo-Danay, Logone et Chari et Mayo-Tsanaga",OCHA,"Extrême-Nord,Nord",,114,North,,,,,,,,,,,,,,,,,,1,"[""Annexe : Carte des inondations Carte des localités dans la région de l'Extrême-Nord | source : Gouvernement, RRM, CRC, SI, SERBOWEL""]",floods in nord|undated|north|,CMR-FLD-000038,flood-event-extractor/final_dataset/master_events.csv,master_event_record,CMR-FLD-000038,FLOOD_EVIDENCE_NEEDS_DATE,Far North term match from the full master_events inventory. It requires source-by-source evidence review before it may become a canonical positive label.,True,11849,Zina,UNKNOWN,FLOOD_EVIDENCE_NEEDS_DATE,Full document contains a flood reference but does not explicitly establish a specific event date and mapped locality together; source/report date retained only as metadata.
116,10,Floods in Mayo-Sava,flood,,,,moderate,0.65,"De plus, en réponse au conflit intercommunautaire du Logone Birni, le HCR a entamé la distribution des kits NFI/Abris et COVID-19 à 212 personnes En assistance aux sinistrés des inondations de la localité de Seradoumda dans le Mayo-Sava, OIM au travers de son partenaire l’Association des animateurs et encadreurs en développement communautaire (AAEDC) a distribué des kits transitionnels à 168 personnes.",7,,7926ef323b538e5de7d554c9fd66518b5e4f99f7f775848803835a28c0bb66e2,"Cameroun - Rapport de situation, 7 octobre 2021.pdf",CAMEROUN Rapport de situation Dernière mise à jour: 6 juil,OCHA,Mayo-Sava,,116,,Mayo-Sava,,,,,,,,,,,,,,,,,1,"[""De plus, en réponse au conflit intercommunautaire du Logone Birni, le HCR a entamé la distribution des kits NFI/Abris et COVID-19 à 212 personnes En assistance aux sinistrés des inondations de la localité de Seradoumda dans le Mayo-Sava, OIM au travers de son partenaire l’Association des animateurs et encadreurs en développement communautaire (AAEDC) a distribué des kits transitionnels à 168 personnes.""]",floods in mayo sava|undated||mayo sava,CMR-FLD-000054,flood-event-extractor/final_dataset/master_events.csv,master_event_record,CMR-FLD-000054,FLOOD_EVIDENCE_NEEDS_DATE,Far North term match from the full master_events inventory. It requires source-by-source evidence review before it may become a canonical positive label.,True,7,UNKNOWN,UNKNOWN,GENERAL_FLOOD_REFERENCE,Full document does not establish an individual flood event.
128,13,Floods in Mayo-Danay,flood,,,,moderate,0.65,"• Dans le département du Mayo-Danay, 21 pour cent se sont déplacés du fait du conflit armé depuis le Nigéria tandis que 79 pour cent se sont déplacés à la suite des inondations subies au Tchad ;",31,,8a849001398486fadf42e28e35e280d9bf8c96792eb31b83367e8f9e9d65f972,IOM_Rapport_Cameroun_Extreme-Nord_DTM_RD18_vf_20190528.pdf,Cameroun |Région de l’Extrême-Nord |Rapport sur les Déplacements Round 18 | 28 Mars – 08 Avril 2019 Cameroun | Région de l’Extrême-Nord | Rapport sur les déplacements | Round 18 | 28 Mars – 08 Avril 2019 2 Les avis exprimés dans ce rapport sont ceux des auteurs et ne reflètent pas nécessairement les points de vue de l’Organisation Internationale pour les Migrations (OIM),iom,Mayo-Danay,,128,,Mayo-Danay,,,,,,,,,,,,,,,,,1,"[""• Dans le département du Mayo-Danay, 21 pour cent se sont déplacés du fait du conflit armé depuis le Nigéria tandis que 79 pour cent se sont déplacés à la suite des inondations subies au Tchad ;""]",floods in mayo danay|undated||mayo danay,CMR-FLD-000035,flood-event-extractor/final_dataset/master_events.csv,master_event_record,CMR-FLD-000035,FLOOD_EVIDENCE_NEEDS_DATE,Far North term match from the full master_events inventory. It requires source-by-source evidence review before it may become a canonical positive label.,True,76275,Maga,Diamaré,FLOOD_EVIDENCE_NEEDS_DATE,Full document contains a flood reference but does not explicitly establish a specific event date and mapped locality together; source/report date retained only as metadata.
136,14,Floods in Mayo-Danay,flood,,,,moderate,0.65,"▪ Au total, 262 écoles primaires et secondaires dans 18 arrondissements du Logone et Chari (09) et Mayo-Danay (11) ont été affectées par les inondations perturbant ainsi l’accès aux services éducatifs pour un total de 103 906 élèves et 1 514 enseignants.",1,,8a849001398486fadf42e28e35e280d9bf8c96792eb31b83367e8f9e9d65f972,Note d'information n°2_Inondations_Extreme Nord_19092024.pdf,The mission of the United Nations Office for the Coordination of Humanitarian Affairs (OCHA) is to Coordinate the global emergency response to save lives and protect people in humanitarian crises,OCHA,Mayo-Danay,,136,,Mayo-Danay,,,,,,,,,,,,,,,,,1,"[""▪ Au total, 262 écoles primaires et secondaires dans 18 arrondissements du Logone et Chari (09) et Mayo-Danay (11) ont été affectées par les inondations perturbant ainsi l’accès aux services éducatifs pour un total de 103 906 élèves et 1 514 enseignants.""]",floods in mayo danay|undated||mayo danay,CMR-FLD-000035,flood-event-extractor/final_dataset/master_events.csv,master_event_record,CMR-FLD-000035,FLOOD_EVIDENCE_NEEDS_DATE,Far North term match from the full master_events inventory. It requires source-by-source evidence review before it may become a canonical positive label.,True,10154,Maga,Diamaré,FLOOD_EVIDENCE_NEEDS_DATE,Full document contains a flood reference but does not explicitly establish a specific event date and mapped locality together; source/report date retained only as metadata.
142,14,Floods in Nord,flood,,,,moderate,0.65,"▪ Le 13 septembre, le ministre de la Santé publique a dirigé une réunion à Maroua visant à évaluer les dommages causés par les inondations dans la région de l'Extrême-Nord.",2,,3d878ea6fb3b6d3acc14736ac61ea4a9f82f1f263689a15720ab3c67564329ed,Note d'information n°2_Inondations_Extreme Nord_19092024.pdf,The mission of the United Nations Office for the Coordination of Humanitarian Affairs (OCHA) is to Coordinate the global emergency response to save lives and protect people in humanitarian crises,OCHA,"Extrême-Nord,Maroua,Nord",,142,North,,,,,,,,,,,,,,,,,,1,"[""▪ Le 13 septembre, le ministre de la Santé publique a dirigé une réunion à Maroua visant à évaluer les dommages causés par les inondations dans la région de l'Extrême-Nord.""]",floods in nord|undated|north|,CMR-FLD-000038,flood-event-extractor/final_dataset/master_events.csv,master_event_record,CMR-FLD-000038,FLOOD_EVIDENCE_NEEDS_DATE,Far North term match from the full master_events inventory. It requires source-by-source evidence review before it may become a canonical positive label.,True,10154,Maga,Diamaré,FLOOD_EVIDENCE_NEEDS_DATE,Full document contains a flood reference but does not explicitly establish a specific event date and mapped locality together; source/report date retained only as metadata.
143,14,Floods in Yagoua,flood,,,,moderate,0.65,"▪ Parmi les trois sites de relocalisation à Yagoua et Maga qui ont accueilli des personnes affectées par les inondations, le site d'Ouro-Dabang à Yagoua accueille 500 personnes dans 90 tentes (un ancien don de 2022) et vont nécessiter une amélioration des services sanitaires (latrines, qualité de l'eau, etc.) et des services de santé et d'éducation (cliniques mobiles, centres d'éducation), selon les autorités.",2,,55482d94cf436ad7133b85d37fae986f25e35c5245ba8dab4e83380a274a96ed,Note d'information n°2_Inondations_Extreme Nord_19092024.pdf,The mission of the United Nations Office for the Coordination of Humanitarian Affairs (OCHA) is to Coordinate the global emergency response to save lives and protect people in humanitarian crises,OCHA,"Maga,Yagoua",,143,,,,,,,,,,,,,,,,,,,1,"[""▪ Parmi les trois sites de relocalisation à Yagoua et Maga qui ont accueilli des personnes affectées par les inondations, le site d'Ouro-Dabang à Yagoua accueille 500 personnes dans 90 tentes (un ancien don de 2022) et vont nécessiter une amélioration des services sanitaires (latrines, qualité de l'eau, etc.) et des services de santé et d'éducation (cliniques mobiles, centres d'éducation), selon les autorités.""]",floods in yagoua|undated||,CMR-FLD-000055,flood-event-extractor/final_dataset/master_events.csv,master_event_record,CMR-FLD-000055,FLOOD_EVIDENCE_NEEDS_DATE,Far North term match from the full master_events inventory. It requires source-by-source evidence review before it may become a canonical positive label.,True,10154,Maga,Diamaré,FLOOD_EVIDENCE_NEEDS_DATE,Full document contains a flood reference but does not explicitly establish a specific event date and mapped locality together; source/report date retained only as metadata.
147,14,Floods in Mokolo,flood,,,,moderate,0.65,"De plus, l’ensemble des arrondissements évalués, à l'exception de Mokolo, sont exposés à des risques d'inondations fluviales dans la période à venir.",3,,ed5d146c749662105a42d09700a8af0455cb995c3dd65f0cfa7b6e0f2422357e,Note d'information n°2_Inondations_Extreme Nord_19092024.pdf,The mission of the United Nations Office for the Coordination of Humanitarian Affairs (OCHA) is to Coordinate the global emergency response to save lives and protect people in humanitarian crises,OCHA,Mokolo,,147,,,,,,,,,,,,,,,,,,,1,"[""De plus, l’ensemble des arrondissements évalués, à l'exception de Mokolo, sont exposés à des risques d'inondations fluviales dans la période à venir.""]",floods in mokolo|undated||,CMR-FLD-000056,flood-event-extractor/final_dataset/master_events.csv,master_event_record,CMR-FLD-000056,FLOOD_EVIDENCE_NEEDS_DATE,Far North term match from the full master_events inventory. It requires source-by-source evidence review before it may become a canonical positive label.,True,10154,Maga,Diamaré,FLOOD_EVIDENCE_NEEDS_DATE,Full document contains a flood reference but does not explicitly establish a specific event date and mapped locality together; source/report date retained only as metadata.
148,14,Floods in Blangoua,flood,,,,moderate,0.65,"A Blangoua, par exemple, où plus de 53 117 personnes sont affectées par les inondations, seulement 13 partenaires humanitaires sont actifs.",3,,ab4c0b02b10d096d991d818c30d9b410aa351f751b68875240730f755a14d651,Note d'information n°2_Inondations_Extreme Nord_19092024.pdf,The mission of the United Nations Office for the Coordination of Humanitarian Affairs (OCHA) is to Coordinate the global emergency response to save lives and protect people in humanitarian crises,OCHA,Blangoua,,148,,,,,,,,,,,,,,,,,,,1,"[""A Blangoua, par exemple, où plus de 53 117 personnes sont affectées par les inondations, seulement 13 partenaires humanitaires sont actifs.""]",floods in blangoua|undated||,CMR-FLD-000036,flood-event-extractor/final_dataset/master_events.csv,master_event_record,CMR-FLD-000036,FLOOD_EVIDENCE_NEEDS_DATE,Far North term match from the full master_events inventory. It requires source-by-source evidence review before it may become a canonical positive label.,True,10154,Maga,Diamaré,FLOOD_EVIDENCE_NEEDS_DATE,Full document contains a flood reference but does not explicitly establish a specific event date and mapped locality together; source/report date retained only as metadata.
149,14,Floods in Blangoua,flood,,,,moderate,0.65,"OCHA Note d’information sur les inondations II | 4 United Nations Office for the Coordination of Humanitarian Affairs www.unocha.org Annexe 1 : Aperçu des besoins et réponse humanitaire en cours et planifiée (Informations mises à jour au 19 septembre) Département/ Arrondissement Personnes affectées Besoins prioritaires Réponses planifiées Réponses en cours Logone et Chari 156 294 Blangoua 53 117 Santé, EHA, Vivres, Abris, AME, Education • 550 Kits d’abris • 795 Kits AME • 2 000 sacs • 9 000 aqua tabs • 2 730 kits EHA • chloration points d’eau • Contruction de 4 forages, 30 latrines familiales, 33 douches et 123 latrines d’urgence • 2 fosses pour l’élimination des déchets • sensibilisation sur les mesures d’hygiène • 560 kits EHA & dignité • 150 kits de dignité+kits santé de reproduction • Cliniques mobiles • Cash pour 17 250 pers • Cash pour 1500 még;",4,,ab4c0b02b10d096d991d818c30d9b410aa351f751b68875240730f755a14d651,Note d'information n°2_Inondations_Extreme Nord_19092024.pdf,The mission of the United Nations Office for the Coordination of Humanitarian Affairs (OCHA) is to Coordinate the global emergency response to save lives and protect people in humanitarian crises,OCHA,Blangoua,,149,,,,,,,,,,,,,,,,,,,1,"[""OCHA Note d’information sur les inondations II | 4 United Nations Office for the Coordination of Humanitarian Affairs www.unocha.org Annexe 1 : Aperçu des besoins et réponse humanitaire en cours et planifiée (Informations mises à jour au 19 septembre) Département/ Arrondissement Personnes affectées Besoins prioritaires Réponses planifiées Réponses en cours Logone et Chari 156 294 Blangoua 53 117 Santé, EHA, Vivres, Abris, AME, Education • 550 Kits d’abris • 795 Kits AME • 2 000 sacs • 9 000 aqua tabs • 2 730 kits EHA • chloration points d’eau • Contruction de 4 forages, 30 latrines familiales, 33 douches et 123 latrines d’urgence • 2 fosses pour l’élimination des déchets • sensibilisation sur les mesures d’hygiène • 560 kits EHA & dignité • 150 kits de dignité+kits santé de reproduction • Cliniques mobiles • Cash pour 17 250 pers • Cash pour 1500 még;""]",floods in blangoua|undated||,CMR-FLD-000036,flood-event-extractor/final_dataset/master_events.csv,master_event_record,CMR-FLD-000036,FLOOD_EVIDENCE_NEEDS_DATE,Far North term match from the full master_events inventory. It requires source-by-source evidence review before it may become a canonical positive label.,True,10154,Maga,Diamaré,FLOOD_EVIDENCE_NEEDS_DATE,Full document contains a flood reference but does not explicitly establish a specific event date and mapped locality together; source/report date retained only as metadata.
151,14,Floods in Yagoua,flood,,,,moderate,0.65,"OCHA Note d’information sur les inondations II | 6 United Nations Office for the Coordination of Humanitarian Affairs www.unocha.org • Sel de réhydrations oral (ORS,2500 boites) • Gants de soin (500 boites) • Artésunate (300 boites) • Doxycycline (150 boites) • TdR Paludisme (1 000) • TdR Cholera (10) • Pré positionnement kits AWD • Pré-positionnement de 3 000 cartons de PPN • 10 kits didactiques (School- in-the-box) • Gestion de cas et Appui psychosocial auprès de 50 personnes 46 kits EHA et dignité + 1 school in the box dans 05 écoles primaires Mayo-Danay 198 378 Yagoua 22 905 Santé, EHA, Vivres, Abris • 2 800 sacs vides.",6,,648d2744267d27f25baade63827f51cd326cdea16aed1d2c817d87778a6b2f55,Note d'information n°2_Inondations_Extreme Nord_19092024.pdf,The mission of the United Nations Office for the Coordination of Humanitarian Affairs (OCHA) is to Coordinate the global emergency response to save lives and protect people in humanitarian crises,OCHA,"Mayo-Danay,Yagoua",,151,,Mayo-Danay,,,,,,,,,,,,,,,,,1,"[""OCHA Note d’information sur les inondations II | 6 United Nations Office for the Coordination of Humanitarian Affairs www.unocha.org • Sel de réhydrations oral (ORS,2500 boites) • Gants de soin (500 boites) • Artésunate (300 boites) • Doxycycline (150 boites) • TdR Paludisme (1 000) • TdR Cholera (10) • Pré positionnement kits AWD • Pré-positionnement de 3 000 cartons de PPN • 10 kits didactiques (School- in-the-box) • Gestion de cas et Appui psychosocial auprès de 50 personnes 46 kits EHA et dignité + 1 school in the box dans 05 écoles primaires Mayo-Danay 198 378 Yagoua 22 905 Santé, EHA, Vivres, Abris • 2 800 sacs vides.""]",floods in yagoua|undated||mayo danay,CMR-FLD-000057,flood-event-extractor/final_dataset/master_events.csv,master_event_record,CMR-FLD-000057,FLOOD_EVIDENCE_NEEDS_DATE,Far North term match from the full master_events inventory. It requires source-by-source evidence review before it may become a canonical positive label.,True,10154,Maga,Diamaré,FLOOD_EVIDENCE_NEEDS_DATE,Full document contains a flood reference but does not explicitly establish a specific event date and mapped locality together; source/report date retained only as metadata.
152,14,Floods in Diamaré,flood,,,,moderate,0.65,"OCHA Note d’information sur les inondations II | 7 United Nations Office for the Coordination of Humanitarian Affairs www.unocha.org • Santé+nutrition (y compris SSR) pour 20 806 personnes Tchatibali 4 767 Santé, EHA, Vivres, Abris, AME • 500 kits EHA Kalfou 2 432 Santé, EHA, Vivres, Abris, AME Guéré 2 120 Santé, EHA, Vivres, Abris, AME • Evaluation rapide de la situation en matière de VBG Mobilisation communautaire et sensibilisation sur les VBG Gobo 4 024 Santé, EHA, Vivres, Abris, AME Wina 4 080 Kar-hay (Doukoula) 6 701 Datcheka 4 905 Diamaré 434 Ndoukoula 434 Abris, AME, vivres • 3 000 kits EHA ;",7,,a6a4dadf7aebbe05d216ddccc01d56d36fc146eeead16ae38b9010cd083f8cb8,Note d'information n°2_Inondations_Extreme Nord_19092024.pdf,The mission of the United Nations Office for the Coordination of Humanitarian Affairs (OCHA) is to Coordinate the global emergency response to save lives and protect people in humanitarian crises,OCHA,Diamaré,,152,,Diamaré,,,,,,,,,,,,,,,,,1,"[""OCHA Note d’information sur les inondations II | 7 United Nations Office for the Coordination of Humanitarian Affairs www.unocha.org • Santé+nutrition (y compris SSR) pour 20 806 personnes Tchatibali 4 767 Santé, EHA, Vivres, Abris, AME • 500 kits EHA Kalfou 2 432 Santé, EHA, Vivres, Abris, AME Guéré 2 120 Santé, EHA, Vivres, Abris, AME • Evaluation rapide de la situation en matière de VBG Mobilisation communautaire et sensibilisation sur les VBG Gobo 4 024 Santé, EHA, Vivres, Abris, AME Wina 4 080 Kar-hay (Doukoula) 6 701 Datcheka 4 905 Diamaré 434 Ndoukoula 434 Abris, AME, vivres • 3 000 kits EHA ;""]",floods in diamare|undated||diamare,CMR-FLD-000037,flood-event-extractor/final_dataset/master_events.csv,master_event_record,CMR-FLD-000037,FLOOD_EVIDENCE_NEEDS_DATE,Far North term match from the full master_events inventory. It requires source-by-source evidence review before it may become a canonical positive label.,True,10154,Maga,Diamaré,FLOOD_EVIDENCE_NEEDS_DATE,Full document contains a flood reference but does not explicitly establish a specific event date and mapped locality together; source/report date retained only as metadata.
155,15,Floods in Diamaré,flood,,,,moderate,0.65,"448 164 38 56 084 85 253 5 510 263 847 Personnes affectées Personnes tuées Maisons détruites ou endommagées Hectares de surface cultivable détruits Tête de bétail perdues Structures éducatives affectées Points d’eau inondés Contexte De juillet à octobre 2024, la région de l’Extrême-Nord a enregistré des fortes précipitations qui ont causé des inondations touchant les départements du Diamaré, du Mayo-Tsanaga, du Mayo-Kani, et plus sévèrement ceux du Logone et chari et Mayo-Danay.",1,,c3221a4b5e57b6b9f45c65c171ceb5215056b3f26a7182d8c352f0fb7b313867,Note d'informat°_Inondations_Ext reme Nord_au 11 novembre 2024.pdf,The mission of the United Nations Office for the Coordination of Humanitarian Affairs (OCHA) is to Coordinate the global emergency response to save lives and protect people in humanitarian crises,OCHA,"Diamaré,Extrême-Nord,Mayo-Danay,Mayo-Kani,Mayo-Tsanaga,Nord",,155,North,Diamaré,,,,,,,,,,,,,,,,,1,"[""448 164 38 56 084 85 253 5 510 263 847 Personnes affectées Personnes tuées Maisons détruites ou endommagées Hectares de surface cultivable détruits Tête de bétail perdues Structures éducatives affectées Points d’eau inondés Contexte De juillet à octobre 2024, la région de l’Extrême-Nord a enregistré des fortes précipitations qui ont causé des inondations touchant les départements du Diamaré, du Mayo-Tsanaga, du Mayo-Kani, et plus sévèrement ceux du Logone et chari et Mayo-Danay.""]",floods in diamare|undated|north|diamare,CMR-FLD-000033,flood-event-extractor/final_dataset/master_events.csv,master_event_record,CMR-FLD-000033,FLOOD_EVIDENCE_NEEDS_DATE,Far North term match from the full master_events inventory. It requires source-by-source evidence review before it may become a canonical positive label.,True,12687,Maga,Diamaré,FLOOD_EVIDENCE_NEEDS_DATE,Full document contains a flood reference but does not explicitly establish a specific event date and mapped locality together; source/report date retained only as metadata.
158,15,Floods in Mayo-Kani,flood,,,,moderate,0.65,"OCHA Note d’information sur les inondations -11 novembre | 2 United Nations Office for the Coordination of Humanitarian Affairs www.unocha.org • 263 écoles primaires et secondaires dans 19 arrondissements du Logone et Chari, du Mayo-Danay et du Mayo-Kani ont été affectées par les inondations.",2,,5ed070afd1d726009c9c74d58923663d7e95abd3bdd19d8066048df746da5f31,Note d'informat°_Inondations_Ext reme Nord_au 11 novembre 2024.pdf,The mission of the United Nations Office for the Coordination of Humanitarian Affairs (OCHA) is to Coordinate the global emergency response to save lives and protect people in humanitarian crises,OCHA,"Mayo-Danay,Mayo-Kani",,158,,Mayo-Kani,,,,,,,,,,,,,,,,,1,"[""OCHA Note d’information sur les inondations -11 novembre | 2 United Nations Office for the Coordination of Humanitarian Affairs www.unocha.org • 263 écoles primaires et secondaires dans 19 arrondissements du Logone et Chari, du Mayo-Danay et du Mayo-Kani ont été affectées par les inondations.""]",floods in mayo kani|undated||mayo kani,CMR-FLD-000058,flood-event-extractor/final_dataset/master_events.csv,master_event_record,CMR-FLD-000058,FLOOD_EVIDENCE_NEEDS_DATE,Far North term match from the full master_events inventory. It requires source-by-source evidence review before it may become a canonical positive label.,True,12687,Maga,Diamaré,FLOOD_EVIDENCE_NEEDS_DATE,Full document contains a flood reference but does not explicitly establish a specific event date and mapped locality together; source/report date retained only as metadata.
162,15,Floods in Mayo-Tsanaga,flood,,,,moderate,0.65,"Protection Le Secteur Protection estime que 214 000 personnes sont confrontées à des risques de protection dans les départements du Mayo-Tsanaga et du Logone et Chari, à cause de l’impact des inondations, y compris en termes d’accès aux services de base ainsi qu’aux mécanismes de référencement et prise en charge des cas de protection.",3,,d11883446720c610da72999823acd3f9fea615dbcde805eb98f8f5c860bf31ec,Note d'informat°_Inondations_Ext reme Nord_au 11 novembre 2024.pdf,The mission of the United Nations Office for the Coordination of Humanitarian Affairs (OCHA) is to Coordinate the global emergency response to save lives and protect people in humanitarian crises,OCHA,Mayo-Tsanaga,,162,,Mayo-Tsanaga,,,,,,,,,,,,,,,,,1,"[""Protection Le Secteur Protection estime que 214 000 personnes sont confrontées à des risques de protection dans les départements du Mayo-Tsanaga et du Logone et Chari, à cause de l’impact des inondations, y compris en termes d’accès aux services de base ainsi qu’aux mécanismes de référencement et prise en charge des cas de protection.""]",floods in mayo tsanaga|undated||mayo tsanaga,CMR-FLD-000040,flood-event-extractor/final_dataset/master_events.csv,master_event_record,CMR-FLD-000040,FLOOD_EVIDENCE_NEEDS_DATE,Far North term match from the full master_events inventory. It requires source-by-source evidence review before it may become a canonical positive label.,True,12687,Maga,Diamaré,FLOOD_EVIDENCE_NEEDS_DATE,Full document contains a flood reference but does not explicitly establish a specific event date and mapped locality together; source/report date retained only as metadata.
163,15,Floods in Mayo-Danay,flood,,,,moderate,0.65,"Afin d’identifier les besoins en services de lutte contre les violences basées sur le genre, les partenaires ont conduit des évaluations dans les localités et sites spontanés touchées par les inondations et mené des activités de sensibilisation notamment dans le Logone et Chari et le Mayo-Danay.",3,,8a849001398486fadf42e28e35e280d9bf8c96792eb31b83367e8f9e9d65f972,Note d'informat°_Inondations_Ext reme Nord_au 11 novembre 2024.pdf,The mission of the United Nations Office for the Coordination of Humanitarian Affairs (OCHA) is to Coordinate the global emergency response to save lives and protect people in humanitarian crises,OCHA,Mayo-Danay,,163,,Mayo-Danay,,,,,,,,,,,,,,,,,1,"[""Afin d’identifier les besoins en services de lutte contre les violences basées sur le genre, les partenaires ont conduit des évaluations dans les localités et sites spontanés touchées par les inondations et mené des activités de sensibilisation notamment dans le Logone et Chari et le Mayo-Danay.""]",floods in mayo danay|undated||mayo danay,CMR-FLD-000035,flood-event-extractor/final_dataset/master_events.csv,master_event_record,CMR-FLD-000035,FLOOD_EVIDENCE_NEEDS_DATE,Far North term match from the full master_events inventory. It requires source-by-source evidence review before it may become a canonical positive label.,True,12687,Maga,Diamaré,FLOOD_EVIDENCE_NEEDS_DATE,Full document contains a flood reference but does not explicitly establish a specific event date and mapped locality together; source/report date retained only as metadata.
165,15,Floods in Mayo-Kani,flood,,,,moderate,0.65,"OCHA Note d’information sur les inondations -11 novembre | 4 United Nations Office for the Coordination of Humanitarian Affairs www.unocha.org Dans le Mayo-Kani, six kits choléra ont été pré-positionnés.",4,,08377cbf2968d45fcb5d2c21cf99739efc8704cf8c0b1db4e6302570024c9946,Note d'informat°_Inondations_Ext reme Nord_au 11 novembre 2024.pdf,The mission of the United Nations Office for the Coordination of Humanitarian Affairs (OCHA) is to Coordinate the global emergency response to save lives and protect people in humanitarian crises,OCHA,Mayo-Kani,,165,,Mayo-Kani,,,,,,,,,,,,,,,,,1,"[""OCHA Note d’information sur les inondations -11 novembre | 4 United Nations Office for the Coordination of Humanitarian Affairs www.unocha.org Dans le Mayo-Kani, six kits choléra ont été pré-positionnés.""]",floods in mayo kani|undated||mayo kani,CMR-FLD-000058,flood-event-extractor/final_dataset/master_events.csv,master_event_record,CMR-FLD-000058,FLOOD_EVIDENCE_NEEDS_DATE,Far North term match from the full master_events inventory. It requires source-by-source evidence review before it may become a canonical positive label.,True,12687,Maga,Diamaré,FLOOD_EVIDENCE_NEEDS_DATE,Full document contains a flood reference but does not explicitly establish a specific event date and mapped locality together; source/report date retained only as metadata.
169,16,Floods in Diamaré,flood,,,,moderate,0.65,"Afin d’anticiper la prochaine saison des pluies et les inondations qui s’en suivent, la Croix Rouge Française a lancé un projet de deux ans visant le renforcement de la résilience des populations affectées dans les départements du Logone et Chari et du Diamaré.",2,,a6a4dadf7aebbe05d216ddccc01d56d36fc146eeead16ae38b9010cd083f8cb8,OCHA Cameroon Sitrep Far North - December 2020.pdf,The mission of the United Nations Office for the Coordination of Humanitarian Affairs (OCHA) is to Coordinate the global emergency response to save lives and protect people in humanitarian crises,OCHA,Diamaré,,169,,Diamaré,,,,,,,,,,,,,,,,,1,"[""Afin d’anticiper la prochaine saison des pluies et les inondations qui s’en suivent, la Croix Rouge Française a lancé un projet de deux ans visant le renforcement de la résilience des populations affectées dans les départements du Logone et Chari et du Diamaré.""]",floods in diamare|undated||diamare,CMR-FLD-000037,flood-event-extractor/final_dataset/master_events.csv,master_event_record,CMR-FLD-000037,FLOOD_EVIDENCE_NEEDS_DATE,Far North term match from the full master_events inventory. It requires source-by-source evidence review before it may become a canonical positive label.,True,528,UNKNOWN,UNKNOWN,GENERAL_FLOOD_REFERENCE,Full document does not establish an individual flood event.
171,16,Floods in Kousseri,flood,,,,moderate,0.65,"En réponse aux inondations dans le Logone et Chari, IRC a distribué 707 kits non vivres à 5 514 personnes déplacées dans la ville de Kousseri.",6,,e9b64ec7893b356c3edb77d75f7e741dbc06c47138988858438b548c2ef2abed,OCHA Cameroon Sitrep Far North - December 2020.pdf,The mission of the United Nations Office for the Coordination of Humanitarian Affairs (OCHA) is to Coordinate the global emergency response to save lives and protect people in humanitarian crises,OCHA,Kousseri,,171,,,,,,,,,,,,,,,,,,,1,"[""En réponse aux inondations dans le Logone et Chari, IRC a distribué 707 kits non vivres à 5 514 personnes déplacées dans la ville de Kousseri.""]",floods in kousseri|undated||,CMR-FLD-000046,flood-event-extractor/final_dataset/master_events.csv,master_event_record,CMR-FLD-000046,FLOOD_EVIDENCE_NEEDS_DATE,Far North term match from the full master_events inventory. It requires source-by-source evidence review before it may become a canonical positive label.,True,528,UNKNOWN,UNKNOWN,GENERAL_FLOOD_REFERENCE,Full document does not establish an individual flood event.
172,16,Floods in Blangoua,flood,,,,moderate,0.65,"Eau, Hygiène et Assainissement IRC, UNICEF et DEMTOU ont distribué des kits eau, hygiène et assainissement (EHA) accompagnés de messages de bonnes pratiques d’hygiène à 11 923 personnes dans les villages Madagascar et Mainani de la commune de Kousseri et dans les villages Blangoua1, Ardebe, Sero Abou, Dondo, Tchitchina et Guelem de la commune de Blangoua dans le cadre de la réponse aux inondations dans le Logone et Chari.",7,,f9f72793ac71c0027ed99b4436281f32871a74c64667604e4142cdde00b0311c,OCHA Cameroon Sitrep Far North - December 2020.pdf,The mission of the United Nations Office for the Coordination of Humanitarian Affairs (OCHA) is to Coordinate the global emergency response to save lives and protect people in humanitarian crises,OCHA,"Blangoua,Kousseri",,172,,,,,,,,,,,,,,,,,,,1,"[""Eau, Hygiène et Assainissement IRC, UNICEF et DEMTOU ont distribué des kits eau, hygiène et assainissement (EHA) accompagnés de messages de bonnes pratiques d’hygiène à 11 923 personnes dans les villages Madagascar et Mainani de la commune de Kousseri et dans les villages Blangoua1, Ardebe, Sero Abou, Dondo, Tchitchina et Guelem de la commune de Blangoua dans le cadre de la réponse aux inondations dans le Logone et Chari.""]",floods in blangoua|undated||,CMR-FLD-000036,flood-event-extractor/final_dataset/master_events.csv,master_event_record,CMR-FLD-000036,FLOOD_EVIDENCE_NEEDS_DATE,Far North term match from the full master_events inventory. It requires source-by-source evidence review before it may become a canonical positive label.,True,528,UNKNOWN,UNKNOWN,GENERAL_FLOOD_REFERENCE,Full document does not establish an individual flood event.
173,16,Floods in Zina,flood,,,,moderate,0.65,"3 324 personnes ont bénéficié d’une assistance en cash alimentaire par NRC, PUI et SI à Mokolo, Koza, Mora et Mémé respectivement dans le Mayo-Tsanaga et le Mayo- Sava, et 1 000 autres dans les communes de Zina, Logone-Birni, Makari, Hilé-Alifa et Fotokol dans le Logone et Chari dans le cadre de la réponse aux inondations.",7,,bc0b156a186933c1b5544e7e8bde3da56946aad595a45b50723e2798b1314e4a,OCHA Cameroon Sitrep Far North - December 2020.pdf,The mission of the United Nations Office for the Coordination of Humanitarian Affairs (OCHA) is to Coordinate the global emergency response to save lives and protect people in humanitarian crises,OCHA,"Mayo-Tsanaga,Mokolo,Mora,Zina",,173,,Mayo-Tsanaga,,,,,,,,,,,,,,,,,1,"[""3 324 personnes ont bénéficié d’une assistance en cash alimentaire par NRC, PUI et SI à Mokolo, Koza, Mora et Mémé respectivement dans le Mayo-Tsanaga et le Mayo- Sava, et 1 000 autres dans les communes de Zina, Logone-Birni, Makari, Hilé-Alifa et Fotokol dans le Logone et Chari dans le cadre de la réponse aux inondations.""]",floods in zina|undated||mayo tsanaga,CMR-FLD-000059,flood-event-extractor/final_dataset/master_events.csv,master_event_record,CMR-FLD-000059,FLOOD_EVIDENCE_NEEDS_DATE,Far North term match from the full master_events inventory. It requires source-by-source evidence review before it may become a canonical positive label.,True,528,UNKNOWN,UNKNOWN,GENERAL_FLOOD_REFERENCE,Full document does not establish an individual flood event.
175,17,Floods in Mayo-Danay,flood,,,,moderate,0.65,"Dans l’arrondissement de Makari, une montée des eaux venant du lac de Maga (département du Mayo-Danay) a été observée dans la localité de Bodo, occasionnant l’inondation de champs et l’endommagement de voies routières.",2,,cdc52d2ac6b2685367acaf5215d0a42e86322a53cf93cf6a40ce835aec3ade7a,OCHA_SITREP_Extrême Nord_Decembre 2023 et Janvier 2024 Final.pdf,La mission du Bureau de la coordination des affaires humanitaires des Nations Unies (OCHA) est de Coordonner la réponse mondiale d'urgence pour sauver des vies et protéger les populations dans les crises humanitaires,OCHA,"Maga,Mayo-Danay",,175,,Mayo-Danay,,,,,,,,,,,,,,,,,1,"[""Dans l’arrondissement de Makari, une montée des eaux venant du lac de Maga (département du Mayo-Danay) a été observée dans la localité de Bodo, occasionnant l’inondation de champs et l’endommagement de voies routières.""]",floods in mayo danay|undated||mayo danay,CMR-FLD-000035,flood-event-extractor/final_dataset/master_events.csv,master_event_record,CMR-FLD-000035,FLOOD_EVIDENCE_NEEDS_DATE,Far North term match from the full master_events inventory. It requires source-by-source evidence review before it may become a canonical positive label.,True,2294,UNKNOWN,UNKNOWN,GENERAL_FLOOD_REFERENCE,Full document does not establish an individual flood event.
176,17,Floods in Blangoua,flood,,,,moderate,0.65,"Dans l’arrondissement voisin de Blangoua, le débordement des eaux du Chari entre fin décembre et début janvier a contraint environ 240 ménages à abandonner, préventivement pour la plupart, leurs villages.",2,,ab4c0b02b10d096d991d818c30d9b410aa351f751b68875240730f755a14d651,OCHA_SITREP_Extrême Nord_Decembre 2023 et Janvier 2024 Final.pdf,La mission du Bureau de la coordination des affaires humanitaires des Nations Unies (OCHA) est de Coordonner la réponse mondiale d'urgence pour sauver des vies et protéger les populations dans les crises humanitaires,OCHA,Blangoua,,176,,,,,,,,,,,,,,,,,,,1,"[""Dans l’arrondissement voisin de Blangoua, le débordement des eaux du Chari entre fin décembre et début janvier a contraint environ 240 ménages à abandonner, préventivement pour la plupart, leurs villages.""]",floods in blangoua|undated||,CMR-FLD-000036,flood-event-extractor/final_dataset/master_events.csv,master_event_record,CMR-FLD-000036,FLOOD_EVIDENCE_NEEDS_DATE,Far North term match from the full master_events inventory. It requires source-by-source evidence review before it may become a canonical positive label.,True,2294,UNKNOWN,UNKNOWN,GENERAL_FLOOD_REFERENCE,Full document does not establish an individual flood event.
180,18,Floods in Blangoua,flood,,,,moderate,0.65,"Des inondations survenues à la suite du déversement/débordement des eaux du fleuve Chari et de pluies torrentielles ont été rapportées à Blangoua dans les localités de Blaram, Wayawaya et Ngarinyobe, à Tildé dans l’arrondissement de Logone et Birni et à Malika, dans l’arrondissement de Mora.",1,,2f6db14c7cc8c3aa071e807f679f28219e321b64e77e05de310ea9849b3a293c,OCHA_SITREP_Extrême Nord_Novembre 2023 inputs VF.pdf,La mission du Bureau de la coordination des affaires humanitaires des Nations Unies (OCHA) est de Coordonner la réponse mondiale d'urgence pour sauver des vies et protéger les populations dans les crises humanitaires,OCHA,"Blangoua,Mora",,180,,,,,,,,,,,,,,,,,,,1,"[""Des inondations survenues à la suite du déversement/débordement des eaux du fleuve Chari et de pluies torrentielles ont été rapportées à Blangoua dans les localités de Blaram, Wayawaya et Ngarinyobe, à Tildé dans l’arrondissement de Logone et Birni et à Malika, dans l’arrondissement de Mora.""]",floods in blangoua|undated||,CMR-FLD-000036,flood-event-extractor/final_dataset/master_events.csv,master_event_record,CMR-FLD-000036,FLOOD_EVIDENCE_NEEDS_DATE,Far North term match from the full master_events inventory. It requires source-by-source evidence review before it may become a canonical positive label.,True,17610,Maga,Diamaré,FLOOD_EVIDENCE_NEEDS_DATE,Full document contains a flood reference but does not explicitly establish a specific event date and mapped locality together; source/report date retained only as metadata.
182,18,Floods in Maga,flood,,,,moderate,0.65,"Par ailleurs, les sinistrés des inondations survenues au Tchad en août 2023 ont continué d’affluer à Mourla, dans l’arrondissement de Maga.",2,,71c9c148c149eb31ef006bf8890edb2712219466fe2766b3c09cdafd6a29fa95,OCHA_SITREP_Extrême Nord_Novembre 2023 inputs VF.pdf,La mission du Bureau de la coordination des affaires humanitaires des Nations Unies (OCHA) est de Coordonner la réponse mondiale d'urgence pour sauver des vies et protéger les populations dans les crises humanitaires,OCHA,Maga,,182,,,,,,,,,,,,,,,,,,,1,"[""Par ailleurs, les sinistrés des inondations survenues au Tchad en août 2023 ont continué d’affluer à Mourla, dans l’arrondissement de Maga.""]",floods in maga|undated||,CMR-FLD-000030,flood-event-extractor/final_dataset/master_events.csv,master_event_record,CMR-FLD-000030,FLOOD_EVIDENCE_NEEDS_DATE,Far North term match from the full master_events inventory. It requires source-by-source evidence review before it may become a canonical positive label.,True,17610,Maga,Diamaré,FLOOD_EVIDENCE_NEEDS_DATE,Full document contains a flood reference but does not explicitly establish a specific event date and mapped locality together; source/report date retained only as metadata.
183,18,Floods in Kousseri,flood,,,,moderate,0.65,"L'axe Maroua-Bogo-Kousseri reste impraticable après l’évaluation de la cellule de sécurité des Nations Unies, du fait des inondations.",2,,145200674ac1418d8d2a186efe323adb7e88d5a0743e57508ea65fcf923b7f0e,OCHA_SITREP_Extrême Nord_Novembre 2023 inputs VF.pdf,La mission du Bureau de la coordination des affaires humanitaires des Nations Unies (OCHA) est de Coordonner la réponse mondiale d'urgence pour sauver des vies et protéger les populations dans les crises humanitaires,OCHA,"Bogo,Kousseri,Maroua",,183,,,,,,,,,,,,,,,,,,,1,"[""L'axe Maroua-Bogo-Kousseri reste impraticable après l’évaluation de la cellule de sécurité des Nations Unies, du fait des inondations.""]",floods in kousseri|undated||,CMR-FLD-000046,flood-event-extractor/final_dataset/master_events.csv,master_event_record,CMR-FLD-000046,FLOOD_EVIDENCE_NEEDS_DATE,Far North term match from the full master_events inventory. It requires source-by-source evidence review before it may become a canonical positive label.,True,17610,Maga,Diamaré,FLOOD_EVIDENCE_NEEDS_DATE,Full document contains a flood reference but does not explicitly establish a specific event date and mapped locality together; source/report date retained only as metadata.
189,19,Floods in Mayo-Danay,flood,,,,moderate,0.65,"En septembre ,165 kits d’articles ménagers essentiels ont été distribués à 1 734 personnes et 149 kits d’abris d’urgence à 1 606 personnes affectées par les inondations dans le Mayo-Danay.",2,,8a849001398486fadf42e28e35e280d9bf8c96792eb31b83367e8f9e9d65f972,OCHA_SITREP_Extrême Nord_septembre 2024.pdf,La mission du Bureau de la coordination des affaires humanitaires des Nations Unies (OCHA) est de Coordonner la réponse mondiale d'urgence pour sauver des vies et protéger les populations dans les crises humanitaires,OCHA,Mayo-Danay,,189,,Mayo-Danay,,,,,,,,,,,,,,,,,1,"[""En septembre ,165 kits d’articles ménagers essentiels ont été distribués à 1 734 personnes et 149 kits d’abris d’urgence à 1 606 personnes affectées par les inondations dans le Mayo-Danay.""]",floods in mayo danay|undated||mayo danay,CMR-FLD-000035,flood-event-extractor/final_dataset/master_events.csv,master_event_record,CMR-FLD-000035,FLOOD_EVIDENCE_NEEDS_DATE,Far North term match from the full master_events inventory. It requires source-by-source evidence review before it may become a canonical positive label.,True,20011,Maga,Mayo-Tsanaga,FLOOD_EVIDENCE_NEEDS_DATE,Full document contains a flood reference but does not explicitly establish a specific event date and mapped locality together; source/report date retained only as metadata.
192,19,Floods in Makary,flood,,,,moderate,0.65,"Les partenaires ont distribué 560 kits d’hygiène à 30 323 élèves (12 337 filles) du primaire dans 72 établissements primaires affectés par les inondations dans les arrondissements de Blangoua, Darak, Kousséri, Logone-Birni, Makary, Waza et Zina.",2,,961b1c25ed7e05abd722f8cea8b5171c0c2dc575ce224d347dc6188b19c0d82c,OCHA_SITREP_Extrême Nord_septembre 2024.pdf,La mission du Bureau de la coordination des affaires humanitaires des Nations Unies (OCHA) est de Coordonner la réponse mondiale d'urgence pour sauver des vies et protéger les populations dans les crises humanitaires,OCHA,"Blangoua,Makary,Zina",,192,,,,,,,,,,,,,,,,,,,1,"[""Les partenaires ont distribué 560 kits d’hygiène à 30 323 élèves (12 337 filles) du primaire dans 72 établissements primaires affectés par les inondations dans les arrondissements de Blangoua, Darak, Kousséri, Logone-Birni, Makary, Waza et Zina.""]",floods in makary|undated||,CMR-FLD-000060,flood-event-extractor/final_dataset/master_events.csv,master_event_record,CMR-FLD-000060,FLOOD_EVIDENCE_NEEDS_DATE,Far North term match from the full master_events inventory. It requires source-by-source evidence review before it may become a canonical positive label.,True,20011,Maga,Mayo-Tsanaga,FLOOD_EVIDENCE_NEEDS_DATE,Full document contains a flood reference but does not explicitly establish a specific event date and mapped locality together; source/report date retained only as metadata.
194,19,Floods in Yagoua,flood,,,,moderate,0.65,Les partenaires ont distribué 710 kits EHA à 4 260 personnes affectées par les inondations dans les communes de Vélé et de Yagoua.,3,,5c3315edb8694672b1ae4ee1c687aebab56015e892619b538a11f0665211227f,OCHA_SITREP_Extrême Nord_septembre 2024.pdf,La mission du Bureau de la coordination des affaires humanitaires des Nations Unies (OCHA) est de Coordonner la réponse mondiale d'urgence pour sauver des vies et protéger les populations dans les crises humanitaires,OCHA,Yagoua,,194,,,,,,,,,,,,,,,,,,,1,"[""Les partenaires ont distribué 710 kits EHA à 4 260 personnes affectées par les inondations dans les communes de Vélé et de Yagoua.""]",floods in yagoua|undated||,CMR-FLD-000055,flood-event-extractor/final_dataset/master_events.csv,master_event_record,CMR-FLD-000055,FLOOD_EVIDENCE_NEEDS_DATE,Far North term match from the full master_events inventory. It requires source-by-source evidence review before it may become a canonical positive label.,True,20011,Maga,Mayo-Tsanaga,FLOOD_EVIDENCE_NEEDS_DATE,Full document contains a flood reference but does not explicitly establish a specific event date and mapped locality together; source/report date retained only as metadata.
196,19,Floods in Blangoua,flood,,,,moderate,0.65,"Les besoins en eau, hygiène et assainissement demeurent prioritaires dans les activités de réponse aux inondations, avec des besoins importants non couverts dans les départements du Mayo-Danay, du Logone et Chari, et du Mayo- Kani, ainsi que pour les nouvelles personnes déplacées dans les communes de Mokolo, Mozogo, Hile-Alifa, Blangoua, Kolofata, Mora, Vélé, et Koza.",3,,e1f8007719ea90f9a2e429a337047b160a9833fd9766fc0b77e5c3cd7ffa85ba,OCHA_SITREP_Extrême Nord_septembre 2024.pdf,La mission du Bureau de la coordination des affaires humanitaires des Nations Unies (OCHA) est de Coordonner la réponse mondiale d'urgence pour sauver des vies et protéger les populations dans les crises humanitaires,OCHA,"Blangoua,Kolofata,Mayo-Danay,Mokolo,Mora",,196,,Mayo-Danay,,,,,,,,,,,,,,,,,1,"[""Les besoins en eau, hygiène et assainissement demeurent prioritaires dans les activités de réponse aux inondations, avec des besoins importants non couverts dans les départements du Mayo-Danay, du Logone et Chari, et du Mayo- Kani, ainsi que pour les nouvelles personnes déplacées dans les communes de Mokolo, Mozogo, Hile-Alifa, Blangoua, Kolofata, Mora, Vélé, et Koza.""]",floods in blangoua|undated||mayo danay,CMR-FLD-000061,flood-event-extractor/final_dataset/master_events.csv,master_event_record,CMR-FLD-000061,FLOOD_EVIDENCE_NEEDS_DATE,Far North term match from the full master_events inventory. It requires source-by-source evidence review before it may become a canonical positive label.,True,20011,Maga,Mayo-Tsanaga,FLOOD_EVIDENCE_NEEDS_DATE,Full document contains a flood reference but does not explicitly establish a specific event date and mapped locality together; source/report date retained only as metadata.
203,19,Floods in Mayo-Danay,flood,,,,moderate,0.65,Le principal défi demeure l'insuffisance des ressources financières pour répondre aux besoins urgents des femmes et des filles affectées par les inondations dans les départements du Logone et Chari et du Mayo-Danay.,4,,8a849001398486fadf42e28e35e280d9bf8c96792eb31b83367e8f9e9d65f972,OCHA_SITREP_Extrême Nord_septembre 2024.pdf,La mission du Bureau de la coordination des affaires humanitaires des Nations Unies (OCHA) est de Coordonner la réponse mondiale d'urgence pour sauver des vies et protéger les populations dans les crises humanitaires,OCHA,Mayo-Danay,,203,,Mayo-Danay,,,,,,,,,,,,,,,,,1,"[""Le principal défi demeure l'insuffisance des ressources financières pour répondre aux besoins urgents des femmes et des filles affectées par les inondations dans les départements du Logone et Chari et du Mayo-Danay.""]",floods in mayo danay|undated||mayo danay,CMR-FLD-000035,flood-event-extractor/final_dataset/master_events.csv,master_event_record,CMR-FLD-000035,FLOOD_EVIDENCE_NEEDS_DATE,Far North term match from the full master_events inventory. It requires source-by-source evidence review before it may become a canonical positive label.,True,20011,Maga,Mayo-Tsanaga,FLOOD_EVIDENCE_NEEDS_DATE,Full document contains a flood reference but does not explicitly establish a specific event date and mapped locality together; source/report date retained only as metadata.
206,19,Floods in Centre,flood,,,,moderate,0.65,"Des réunions conjointes de l’intersecteur national et régional ont eu lieu afin de développer la stratégie de réponse aux inondations (personnes dans le besoin, cibles, critères de sévérité, priorisation de la réponse, budget requis etc.) Trois sessions de formation visant à renforcer la compréhension des principes humanitaires ainsi que la collaboration entre acteurs étatiques et humanitaires ont été organisées à Mora, Kousseri et Mokolo avec l’appui de OCHA, du Forum de coordination des ONG humanitaires internationales (CHINGO) et avec la facilitation du HCR, Intersos, le Centre d'Appui au Développement local Participatif Intégré (CADEPI), le PAM et OCHA.",5,,4ce413fabb6e800ed34daa5d904cad555c61e930545cec4af1202f482c7a1935,OCHA_SITREP_Extrême Nord_septembre 2024.pdf,La mission du Bureau de la coordination des affaires humanitaires des Nations Unies (OCHA) est de Coordonner la réponse mondiale d'urgence pour sauver des vies et protéger les populations dans les crises humanitaires,OCHA,"Centre,Kousseri,Mokolo,Mora",,206,Centre,,,,,,,,,,,,,,,,,,1,"[""Des réunions conjointes de l’intersecteur national et régional ont eu lieu afin de développer la stratégie de réponse aux inondations (personnes dans le besoin, cibles, critères de sévérité, priorisation de la réponse, budget requis etc.) Trois sessions de formation visant à renforcer la compréhension des principes humanitaires ainsi que la collaboration entre acteurs étatiques et humanitaires ont été organisées à Mora, Kousseri et Mokolo avec l’appui de OCHA, du Forum de coordination des ONG humanitaires internationales (CHINGO) et avec la facilitation du HCR, Intersos, le Centre d'Appui au Développement local Participatif Intégré (CADEPI), le PAM et OCHA.""]",floods in centre|undated|centre|,CMR-FLD-000062,flood-event-extractor/final_dataset/master_events.csv,master_event_record,CMR-FLD-000062,FLOOD_EVIDENCE_NEEDS_DATE,Far North term match from the full master_events inventory. It requires source-by-source evidence review before it may become a canonical positive label.,True,20011,Maga,Mayo-Tsanaga,FLOOD_EVIDENCE_NEEDS_DATE,Full document contains a flood reference but does not explicitly establish a specific event date and mapped locality together; source/report date retained only as metadata.
207,20,Floods in Mayo-Danay,flood,,,,moderate,0.65,La Croix Rouge Camerounaise dénombre 5 553 personnes sinistrées par les inondations dans le département du Mayo-Danay au début d’août.,1,,8a849001398486fadf42e28e35e280d9bf8c96792eb31b83367e8f9e9d65f972,Rapport de situation - Cameroon - 25 nov. 2020.pdf,CAMEROON Rapport de situation Dernière mise à jour: 25 nov,OCHA,Mayo-Danay,,207,,Mayo-Danay,,,,,,,,,,,,,,,,,1,"[""La Croix Rouge Camerounaise dénombre 5 553 personnes sinistrées par les inondations dans le département du Mayo-Danay au début d’août.""]",floods in mayo danay|undated||mayo danay,CMR-FLD-000035,flood-event-extractor/final_dataset/master_events.csv,master_event_record,CMR-FLD-000035,FLOOD_EVIDENCE_NEEDS_DATE,Far North term match from the full master_events inventory. It requires source-by-source evidence review before it may become a canonical positive label.,True,6,UNKNOWN,UNKNOWN,GENERAL_FLOOD_REFERENCE,Full document does not establish an individual flood event.
208,20,Floods in Maga,flood,,,,moderate,0.65,"Au début du mois d’août, la Croix Rouge Camerounaise (CRC) a recensé 813 familles (5 553 personnes) sévèrement sinistrées par les inondations dans le département du Mayo-Kanay, en amont de la digue – barrage de Maga.",2,,71c9c148c149eb31ef006bf8890edb2712219466fe2766b3c09cdafd6a29fa95,Rapport de situation - Cameroon - 25 nov. 2020.pdf,CAMEROON Rapport de situation Dernière mise à jour: 25 nov,OCHA,Maga,,208,,,,,,,,,,,,,,,,,,,1,"[""Au début du mois d’août, la Croix Rouge Camerounaise (CRC) a recensé 813 familles (5 553 personnes) sévèrement sinistrées par les inondations dans le département du Mayo-Kanay, en amont de la digue – barrage de Maga.""]",floods in maga|undated||,CMR-FLD-000030,flood-event-extractor/final_dataset/master_events.csv,master_event_record,CMR-FLD-000030,FLOOD_EVIDENCE_NEEDS_DATE,Far North term match from the full master_events inventory. It requires source-by-source evidence review before it may become a canonical positive label.,True,6,UNKNOWN,UNKNOWN,GENERAL_FLOOD_REFERENCE,Full document does not establish an individual flood event.
209,20,Floods in Makary,flood,,,,moderate,0.65,"L’intensification des pluies au mois d’août et la typologie des bassins versants dans la région menacent à courts termes de provoquer des inondations de plus large ampleur en aval du fleuve Logone, dans le département du Logone et Chari notamment dans les arrondissements de Zina, Logone Birni, Wasa, Makary et Fotokol.",2,,95c17215d979822e20eb49359f67015d274cfe932072eb2ee58dd11e8e88434b,Rapport de situation - Cameroon - 25 nov. 2020.pdf,CAMEROON Rapport de situation Dernière mise à jour: 25 nov,OCHA,"Makary,Zina",,209,,,,,,,,,,,,,,,,,,,1,"[""L’intensification des pluies au mois d’août et la typologie des bassins versants dans la région menacent à courts termes de provoquer des inondations de plus large ampleur en aval du fleuve Logone, dans le département du Logone et Chari notamment dans les arrondissements de Zina, Logone Birni, Wasa, Makary et Fotokol.""]",floods in makary|undated||,CMR-FLD-000060,flood-event-extractor/final_dataset/master_events.csv,master_event_record,CMR-FLD-000060,FLOOD_EVIDENCE_NEEDS_DATE,Far North term match from the full master_events inventory. It requires source-by-source evidence review before it may become a canonical positive label.,True,6,UNKNOWN,UNKNOWN,GENERAL_FLOOD_REFERENCE,Full document does not establish an individual flood event.
210,20,Floods in Maroua,flood,,,,moderate,0.65,Les membres du groupe de coordination intersectorielle à Maroua ont lancé un processus de collecte d’informations sur l’impact des inondations.,2,,6737fcddc0ce6c4582dbe7e78565ae1f5e067eb6f008e34920d6239004b631b8,Rapport de situation - Cameroon - 25 nov. 2020.pdf,CAMEROON Rapport de situation Dernière mise à jour: 25 nov,OCHA,Maroua,,210,,,,,,,,,,,,,,,,,,,1,"[""Les membres du groupe de coordination intersectorielle à Maroua ont lancé un processus de collecte d’informations sur l’impact des inondations.""]",floods in maroua|undated||,CMR-FLD-000052,flood-event-extractor/final_dataset/master_events.csv,master_event_record,CMR-FLD-000052,FLOOD_EVIDENCE_NEEDS_DATE,Far North term match from the full master_events inventory. It requires source-by-source evidence review before it may become a canonical positive label.,True,6,UNKNOWN,UNKNOWN,GENERAL_FLOOD_REFERENCE,Full document does not establish an individual flood event.
217,21,Floods in Mayo-Danay,flood,,,,moderate,0.65,"Les inondations dans les plantations causées par les pluies diluviennes, notamment dans le Mayo-Danay, causent des pertes importantes de (4 oct.",3,,8a849001398486fadf42e28e35e280d9bf8c96792eb31b83367e8f9e9d65f972,Rapport de situation - Cameroun - 4 oct. 2022.pdf,CAMEROUN Rapport de situation Dernière mise à jour: 4 oct,OCHA,Mayo-Danay,,217,,Mayo-Danay,,,,,,,,,,,,,,,,,1,"[""Les inondations dans les plantations causées par les pluies diluviennes, notamment dans le Mayo-Danay, causent des pertes importantes de (4 oct.""]",floods in mayo danay|undated||mayo danay,CMR-FLD-000035,flood-event-extractor/final_dataset/master_events.csv,master_event_record,CMR-FLD-000035,FLOOD_EVIDENCE_NEEDS_DATE,Far North term match from the full master_events inventory. It requires source-by-source evidence review before it may become a canonical positive label.,True,5,UNKNOWN,UNKNOWN,GENERAL_FLOOD_REFERENCE,Full document does not establish an individual flood event.
221,22,Floods in Zina,flood,,,,moderate,0.65,L’axe Maroua-Kousseri via Zina reste impraticable à cause des inondations qui ont affecté plus de 16 000 personnes depuis juillet 2020.,1,,6ff1977df99c3f98f229c5086a6226cff7816fc452f7cb9316850b058046ea2e,Rapport de situation - Cameroun - 7 janv. 2021-2.pdf,CAMEROUN Rapport de situation Dernière mise à jour: 7 janv,OCHA,"Kousseri,Maroua,Zina",,221,,,,,,,,,,,,,,,,,,,1,"[""L’axe Maroua-Kousseri via Zina reste impraticable à cause des inondations qui ont affecté plus de 16 000 personnes depuis juillet 2020.""]",floods in zina|undated||,CMR-FLD-000063,flood-event-extractor/final_dataset/master_events.csv,master_event_record,CMR-FLD-000063,FLOOD_EVIDENCE_NEEDS_DATE,Far North term match from the full master_events inventory. It requires source-by-source evidence review before it may become a canonical positive label.,True,7,UNKNOWN,UNKNOWN,GENERAL_FLOOD_REFERENCE,Full document does not establish an individual flood event.
222,22,Floods in Kousseri,flood,,,,moderate,0.65,"1 500 ménages sont déplacés dans la ville de Kousseri à cause de la crue du Logone, causée par la forte saison des pluies.",1,,e9b64ec7893b356c3edb77d75f7e741dbc06c47138988858438b548c2ef2abed,Rapport de situation - Cameroun - 7 janv. 2021-2.pdf,CAMEROUN Rapport de situation Dernière mise à jour: 7 janv,OCHA,Kousseri,,222,,,,,,,,,,,,,,,,,,,1,"[""1 500 ménages sont déplacés dans la ville de Kousseri à cause de la crue du Logone, causée par la forte saison des pluies.""]",floods in kousseri|undated||,CMR-FLD-000046,flood-event-extractor/final_dataset/master_events.csv,master_event_record,CMR-FLD-000046,FLOOD_EVIDENCE_NEEDS_DATE,Far North term match from the full master_events inventory. It requires source-by-source evidence review before it may become a canonical positive label.,True,7,UNKNOWN,UNKNOWN,GENERAL_FLOOD_REFERENCE,Full document does not establish an individual flood event.
223,22,Floods in Kousseri,flood,,,,moderate,0.65,"Les inondations se poursuivent en novembre 2020, notamment dans le département du Logone et Chari, où la crue de la rivière du Logone a provoqué des inondations dans la ville de Kousseri pour la première fois depuis 2012.",2,,e9b64ec7893b356c3edb77d75f7e741dbc06c47138988858438b548c2ef2abed,Rapport de situation - Cameroun - 7 janv. 2021-2.pdf,CAMEROUN Rapport de situation Dernière mise à jour: 7 janv,OCHA,Kousseri,,223,,,,,,,,,,,,,,,,,,,1,"[""Les inondations se poursuivent en novembre 2020, notamment dans le département du Logone et Chari, où la crue de la rivière du Logone a provoqué des inondations dans la ville de Kousseri pour la première fois depuis 2012.""]",floods in kousseri|undated||,CMR-FLD-000046,flood-event-extractor/final_dataset/master_events.csv,master_event_record,CMR-FLD-000046,FLOOD_EVIDENCE_NEEDS_DATE,Far North term match from the full master_events inventory. It requires source-by-source evidence review before it may become a canonical positive label.,True,7,UNKNOWN,UNKNOWN,GENERAL_FLOOD_REFERENCE,Full document does not establish an individual flood event.
228,22,Floods in Blangoua,flood,,,,moderate,0.65,"Par conséquent ,seulement 384 ménages de Zina, Blangoua et Kousséri dans le Logone et Chari, affectés par les inondations ont reçu des kits NFI/Abris de ACDC et Intersos.",7,,39f8f833bc94b86b3721e50de3ff41c0b007a3bd8f5583ad18f17f2108a618a6,Rapport de situation - Cameroun - 7 janv. 2021-2.pdf,CAMEROUN Rapport de situation Dernière mise à jour: 7 janv,OCHA,"Blangoua,Zina",,228,,,,,,,,,,,,,,,,,,,1,"[""Par conséquent ,seulement 384 ménages de Zina, Blangoua et Kousséri dans le Logone et Chari, affectés par les inondations ont reçu des kits NFI/Abris de ACDC et Intersos.""]",floods in blangoua|undated||,CMR-FLD-000036,flood-event-extractor/final_dataset/master_events.csv,master_event_record,CMR-FLD-000036,FLOOD_EVIDENCE_NEEDS_DATE,Far North term match from the full master_events inventory. It requires source-by-source evidence review before it may become a canonical positive label.,True,7,UNKNOWN,UNKNOWN,GENERAL_FLOOD_REFERENCE,Full document does not establish an individual flood event.
233,23,Floods in Blangoua,flood,,,,moderate,0.65,"436 IDPs, who were living in Madagascar (district of Blangoua), left due to floods and went to Zina.",27,,39f8f833bc94b86b3721e50de3ff41c0b007a3bd8f5583ad18f17f2108a618a6,Report CMR DTM15 Far North_En_Version_revised.pdf,Cameroon |Far North Region |Displacement Report Round 15 | 03– 15 September Cameroon | Far North Region | Displacement Report | Round 15 | 03– 15 September 2018 2 The opinions expressed in the report are those of the authors and do not necessarily reflect the views of the International Organization for Migration (IOM),IOM,"Blangoua,Zina",,233,,,,,,,,,,,,,,,,,,,1,"[""436 IDPs, who were living in Madagascar (district of Blangoua), left due to floods and went to Zina.""]",floods in blangoua|undated||,CMR-FLD-000036,flood-event-extractor/final_dataset/master_events.csv,master_event_record,CMR-FLD-000036,FLOOD_EVIDENCE_NEEDS_DATE,Far North term match from the full master_events inventory. It requires source-by-source evidence review before it may become a canonical positive label.,True,84406,Maga,Diamaré,FLOOD_EVIDENCE_NEEDS_DATE,Full document contains a flood reference but does not explicitly establish a specific event date and mapped locality together; source/report date retained only as metadata.
235,23,Floods in Mayo-Danay,flood,,,,moderate,0.65,"• In the department of Mayo-Danay, 91% have been displaced due to conflicts, whereas 47,9% have been displaced because of floods on the Chad side.",34,,8a849001398486fadf42e28e35e280d9bf8c96792eb31b83367e8f9e9d65f972,Report CMR DTM15 Far North_En_Version_revised.pdf,Cameroon |Far North Region |Displacement Report Round 15 | 03– 15 September Cameroon | Far North Region | Displacement Report | Round 15 | 03– 15 September 2018 2 The opinions expressed in the report are those of the authors and do not necessarily reflect the views of the International Organization for Migration (IOM),IOM,Mayo-Danay,,235,,Mayo-Danay,,,,,,,,,,,,,,,,,1,"[""• In the department of Mayo-Danay, 91% have been displaced due to conflicts, whereas 47,9% have been displaced because of floods on the Chad side.""]",floods in mayo danay|undated||mayo danay,CMR-FLD-000035,flood-event-extractor/final_dataset/master_events.csv,master_event_record,CMR-FLD-000035,FLOOD_EVIDENCE_NEEDS_DATE,Far North term match from the full master_events inventory. It requires source-by-source evidence review before it may become a canonical positive label.,True,84406,Maga,Diamaré,FLOOD_EVIDENCE_NEEDS_DATE,Full document contains a flood reference but does not explicitly establish a specific event date and mapped locality together; source/report date retained only as metadata.
238,23,Floods in Yagoua,flood,,,,moderate,0.65,"The most important returns are in the district of Yagoua (1,498 individuals), where displacement had been caused by floods.",47,,5c3315edb8694672b1ae4ee1c687aebab56015e892619b538a11f0665211227f,Report CMR DTM15 Far North_En_Version_revised.pdf,Cameroon |Far North Region |Displacement Report Round 15 | 03– 15 September Cameroon | Far North Region | Displacement Report | Round 15 | 03– 15 September 2018 2 The opinions expressed in the report are those of the authors and do not necessarily reflect the views of the International Organization for Migration (IOM),IOM,Yagoua,,238,,,,,,,,,,,,,,,,,,,1,"[""The most important returns are in the district of Yagoua (1,498 individuals), where displacement had been caused by floods.""]",floods in yagoua|undated||,CMR-FLD-000055,flood-event-extractor/final_dataset/master_events.csv,master_event_record,CMR-FLD-000055,FLOOD_EVIDENCE_NEEDS_DATE,Far North term match from the full master_events inventory. It requires source-by-source evidence review before it may become a canonical positive label.,True,84406,Maga,Diamaré,FLOOD_EVIDENCE_NEEDS_DATE,Full document contains a flood reference but does not explicitly establish a specific event date and mapped locality together; source/report date retained only as metadata.
242,24,Floods in Mayo-Danay,flood,,,,moderate,0.65,"MAYO-DANAY Dans le département du Mayo-Danay, où 96% des déplacements sont liés aux inondations, 6 538 retournés on été recensés.",35,,8a849001398486fadf42e28e35e280d9bf8c96792eb31b83367e8f9e9d65f972,Report DTM 14 Extreme Nord.pdf,Cameroun |Région de l’Extrême-Nord |Rapport sur les Déplacements Round 14 | 13 – 26 Juin 2018 Cameroun | Région de l’Extrême-Nord | Rapport sur les déplacements | Round 14 | 13– 26 Juin 2018 2 Les opinions exprimées dans ce rapport sont celles de leurs auteurs et ne reflètent pas nécessairement les points de vue de l’Organisation Internationale pour les Migrations (OIM),iom,Mayo-Danay,,242,,Mayo-Danay,,,,,,,,,,,,,,,,,1,"[""MAYO-DANAY Dans le département du Mayo-Danay, où 96% des déplacements sont liés aux inondations, 6 538 retournés on été recensés.""]",floods in mayo danay|undated||mayo danay,CMR-FLD-000035,flood-event-extractor/final_dataset/master_events.csv,master_event_record,CMR-FLD-000035,FLOOD_EVIDENCE_NEEDS_DATE,Far North term match from the full master_events inventory. It requires source-by-source evidence review before it may become a canonical positive label.,True,69163,Maga,Diamaré,FLOOD_EVIDENCE_NEEDS_DATE,Full document contains a flood reference but does not explicitly establish a specific event date and mapped locality together; source/report date retained only as metadata.
247,25,Floods in Blangoua,flood,,,,moderate,0.65,"• Au moins 5 000 sacs de sable ont été mobilisés, dans le cadre de l’action anticipatoire, pour limiter le risque d’inondation à Blangoua.",1,,ab4c0b02b10d096d991d818c30d9b410aa351f751b68875240730f755a14d651,SITREP_Extrême Nord_Dec 2025 final (2).pdf,La mission du Bureau de la coordination des affaires humanitaires des Nations Unies (OCHA) est de Coordonner la réponse mondiale d'urgence pour sauver des vies et protéger les populations dans les crises humanitaires,OCHA,Blangoua,,247,,,,,,,,,,,,,,,,,,,1,"[""• Au moins 5 000 sacs de sable ont été mobilisés, dans le cadre de l’action anticipatoire, pour limiter le risque d’inondation à Blangoua.""]",floods in blangoua|undated||,CMR-FLD-000036,flood-event-extractor/final_dataset/master_events.csv,master_event_record,CMR-FLD-000036,FLOOD_EVIDENCE_NEEDS_DATE,Far North term match from the full master_events inventory. It requires source-by-source evidence review before it may become a canonical positive label.,True,3197,UNKNOWN,UNKNOWN,GENERAL_FLOOD_REFERENCE,Full document does not establish an individual flood event.
249,25,Floods in Mayo-Tsanaga,flood,,,,moderate,0.65,"En parallèle, les partenaires ont distribué des kits d’articles non alimentaires à 777 ménages, (soit 4 662 personnes), dans ces mêmes zones, ainsi qu’à des personnes déplacées affectées par les inondations dans le Mayo-Danay et le Mayo-Tsanaga.",2,,17007e7d0e49b5ce1f9e0329b12de890caca034f7ffc56265421c9fa39522496,SITREP_Extrême Nord_Dec 2025 final (2).pdf,La mission du Bureau de la coordination des affaires humanitaires des Nations Unies (OCHA) est de Coordonner la réponse mondiale d'urgence pour sauver des vies et protéger les populations dans les crises humanitaires,OCHA,"Mayo-Danay,Mayo-Tsanaga",,249,,Mayo-Tsanaga,,,,,,,,,,,,,,,,,1,"[""En parallèle, les partenaires ont distribué des kits d’articles non alimentaires à 777 ménages, (soit 4 662 personnes), dans ces mêmes zones, ainsi qu’à des personnes déplacées affectées par les inondations dans le Mayo-Danay et le Mayo-Tsanaga.""]",floods in mayo tsanaga|undated||mayo tsanaga,CMR-FLD-000040,flood-event-extractor/final_dataset/master_events.csv,master_event_record,CMR-FLD-000040,FLOOD_EVIDENCE_NEEDS_DATE,Far North term match from the full master_events inventory. It requires source-by-source evidence review before it may become a canonical positive label.,True,3197,UNKNOWN,UNKNOWN,GENERAL_FLOOD_REFERENCE,Full document does not establish an individual flood event.
251,25,Floods in Blangoua,flood,,,,moderate,0.65,"Toutefois, des besoins restent non-couverts, notamment pour les populations nouvellement déplacées à la suite des attaques des GANE dans les zones des départements du Mayo Sava, Logone et Chari et Mayo-Tsanaga, ainsi que pour les populations affectées par les inondations et les personnes retournées dans les zones les plus touchées de Blangoua (Logone et Chari) et Kaï-Kaï (Mayo-Danay).",3,,34fe67337eb62a429b729e207c8bf931e40cde1b5b528e9dd2e21d2012f514bb,SITREP_Extrême Nord_Dec 2025 final (2).pdf,La mission du Bureau de la coordination des affaires humanitaires des Nations Unies (OCHA) est de Coordonner la réponse mondiale d'urgence pour sauver des vies et protéger les populations dans les crises humanitaires,OCHA,"Blangoua,Mayo-Danay,Mayo-Tsanaga",,251,,Mayo-Tsanaga,,,,,,,,,,,,,,,,,1,"[""Toutefois, des besoins restent non-couverts, notamment pour les populations nouvellement déplacées à la suite des attaques des GANE dans les zones des départements du Mayo Sava, Logone et Chari et Mayo-Tsanaga, ainsi que pour les populations affectées par les inondations et les personnes retournées dans les zones les plus touchées de Blangoua (Logone et Chari) et Kaï-Kaï (Mayo-Danay).""]",floods in blangoua|undated||mayo tsanaga,CMR-FLD-000064,flood-event-extractor/final_dataset/master_events.csv,master_event_record,CMR-FLD-000064,FLOOD_EVIDENCE_NEEDS_DATE,Far North term match from the full master_events inventory. It requires source-by-source evidence review before it may become a canonical positive label.,True,3197,UNKNOWN,UNKNOWN,GENERAL_FLOOD_REFERENCE,Full document does not establish an individual flood event.
256,30,Floods in Cameroon,flood,,,,moderate,0.65,"2 SUMMARY OF THE EARLY ACTION PROTOCOL The IFRC's Disaster Relief Emergency Fund (DREF) has approved a total of CHF 949,997 for the implementation of the Cameroon Red Cross Red Cross River Flood Early Action Protocol.",2,,26a1e5cf6825bdfde8ece2b5b1cceca3b1372511781d231fb61970b692911a4a,MDRCM044EAP  (1).pdf,"Interne SUMMARY OF THE EARLY ACTION PROTOCOL Cameroon | River Flooding March 2026 Visit to the Maga hydrometric station (Mayo-Danay department; Far North region), as part of the workshop to simulate the mechanisms of triggering early action, with the support of the IFRC, the Climate Center and Viva Logone",IFRC,Cameroon,,256,,,,,,,,,,,,,,,,,,,1,"[""2 SUMMARY OF THE EARLY ACTION PROTOCOL The IFRC's Disaster Relief Emergency Fund (DREF) has approved a total of CHF 949,997 for the implementation of the Cameroon Red Cross Red Cross River Flood Early Action Protocol.""]",floods in cameroon|undated||,CMR-FLD-000042,flood-event-extractor/final_dataset/master_events.csv,master_event_record,CMR-FLD-000042,FLOOD_EVIDENCE_NEEDS_DATE,Far North term match from the full master_events inventory. It requires source-by-source evidence review before it may become a canonical positive label.,True,16259,Maga,Diamaré,FLOOD_EVIDENCE_NEEDS_DATE,Full document contains a flood reference but does not explicitly establish a specific event date and mapped locality together; source/report date retained only as metadata.
257,30,Floods in Zina,flood,,,,moderate,0.65,"The Cameroon Red Cross (CRC) Early Intervention Protocol (EAP) targets recurrent river flooding in the Far North region of Cameroon, more specifically in the departments of Mayo-Danay (Yagoua, Kaï-Kaï) and Logone-et-Chari (Kousseri, Zina).",2,,c08cb3eed3115d68badafc90d9a9590b5cb31ecbb28b4b8b4b1bd7e2bc55b26f,MDRCM044EAP  (1).pdf,"Interne SUMMARY OF THE EARLY ACTION PROTOCOL Cameroon | River Flooding March 2026 Visit to the Maga hydrometric station (Mayo-Danay department; Far North region), as part of the workshop to simulate the mechanisms of triggering early action, with the support of the IFRC, the Climate Center and Viva Logone",IFRC,"Cameroon,Far North,Kousseri,Logone-et-Chari,Mayo-Danay,North,Yagoua,Zina",,257,North,Mayo-Danay,,,,,,,,,,,,,,,,,1,"[""The Cameroon Red Cross (CRC) Early Intervention Protocol (EAP) targets recurrent river flooding in the Far North region of Cameroon, more specifically in the departments of Mayo-Danay (Yagoua, Kaï-Kaï) and Logone-et-Chari (Kousseri, Zina).""]",floods in zina|undated|north|mayo danay,CMR-FLD-000067,flood-event-extractor/final_dataset/master_events.csv,master_event_record,CMR-FLD-000067,FLOOD_EVIDENCE_NEEDS_DATE,Far North term match from the full master_events inventory. It requires source-by-source evidence review before it may become a canonical positive label.,True,16259,Maga,Diamaré,FLOOD_EVIDENCE_NEEDS_DATE,Full document contains a flood reference but does not explicitly establish a specific event date and mapped locality together; source/report date retained only as metadata.
259,30,Floods in Cameroon,flood,,,,high,0.65,"These floods regularly lead to loss of life, displacement, destruction of homes and infrastructure, agricultural losses and outbreaks of waterborne diseases such as cholera.",2,,59f11fd1f09419dbfc6c8873c990eb2baf23b164a378bd8f2c341f30a4fd3270,MDRCM044EAP  (1).pdf,"Interne SUMMARY OF THE EARLY ACTION PROTOCOL Cameroon | River Flooding March 2026 Visit to the Maga hydrometric station (Mayo-Danay department; Far North region), as part of the workshop to simulate the mechanisms of triggering early action, with the support of the IFRC, the Climate Center and Viva Logone",IFRC,,"affected:67552,dead:1120387,houses_destroyed:163047",259,,,,,67552.0,1120387.0,,,163047.0,,,,,,,,,,1,"[""These floods regularly lead to loss of life, displacement, destruction of homes and infrastructure, agricultural losses and outbreaks of waterborne diseases such as cholera.""]",floods in cameroon|undated|nan|nan,CMR-FLD-000050,flood-event-extractor/final_dataset/master_events.csv,master_event_record,CMR-FLD-000050,FLOOD_EVIDENCE_NEEDS_DATE,Far North term match from the full master_events inventory. It requires source-by-source evidence review before it may become a canonical positive label.,True,16259,Maga,Diamaré,FLOOD_EVIDENCE_NEEDS_DATE,Full document contains a flood reference but does not explicitly establish a specific event date and mapped locality together; source/report date retained only as metadata.
260,30,Floods in Cameroon,flood,,,,high,0.65,"Between 2012 and 2024, the region recorded 168 deaths, 1,120,387 people affected, 67,552 households affected, 653,780 homes destroyed, 163,047 hectares of fields flooded, and 18,916 livestock lost.",2,,59f11fd1f09419dbfc6c8873c990eb2baf23b164a378bd8f2c341f30a4fd3270,MDRCM044EAP  (1).pdf,"Interne SUMMARY OF THE EARLY ACTION PROTOCOL Cameroon | River Flooding March 2026 Visit to the Maga hydrometric station (Mayo-Danay department; Far North region), as part of the workshop to simulate the mechanisms of triggering early action, with the support of the IFRC, the Climate Center and Viva Logone",IFRC,,"affected:67552,dead:1120387,houses_destroyed:163047",260,,,,,67552.0,1120387.0,,,163047.0,,,,,,,,,,1,"[""Between 2012 and 2024, the region recorded 168 deaths, 1,120,387 people affected, 67,552 households affected, 653,780 homes destroyed, 163,047 hectares of fields flooded, and 18,916 livestock lost.""]",floods in cameroon|undated|nan|nan,CMR-FLD-000050,flood-event-extractor/final_dataset/master_events.csv,master_event_record,CMR-FLD-000050,FLOOD_EVIDENCE_NEEDS_DATE,Far North term match from the full master_events inventory. It requires source-by-source evidence review before it may become a canonical positive label.,True,16259,Maga,Diamaré,FLOOD_EVIDENCE_NEEDS_DATE,Full document contains a flood reference but does not explicitly establish a specific event date and mapped locality together; source/report date retained only as metadata.
262,30,Floods in Yagoua,flood,,,,moderate,0.65,"The actual trigger occurred when Viva Logone confirmed a level of 620 cm at the Massakoudwaita station, which left an operational margin of 4 days before the overflow in the Yagoua/Kai-Kaï area.",3,,5c3315edb8694672b1ae4ee1c687aebab56015e892619b538a11f0665211227f,MDRCM044EAP  (1).pdf,"Interne SUMMARY OF THE EARLY ACTION PROTOCOL Cameroon | River Flooding March 2026 Visit to the Maga hydrometric station (Mayo-Danay department; Far North region), as part of the workshop to simulate the mechanisms of triggering early action, with the support of the IFRC, the Climate Center and Viva Logone",IFRC,Yagoua,,262,,,,,,,,,,,,,,,,,,,1,"[""The actual trigger occurred when Viva Logone confirmed a level of 620 cm at the Massakoudwaita station, which left an operational margin of 4 days before the overflow in the Yagoua/Kai-Kaï area.""]",floods in yagoua|undated||,CMR-FLD-000055,flood-event-extractor/final_dataset/master_events.csv,master_event_record,CMR-FLD-000055,FLOOD_EVIDENCE_NEEDS_DATE,Far North term match from the full master_events inventory. It requires source-by-source evidence review before it may become a canonical positive label.,True,16259,Maga,Diamaré,FLOOD_EVIDENCE_NEEDS_DATE,Full document contains a flood reference but does not explicitly establish a specific event date and mapped locality together; source/report date retained only as metadata.
263,30,Floods in Maga,flood,,,,moderate,0.65,"(2) Lake Maga Axis—Reservoir Overflow: Triggered when the Vric station (connected to Lake Maga) records 434.13 cm (equivalent to an elevation of 314.22 m, the 80th percentile of historical values).",3,,71c9c148c149eb31ef006bf8890edb2712219466fe2766b3c09cdafd6a29fa95,MDRCM044EAP  (1).pdf,"Interne SUMMARY OF THE EARLY ACTION PROTOCOL Cameroon | River Flooding March 2026 Visit to the Maga hydrometric station (Mayo-Danay department; Far North region), as part of the workshop to simulate the mechanisms of triggering early action, with the support of the IFRC, the Climate Center and Viva Logone",IFRC,Maga,,263,,,,,,,,,,,,,,,,,,,1,"[""(2) Lake Maga Axis—Reservoir Overflow: Triggered when the Vric station (connected to Lake Maga) records 434.13 cm (equivalent to an elevation of 314.22 m, the 80th percentile of historical values).""]",floods in maga|undated||,CMR-FLD-000030,flood-event-extractor/final_dataset/master_events.csv,master_event_record,CMR-FLD-000030,FLOOD_EVIDENCE_NEEDS_DATE,Far North term match from the full master_events inventory. It requires source-by-source evidence review before it may become a canonical positive label.,True,16259,Maga,Diamaré,FLOOD_EVIDENCE_NEEDS_DATE,Full document contains a flood reference but does not explicitly establish a specific event date and mapped locality together; source/report date retained only as metadata.
264,30,Floods in Kousseri,flood,,,,moderate,0.65,"This threshold corresponds to a high risk of overflow in the Kousseri plains, with a 9-day window to implement early actions.",3,,e9b64ec7893b356c3edb77d75f7e741dbc06c47138988858438b548c2ef2abed,MDRCM044EAP  (1).pdf,"Interne SUMMARY OF THE EARLY ACTION PROTOCOL Cameroon | River Flooding March 2026 Visit to the Maga hydrometric station (Mayo-Danay department; Far North region), as part of the workshop to simulate the mechanisms of triggering early action, with the support of the IFRC, the Climate Center and Viva Logone",IFRC,Kousseri,,264,,,,,,,,,,,,,,,,,,,1,"[""This threshold corresponds to a high risk of overflow in the Kousseri plains, with a 9-day window to implement early actions.""]",floods in kousseri|undated||,CMR-FLD-000046,flood-event-extractor/final_dataset/master_events.csv,master_event_record,CMR-FLD-000046,FLOOD_EVIDENCE_NEEDS_DATE,Far North term match from the full master_events inventory. It requires source-by-source evidence review before it may become a canonical positive label.,True,16259,Maga,Diamaré,FLOOD_EVIDENCE_NEEDS_DATE,Full document contains a flood reference but does not explicitly establish a specific event date and mapped locality together; source/report date retained only as metadata.
275,31,Floods in Makary,flood,,,,moderate,0.65,"UNFPA, in its capacity as co-lead of the GBV AoR, conducted a GBV safety audit in Makary, Fotokol, Kousseri, Guéré, Velé, Yagoua, Mada and Kai Kai, localities hit hard by the ongoing heavy flooding.",4,,0e2cd9599868b9ec59f36f02cbb0d9eaea57d88e42af93928c5c6cbd8107ae2f,UNFPA Cameroon Humanitarian SitRep #24  (Final).pdf,"Situation Report #24 Devastating flooding in Cameroon’s Far North Key Figures 3,400,000 Total people affected 816,000 Women of reproductive age 88,600 Estimated pregnant women 367,000 People targeted with SRH services 594,000 People targeted with GBV programmes Highlights ● Extensive flooding in the Far North region has affected over 356,730 people, resulting in at least 30 deaths",OCHA,"Kousseri,Makary,Yagoua",,275,,,,,,,,,,,,,,,,,,,1,"[""UNFPA, in its capacity as co-lead of the GBV AoR, conducted a GBV safety audit in Makary, Fotokol, Kousseri, Guéré, Velé, Yagoua, Mada and Kai Kai, localities hit hard by the ongoing heavy flooding.""]",floods in makary|undated||,CMR-FLD-000060,flood-event-extractor/final_dataset/master_events.csv,master_event_record,CMR-FLD-000060,FLOOD_EVIDENCE_NEEDS_DATE,Far North term match from the full master_events inventory. It requires source-by-source evidence review before it may become a canonical positive label.,True,4,UNKNOWN,UNKNOWN,GENERAL_FLOOD_REFERENCE,Full document does not establish an individual flood event.
301,34,Floods in North,flood,,,,moderate,0.65,The GBV AoR in Cameroon has coordinated partners in the Far North region to respond to the needs of women and girls in flood-impacted areas of Logone-and-Chari and Mayo-Danay.,4,,076faad85dc56963c76dab381a70f537f9bf06dfecc858d4c551cadf2d1b66ce,UNFPA Cameroon SitRep #23 (Final).pdf,"Situation Report #23 Severe flooding in Cameroon’s Far North impacts over 150,000 people Key Figures 3,400,000 Total people affected 816,000 Women of reproductive age 88,600 Estimated pregnant women 367,000 People targeted with SRH services 594,000 People targeted with GBV programmes Highlights ● Severe flooding in Cameroon's Far North Region has impacted over 150,000 people as of late August, disproportionately affecting women and girls",unfpa,"Cameroon,Far North,Mayo-Danay,North",,301,North,Mayo-Danay,,,,,,,,,,,,,,,,,1,"[""The GBV AoR in Cameroon has coordinated partners in the Far North region to respond to the needs of women and girls in flood-impacted areas of Logone-and-Chari and Mayo-Danay.""]",floods in north|undated|north|mayo danay,CMR-FLD-000031,flood-event-extractor/final_dataset/master_events.csv,master_event_record,CMR-FLD-000031,FLOOD_EVIDENCE_NEEDS_DATE,Far North term match from the full master_events inventory. It requires source-by-source evidence review before it may become a canonical positive label.,True,4,UNKNOWN,UNKNOWN,GENERAL_FLOOD_REFERENCE,Full document does not establish an individual flood event.
303,34,Floods in Makary,flood,,,,moderate,0.65,"The SRHiE TWG is coordinating partners for the flood response in affected areas in the Far North region, particularly the councils of Makary and Blangoua.",5,,2d679202c4adc804c0437d286c802e69d959d059fecdf463ec8c75de3639dc07,UNFPA Cameroon SitRep #23 (Final).pdf,"Situation Report #23 Severe flooding in Cameroon’s Far North impacts over 150,000 people Key Figures 3,400,000 Total people affected 816,000 Women of reproductive age 88,600 Estimated pregnant women 367,000 People targeted with SRH services 594,000 People targeted with GBV programmes Highlights ● Severe flooding in Cameroon's Far North Region has impacted over 150,000 people as of late August, disproportionately affecting women and girls",unfpa,"Blangoua,Far North,Makary,North",,303,North,,,,,,,,,,,,,,,,,,1,"[""The SRHiE TWG is coordinating partners for the flood response in affected areas in the Far North region, particularly the councils of Makary and Blangoua.""]",floods in makary|undated|north|,CMR-FLD-000069,flood-event-extractor/final_dataset/master_events.csv,master_event_record,CMR-FLD-000069,FLOOD_EVIDENCE_NEEDS_DATE,Far North term match from the full master_events inventory. It requires source-by-source evidence review before it may become a canonical positive label.,True,4,UNKNOWN,UNKNOWN,GENERAL_FLOOD_REFERENCE,Full document does not establish an individual flood event.
310,37,Floods in Zina,flood,,,,moderate,0.65,"Cameroon Humanitarian Situation Report Funding gap $ 29.5M Carry-over $ 3.2 M 2019 funding requirement: $39.3 M Funds received $ 6.6M Highlights • In initial response to serious flooding in Zina and Kai Kai districts of Far North Region, UNICEF distributed emergency supplies including WASH and Dignity Kits, plastic sheeting, water filters and aqua-tabs benefitting over 2,000 people.",1,,9fecebd0d4f82820d2ca06f62b43a102f4dbc7461086e9e81a20474314dbb514,UNICEF Cameroon Humanitarian Situation Report - October 2019 (1).pdf,Cameroon Humanitarian Situation Report Funding gap $ 29,UNICEF,"Cameroon,Far North,North,Zina",,310,North,,,,,,,,,,,,,,,,,,1,"[""Cameroon Humanitarian Situation Report Funding gap $ 29.5M Carry-over $ 3.2 M 2019 funding requirement: $39.3 M Funds received $ 6.6M Highlights • In initial response to serious flooding in Zina and Kai Kai districts of Far North Region, UNICEF distributed emergency supplies including WASH and Dignity Kits, plastic sheeting, water filters and aqua-tabs benefitting over 2,000 people.""]",floods in zina|undated|north|,CMR-FLD-000070,flood-event-extractor/final_dataset/master_events.csv,master_event_record,CMR-FLD-000070,FLOOD_EVIDENCE_NEEDS_DATE,Far North term match from the full master_events inventory. It requires source-by-source evidence review before it may become a canonical positive label.,True,52150,Maga,UNKNOWN,FLOOD_EVIDENCE_NEEDS_DATE,Full document contains a flood reference but does not explicitly establish a specific event date and mapped locality together; source/report date retained only as metadata.
315,37,Floods in Zina,flood,,,,moderate,0.65,The main objective was to strengthen the response mechanism and data collection in the Lake Chad Basin crisis and to discuss about the flood that occurred in Zina (Logone et Chari) and Kai-kai (Mayo Danay) and resulting rapid assessment.,5,,f3bf6f7670430fca582c38dfce30757a277b1ce00fa7d77228de5fbd9ecad295,UNICEF Cameroon Humanitarian Situation Report - October 2019 (1).pdf,Cameroon Humanitarian Situation Report Funding gap $ 29,UNICEF,Zina,,315,,,,,,,,,,,,,,,,,,,1,"[""The main objective was to strengthen the response mechanism and data collection in the Lake Chad Basin crisis and to discuss about the flood that occurred in Zina (Logone et Chari) and Kai-kai (Mayo Danay) and resulting rapid assessment.""]",floods in zina|undated||,CMR-FLD-000063,flood-event-extractor/final_dataset/master_events.csv,master_event_record,CMR-FLD-000063,FLOOD_EVIDENCE_NEEDS_DATE,Far North term match from the full master_events inventory. It requires source-by-source evidence review before it may become a canonical positive label.,True,52150,Maga,UNKNOWN,FLOOD_EVIDENCE_NEEDS_DATE,Full document contains a flood reference but does not explicitly establish a specific event date and mapped locality together; source/report date retained only as metadata.
339,40,Floods in North,flood,,,,moderate,0.65,"In Maga, Far North Cameroon, UNICEF supports anticipatory cash assistance through HOPE, anchored in RESUC, enabling early action and resilience ahead of floods for vulnerable households.",8,,6bd8c833fe79a4ac15f17128ac9a87abc0407d9311330ff231a58fb8e7fea2b6,"UNICEF Cameroon Humanitarian Situation Report No. 4 ( End of Year), 31 December 2025 (1).pdf",5 February 2026 www,unicef,"Cameroon,Far North,Maga,North",,339,North,,,,,,,,,,,,,,,,,,1,"[""In Maga, Far North Cameroon, UNICEF supports anticipatory cash assistance through HOPE, anchored in RESUC, enabling early action and resilience ahead of floods for vulnerable households.""]",floods in north|undated|north|,CMR-FLD-000029,flood-event-extractor/final_dataset/master_events.csv,master_event_record,CMR-FLD-000029,FLOOD_EVIDENCE_NEEDS_DATE,Far North term match from the full master_events inventory. It requires source-by-source evidence review before it may become a canonical positive label.,True,16,UNKNOWN,UNKNOWN,GENERAL_FLOOD_REFERENCE,Full document does not establish an individual flood event.
340,40,Floods in North,flood,,,,moderate,0.65,"In Mémé, every dyed fabric weave peace and a future for women UNICEF mobilizes in Maga, extreme north, for flood victims Her Classroom Had No Walls, But Her Impact Knew No Bounds Clean Hands, Brighter Futures: How Hygiene Promotion is Transforming Lives in Bafut, Mezam.",9,,c65c2d42834ae80d13c972bff3f83280df4d5ed1320a0b6d1a35202d0c91d324,"UNICEF Cameroon Humanitarian Situation Report No. 4 ( End of Year), 31 December 2025 (1).pdf",5 February 2026 www,unicef,"Maga,Mezam,North",,340,North,Mezam,,,,,,,,,,,,,,,,,1,"[""In Mémé, every dyed fabric weave peace and a future for women UNICEF mobilizes in Maga, extreme north, for flood victims Her Classroom Had No Walls, But Her Impact Knew No Bounds Clean Hands, Brighter Futures: How Hygiene Promotion is Transforming Lives in Bafut, Mezam.""]",floods in north|undated|north|mezam,CMR-FLD-000071,flood-event-extractor/final_dataset/master_events.csv,master_event_record,CMR-FLD-000071,FLOOD_EVIDENCE_NEEDS_DATE,Far North term match from the full master_events inventory. It requires source-by-source evidence review before it may become a canonical positive label.,True,16,UNKNOWN,UNKNOWN,GENERAL_FLOOD_REFERENCE,Full document does not establish an individual flood event.
371,45,Floods in Diamaré,flood,,,,moderate,0.65,"Those with severely reduced coping capacity will face Emergency (IPC Phase 4) outcomes.Households facing flood-related displacements and severe crop and livestock damage, particularly in the Mayo Danay and Diamaré divisions, are expected to face Stressed (IPC Phase 2) outcomes through the end of the year.",1,,a6a4dadf7aebbe05d216ddccc01d56d36fc146eeead16ae38b9010cd083f8cb8,cm-fso-2024-10-1730587635.pdf,"October harvests bring temporary relief to conflict-affected households Key Messages The analysis in this report is based on information available as of Oc tober 15, 2024",who,Diamaré,,371,,Diamaré,,,,,,,,,,,,,,,,,1,"[""Those with severely reduced coping capacity will face Emergency (IPC Phase 4) outcomes.Households facing flood-related displacements and severe crop and livestock damage, particularly in the Mayo Danay and Diamaré divisions, are expected to face Stressed (IPC Phase 2) outcomes through the end of the year.""]",floods in diamare|undated||diamare,CMR-FLD-000037,flood-event-extractor/final_dataset/master_events.csv,master_event_record,CMR-FLD-000037,FLOOD_EVIDENCE_NEEDS_DATE,Far North term match from the full master_events inventory. It requires source-by-source evidence review before it may become a canonical positive label.,True,2591,UNKNOWN,UNKNOWN,GENERAL_FLOOD_REFERENCE,Full document does not establish an individual flood event.
378,45,Floods in Diamaré,flood,,,,moderate,0.65,"In the Mayo-Danay and Diamaré divisions, households most affected by flooding will likely face Stressed (IPC Phase 2) acute food insecurity through January 2025 due to flood-related dis placements and a decline in production.",2,,46f5b79f1f2fe985285090911ce6b6b25c13d8590b63f66f4344a14a08f086ab,cm-fso-2024-10-1730587635.pdf,"October harvests bring temporary relief to conflict-affected households Key Messages The analysis in this report is based on information available as of Oc tober 15, 2024",who,"Diamaré,Mayo-Danay",,378,,Diamaré,,,,,,,,,,,,,,,,,1,"[""In the Mayo-Danay and Diamaré divisions, households most affected by flooding will likely face Stressed (IPC Phase 2) acute food insecurity through January 2025 due to flood-related dis placements and a decline in production.""]",floods in diamare|undated||diamare,CMR-FLD-000037,flood-event-extractor/final_dataset/master_events.csv,master_event_record,CMR-FLD-000037,FLOOD_EVIDENCE_NEEDS_DATE,Far North term match from the full master_events inventory. It requires source-by-source evidence review before it may become a canonical positive label.,True,2591,UNKNOWN,UNKNOWN,GENERAL_FLOOD_REFERENCE,Full document does not establish an individual flood event.
384,45,Floods in Mayo-Tsanaga,flood,,,heavy rainfall,moderate,0.65,"In the unimodal Far North region, torrential rainfall and severe seasonal flooding inundated farms across the Dia maré, Logone and Chari, Mayo-Danay, Mayo-Tsanaga, and Mayo Sava divisions in August and September.",6,,d6a95b542148bfea2b2a98856c48ad0464562d42acfb5efc66976a7d6b8c006f,cm-fso-2024-10-1730587635.pdf,"October harvests bring temporary relief to conflict-affected households Key Messages The analysis in this report is based on information available as of Oc tober 15, 2024",who,"Far North,Mayo-Danay,Mayo-Tsanaga,North",,384,North,Mayo-Tsanaga,,,,,,,,,,,,,,,,,1,"[""In the unimodal Far North region, torrential rainfall and severe seasonal flooding inundated farms across the Dia maré, Logone and Chari, Mayo-Danay, Mayo-Tsanaga, and Mayo Sava divisions in August and September.""]",floods in mayo tsanaga|undated|north|mayo tsanaga,CMR-FLD-000072,flood-event-extractor/final_dataset/master_events.csv,master_event_record,CMR-FLD-000072,FLOOD_EVIDENCE_NEEDS_DATE,Far North term match from the full master_events inventory. It requires source-by-source evidence review before it may become a canonical positive label.,True,2591,UNKNOWN,UNKNOWN,GENERAL_FLOOD_REFERENCE,Full document does not establish an individual flood event.
396,45,Floods in North,flood,,,,moderate,0.65,"Households in more secure divisions of the Far North, like Mayo Danay and Diamaré, suffering from flood-related crop losses, currently have below-average food stock levels and incomes from crop sales.",10,,6f918a975520263938e7dd0e4ac3ae046379af4a3425b3f4e7e7712de1556e72,cm-fso-2024-10-1730587635.pdf,"October harvests bring temporary relief to conflict-affected households Key Messages The analysis in this report is based on information available as of Oc tober 15, 2024",who,"Diamaré,Far North,North",,396,North,Diamaré,,,,,,,,,,,,,,,,,1,"[""Households in more secure divisions of the Far North, like Mayo Danay and Diamaré, suffering from flood-related crop losses, currently have below-average food stock levels and incomes from crop sales.""]",floods in north|undated|north|diamare,CMR-FLD-000073,flood-event-extractor/final_dataset/master_events.csv,master_event_record,CMR-FLD-000073,FLOOD_EVIDENCE_NEEDS_DATE,Far North term match from the full master_events inventory. It requires source-by-source evidence review before it may become a canonical positive label.,True,2591,UNKNOWN,UNKNOWN,GENERAL_FLOOD_REFERENCE,Full document does not establish an individual flood event.
429,50,Floods in Logone-et-Chari,flood,,,,moderate,0.65,FAITS SAILLANTS • Près de 900 personnes déplacées suite aux inondations dans le Logone-et-Chari • 1 700 personnes se déplacent suite à des attaques dans le Mayo - Tsanaga • La prévalence de la malnutrition chronique est supérieure à 40% dans l’Extrême-Nord CHIFFRES CLÉS Nb.,1,,c44c1c2f44f9705974a73360f710a5adc4e4d2bf2a843799c53842a200c531a4,ocha_cmr_bulletin20humanitaire_no.004_20171011.pdf,FAITS SAILLANTS • Près de 900 personnes déplacées suite aux inondations dans le Logone-et-Chari • 1 700 personnes se déplacent suite à des attaques dans le Mayo - Tsanaga • La prévalence de la malnutrition chronique est supérieure à 40% dans l’Extrême-Nord CHIFFRES CLÉS Nb,OCHA,"Est,Extrême-Nord,Logone-et-Chari,Nord",,429,Far North,Logone-et-Chari,,,,,,,,,,,,,,,,,1,"[""FAITS SAILLANTS • Près de 900 personnes déplacées suite aux inondations dans le Logone-et-Chari • 1 700 personnes se déplacent suite à des attaques dans le Mayo - Tsanaga • La prévalence de la malnutrition chronique est supérieure à 40% dans l’Extrême-Nord CHIFFRES CLÉS Nb.""]",floods in logone et chari|undated|far north|logone et chari,CMR-FLD-000074,flood-event-extractor/final_dataset/master_events.csv,master_event_record,CMR-FLD-000074,FLOOD_EVIDENCE_NEEDS_DATE,Far North term match from the full master_events inventory. It requires source-by-source evidence review before it may become a canonical positive label.,True,16945,Maga,UNKNOWN,FLOOD_EVIDENCE_NEEDS_DATE,Full document contains a flood reference but does not explicitly establish a specific event date and mapped locality together; source/report date retained only as metadata.
430,51,Floods in Kousseri,flood,,,,moderate,0.65, 12 111 personnes déplacées internes (PDI) à cause des inondations ont reçu des kits abris d’urgence et literie du Comité international de secours (IRC) dans les arrondissements de Kousseri et de Mora.,1,,edc741f4c761c56997486f3ec155cac8f7ec2896f77fddea6b75d092f81468ea,ocha_cameroon_sitrep_far_north_-_february_2021.pdf,The mission of the United Nations Office for the Coordination of Humanitarian Affairs (OCHA) is to Coordinate the global emergency response to save lives and protect people in humanitarian crises,OCHA,"Kousseri,Mora",,430,,,,,,,,,,,,,,,,,,,1,"["" 12 111 personnes déplacées internes (PDI) à cause des inondations ont reçu des kits abris d’urgence et literie du Comité international de secours (IRC) dans les arrondissements de Kousseri et de Mora.""]",floods in kousseri|undated||,CMR-FLD-000046,flood-event-extractor/final_dataset/master_events.csv,master_event_record,CMR-FLD-000046,FLOOD_EVIDENCE_NEEDS_DATE,Far North term match from the full master_events inventory. It requires source-by-source evidence review before it may become a canonical positive label.,True,556,UNKNOWN,UNKNOWN,GENERAL_FLOOD_REFERENCE,Full document does not establish an individual flood event.
445,53,Floods in Mayo-Tsanaga,flood,,,,moderate,0.65,"En plus des départements du Mayo-Danay et du Logone et Chari, le Mayo-Tsanaga a également été affecté par les inondations avec plus de 1 330 personnes affectées dans six localités de l’arrondissement de Mokolo.",2,,80de851c1e4cf5a7fb8bc4a493bcc78150d80c2e8c1f22711f8b7d3ca5347cc3,ocha_sitrep_extreme-nord_septembre_2022_vf.pdf,The mission of the United Nations Office for the Coordination of Humanitarian Affairs (OCHA) is to Coordinate the global emergency response to save lives and protect people in humanitarian crises,OCHA,"Mayo-Danay,Mayo-Tsanaga,Mokolo",,445,,Mayo-Tsanaga,,,,,,,,,,,,,,,,,1,"[""En plus des départements du Mayo-Danay et du Logone et Chari, le Mayo-Tsanaga a également été affecté par les inondations avec plus de 1 330 personnes affectées dans six localités de l’arrondissement de Mokolo.""]",floods in mayo tsanaga|undated||mayo tsanaga,CMR-FLD-000040,flood-event-extractor/final_dataset/master_events.csv,master_event_record,CMR-FLD-000040,FLOOD_EVIDENCE_NEEDS_DATE,Far North term match from the full master_events inventory. It requires source-by-source evidence review before it may become a canonical positive label.,True,18811,Zina,Diamaré,FLOOD_EVIDENCE_NEEDS_DATE,Full document contains a flood reference but does not explicitly establish a specific event date and mapped locality together; source/report date retained only as metadata.
451,53,Floods in Logone-et-Chari,flood,,,,moderate,0.65,"REPONSE HUMANITAIRE Education Les inondations en cours dans les départements du Logone-et-Chari et du Mayo- Danay affectent le fonctionnement de 126 structures scolaires (119 primaires et 7 secondaires), privant ainsi environ 38 813 élèves (15 826 filles) de leur droit à l’éducation.",2,,e23f1e46fddb13a7c69f8cd97ba0c689c3d32ab2c06ab35c243b72b543c89b3a,ocha_sitrep_extreme-nord_septembre_2022_vf.pdf,The mission of the United Nations Office for the Coordination of Humanitarian Affairs (OCHA) is to Coordinate the global emergency response to save lives and protect people in humanitarian crises,OCHA,Logone-et-Chari,,451,,Logone-et-Chari,,,,,,,,,,,,,,,,,1,"[""REPONSE HUMANITAIRE Education Les inondations en cours dans les départements du Logone-et-Chari et du Mayo- Danay affectent le fonctionnement de 126 structures scolaires (119 primaires et 7 secondaires), privant ainsi environ 38 813 élèves (15 826 filles) de leur droit à l’éducation.""]",floods in logone et chari|undated||logone et chari,CMR-FLD-000045,flood-event-extractor/final_dataset/master_events.csv,master_event_record,CMR-FLD-000045,FLOOD_EVIDENCE_NEEDS_DATE,Far North term match from the full master_events inventory. It requires source-by-source evidence review before it may become a canonical positive label.,True,18811,Zina,Diamaré,FLOOD_EVIDENCE_NEEDS_DATE,Full document contains a flood reference but does not explicitly establish a specific event date and mapped locality together; source/report date retained only as metadata.
453,53,Floods in Mayo-Danay,flood,,,,moderate,0.65,La sécurité alimentaire est menacée par les inondations qui ont ravagé plusieurs plantations le Mayo-Danay et Mayo- Tsanaga.,3,,505e1730f3bdbbd6c61fb4d7bf0ab239b0236ff9f7d80e76324377ef1102cd69,ocha_sitrep_extreme-nord_septembre_2022_vf.pdf,The mission of the United Nations Office for the Coordination of Humanitarian Affairs (OCHA) is to Coordinate the global emergency response to save lives and protect people in humanitarian crises,OCHA,"Est,Mayo-Danay",,453,East,Mayo-Danay,,,,,,,,,,,,,,,,,1,"[""La sécurité alimentaire est menacée par les inondations qui ont ravagé plusieurs plantations le Mayo-Danay et Mayo- Tsanaga.""]",floods in mayo danay|undated|east|mayo danay,CMR-FLD-000075,flood-event-extractor/final_dataset/master_events.csv,master_event_record,CMR-FLD-000075,FLOOD_EVIDENCE_NEEDS_DATE,Far North term match from the full master_events inventory. It requires source-by-source evidence review before it may become a canonical positive label.,True,18811,Zina,Diamaré,FLOOD_EVIDENCE_NEEDS_DATE,Full document contains a flood reference but does not explicitly establish a specific event date and mapped locality together; source/report date retained only as metadata.
458,53,Floods in Maroua,flood,,,,moderate,0.65,"350 Personnes ont été touchées par des informations sur sécurisation foncière 5 443 Abris détruits par les inondations Pour plus d’information, veuillez contacter : Karen Perrin, Cheffe de bureau, OCHA Cameroun, perrink@un.org Claude Mululu, Chef du sous-bureau, OCHA Maroua, mululuc@un.org Bibiane Mouangue, Chargée de l’information publique, OCHA Cameroun, bibiane.mouangue@un.org Pour plus d’information, veuillez-vous rendre sur : www.unocha.org /Cameroon | www.reliefweb.int | Humanitarianresponse.info",5,,f230af7460b97b71069b83453a7d76c9c7566983d2cb0995d04268e8b2afc792,ocha_sitrep_extreme-nord_septembre_2022_vf.pdf,The mission of the United Nations Office for the Coordination of Humanitarian Affairs (OCHA) is to Coordinate the global emergency response to save lives and protect people in humanitarian crises,OCHA,"Cameroon,Maroua",,458,,,,,,,,,,,,,,,,,,,1,"[""350 Personnes ont été touchées par des informations sur sécurisation foncière 5 443 Abris détruits par les inondations Pour plus d’information, veuillez contacter : Karen Perrin, Cheffe de bureau, OCHA Cameroun, perrink@un.org Claude Mululu, Chef du sous-bureau, OCHA Maroua, mululuc@un.org Bibiane Mouangue, Chargée de l’information publique, OCHA Cameroun, bibiane.mouangue@un.org Pour plus d’information, veuillez-vous rendre sur : www.unocha.org /Cameroon | www.reliefweb.int | Humanitarianresponse.info""]",floods in maroua|undated||,CMR-FLD-000052,flood-event-extractor/final_dataset/master_events.csv,master_event_record,CMR-FLD-000052,FLOOD_EVIDENCE_NEEDS_DATE,Far North term match from the full master_events inventory. It requires source-by-source evidence review before it may become a canonical positive label.,True,18811,Zina,Diamaré,FLOOD_EVIDENCE_NEEDS_DATE,Full document contains a flood reference but does not explicitly establish a specific event date and mapped locality together; source/report date retained only as metadata.
465,54,Floods in Kousseri,flood,,,,moderate,0.65,"CRC has undertaken the following activities in its emergency appeal flood response as at the end of November 2024: • Distribution of cash to over 14800 people • CEA activities have been scaled up • Distribution of NFI items to 50 households in Yagoua • The CRC has built dikes in the flood prone sites to mitigate the impact of floods • 176 volunteers have been trained and deployed for the flood intervention • An Oral Cholera Vaccine (OCV) preventive campaign was conducted across Yagoua, Maga, and Vélé health districts • Door-to-door hygiene awareness sessions are ongoing in Kousseri by CRC volunteers • ICRC has supported the Chlorine production and has already produced 60 liters of Chlorine in Kousseri.",4,,2168c09faf4262c6f13de7a06b7f1c32a11fa4c437bf2712fc2f78f598b0c4ad,Cameroon - Floods 2024 Emergency Appeal Operation Update MDRCM039.pdf,1 EMERGENCY APPEAL OPERATION UPDATE Cameroon | Floods 2024 The operational update no,IFRC,"Kousseri,Maga,Yagoua",,465,,,,,,,,,,,,,,,,,,,1,"[""CRC has undertaken the following activities in its emergency appeal flood response as at the end of November 2024: • Distribution of cash to over 14800 people • CEA activities have been scaled up • Distribution of NFI items to 50 households in Yagoua • The CRC has built dikes in the flood prone sites to mitigate the impact of floods • 176 volunteers have been trained and deployed for the flood intervention • An Oral Cholera Vaccine (OCV) preventive campaign was conducted across Yagoua, Maga, and Vélé health districts • Door-to-door hygiene awareness sessions are ongoing in Kousseri by CRC volunteers • ICRC has supported the Chlorine production and has already produced 60 liters of Chlorine in Kousseri.""]",floods in kousseri|undated||,CMR-FLD-000046,flood-event-extractor/final_dataset/master_events.csv,master_event_record,CMR-FLD-000046,FLOOD_EVIDENCE_NEEDS_DATE,Far North term match from the full master_events inventory. It requires source-by-source evidence review before it may become a canonical positive label.,True,3518,UNKNOWN,UNKNOWN,GENERAL_FLOOD_REFERENCE,Full document does not establish an individual flood event.
471,54,Floods in Centre,flood,,,,moderate,0.65,"6 Key indicators Number of volunteers trained on CVA: 56 56 Percentage of beneficiaries who improved their living conditions 70 Percentage of beneficiaries who used more than 50% of their cash for NFIs and Shelter: 70 Activities planned: Training of volunteers on beneficiary registration, community entry and sensitization on CVA targeting and registration, beneficiary targeting, selection and registration, cash distribution and encashment in selected areas, conduct post distribution monitoring, undertake market assessment, site preparation, establish and train Community committee, lessons learnt Activities Implemented: • 1506 households (12,048 people) have received cash assistance (CVA) from Kalfou Tchatibali, Vele and Yagoua Health & Care including Water, Sanitation and Hygiene (WASH) (Mental Health and psychosocial support / Community Health) Health & Care (Mental Health and psychosocial support / Community Health / Medical Services) Female > 18: 105984 Female <18: 59616 CHF 1,530,365 Male > 18: 70656 Male < 18: 39744 Total target: 276,000 people Objective: To reduce the immediate health risks of 34,500 households affected by floods Key indicators Indicators Actual Target Variance Number of volunteers trained on SBC 512 56 Number of sprayings conducted 45 Number of people reached by awareness activities on diarrheal diseases 160,000 276,000 Activities planned: Train volunteers and deploy RC volunteers & NDRT teams, train volunteers on Community based surveillance and PFA, produce Community case definition booklet for case identification and reporting, procure and distribute mosquito net, provision of epidemics surveillance at community level, establish Community Oral Rehydration Points, undertake Mental Health and psychosocial support to affected communities and responders, carry out Community based surveillance, establish emergency mobile cholera treatment centre to be deployed to areas with outbreak, conduct monitoring visits in areas of intervention, procure and distribute IEC materials.",6,,6631a59af4f6d1ccbb705d0c75a7a035b0af042096124defa44527b6a3a7fbad,Cameroon - Floods 2024 Emergency Appeal Operation Update MDRCM039.pdf,1 EMERGENCY APPEAL OPERATION UPDATE Cameroon | Floods 2024 The operational update no,IFRC,"Centre,Yagoua",,471,Centre,,,,,,,,,,,,,,,,,,1,"[""6 Key indicators Number of volunteers trained on CVA: 56 56 Percentage of beneficiaries who improved their living conditions 70 Percentage of beneficiaries who used more than 50% of their cash for NFIs and Shelter: 70 Activities planned: Training of volunteers on beneficiary registration, community entry and sensitization on CVA targeting and registration, beneficiary targeting, selection and registration, cash distribution and encashment in selected areas, conduct post distribution monitoring, undertake market assessment, site preparation, establish and train Community committee, lessons learnt Activities Implemented: • 1506 households (12,048 people) have received cash assistance (CVA) from Kalfou Tchatibali, Vele and Yagoua Health & Care including Water, Sanitation and Hygiene (WASH) (Mental Health and psychosocial support / Community Health) Health & Care (Mental Health and psychosocial support / Community Health / Medical Services) Female > 18: 105984 Female <18: 59616 CHF 1,530,365 Male > 18: 70656 Male < 18: 39744 Total target: 276,000 people Objective: To reduce the immediate health risks of 34,500 households affected by floods Key indicators Indicators Actual Target Variance Number of volunteers trained on SBC 512 56 Number of sprayings conducted 45 Number of people reached by awareness activities on diarrheal diseases 160,000 276,000 Activities planned: Train volunteers and deploy RC volunteers & NDRT teams, train volunteers on Community based surveillance and PFA, produce Community case definition booklet for case identification and reporting, procure and distribute mosquito net, provision of epidemics surveillance at community level, establish Community Oral Rehydration Points, undertake Mental Health and psychosocial support to affected communities and responders, carry out Community based surveillance, establish emergency mobile cholera treatment centre to be deployed to areas with outbreak, conduct monitoring visits in areas of intervention, procure and distribute IEC materials.""]",floods in centre|undated|centre|,CMR-FLD-000062,flood-event-extractor/final_dataset/master_events.csv,master_event_record,CMR-FLD-000062,FLOOD_EVIDENCE_NEEDS_DATE,Far North term match from the full master_events inventory. It requires source-by-source evidence review before it may become a canonical positive label.,True,3518,UNKNOWN,UNKNOWN,GENERAL_FLOOD_REFERENCE,Full document does not establish an individual flood event.
473,54,Floods in Yagoua,flood,,,,moderate,0.65,"Activities Implemented: • 50 households in Yagoua received NFI items Protection and Prevention (Protection, Gender, and Inclusion (PGI), Community Engagement and Accountability (CEA), Migration, Risk Reduction, Climate adaptation and recovery, Environmental Sustainability, Education) Protection, Gender and Inclusion Female > 18: 143240 Female < 18: 77990 CHF 279,000 Male > 18: 94160 Male < 18: 51840 Total target: 367,230 people Objective: To promote and mainstream gender and diversity in the operations and ensure safeguarding policies are in place while responding to flood-affected communities' needs.",7,,5c3315edb8694672b1ae4ee1c687aebab56015e892619b538a11f0665211227f,Cameroon - Floods 2024 Emergency Appeal Operation Update MDRCM039.pdf,1 EMERGENCY APPEAL OPERATION UPDATE Cameroon | Floods 2024 The operational update no,IFRC,Yagoua,,473,,,,,,,,,,,,,,,,,,,1,"[""Activities Implemented: • 50 households in Yagoua received NFI items Protection and Prevention (Protection, Gender, and Inclusion (PGI), Community Engagement and Accountability (CEA), Migration, Risk Reduction, Climate adaptation and recovery, Environmental Sustainability, Education) Protection, Gender and Inclusion Female > 18: 143240 Female < 18: 77990 CHF 279,000 Male > 18: 94160 Male < 18: 51840 Total target: 367,230 people Objective: To promote and mainstream gender and diversity in the operations and ensure safeguarding policies are in place while responding to flood-affected communities' needs.""]",floods in yagoua|undated||,CMR-FLD-000055,flood-event-extractor/final_dataset/master_events.csv,master_event_record,CMR-FLD-000055,FLOOD_EVIDENCE_NEEDS_DATE,Far North term match from the full master_events inventory. It requires source-by-source evidence review before it may become a canonical positive label.,True,3518,UNKNOWN,UNKNOWN,GENERAL_FLOOD_REFERENCE,Full document does not establish an individual flood event.
95,8,Floods in Cameroon,flood,,,,moderate,0.5,"Contexte • Malgré la fin des pluies relevée en septembre, une montée des eaux du fleuve Chari, ainsi que de la rivière Logone et ses affluents, a continué d’être observée, entraînant la rupture de digues de protection et l’inondation d’un certain nombre delocalités.",1,,59f11fd1f09419dbfc6c8873c990eb2baf23b164a378bd8f2c341f30a4fd3270,Cameroun - Extrême-Nord - Note d’information sur les inondations n°3 (au 15 novembre 2022).pdf,"Faits saillants • Plus de 258 000 personnes affectées par les inondations dans les départements du Mayo-Danay, Logone et Chari et Mayo-Tsanaga",OCHA,,,95,,,,,,,,,,,,,,,,,,,1,"[""Contexte • Malgré la fin des pluies relevée en septembre, une montée des eaux du fleuve Chari, ainsi que de la rivière Logone et ses affluents, a continué d’être observée, entraînant la rupture de digues de protection et l’inondation d’un certain nombre delocalités.""]",floods in cameroon|undated|nan|nan,CMR-FLD-000050,flood-event-extractor/final_dataset/master_events.csv,master_event_record,CMR-FLD-000050,FLOOD_EVIDENCE_NEEDS_DATE,Far North term match from the full master_events inventory. It requires source-by-source evidence review before it may become a canonical positive label.,True,11849,Zina,UNKNOWN,FLOOD_EVIDENCE_NEEDS_DATE,Full document contains a flood reference but does not explicitly establish a specific event date and mapped locality together; source/report date retained only as metadata.
97,8,Floods in Cameroon,flood,,,,moderate,0.5,Un lien de causalité direct n’a pu être établi pour l’instant entre l’épidémie de choléra et les inondations en cours.,1,,59f11fd1f09419dbfc6c8873c990eb2baf23b164a378bd8f2c341f30a4fd3270,Cameroun - Extrême-Nord - Note d’information sur les inondations n°3 (au 15 novembre 2022).pdf,"Faits saillants • Plus de 258 000 personnes affectées par les inondations dans les départements du Mayo-Danay, Logone et Chari et Mayo-Tsanaga",OCHA,,,97,,,,,,,,,,,,,,,,,,,1,"[""Un lien de causalité direct n’a pu être établi pour l’instant entre l’épidémie de choléra et les inondations en cours.""]",floods in cameroon|undated|nan|nan,CMR-FLD-000050,flood-event-extractor/final_dataset/master_events.csv,master_event_record,CMR-FLD-000050,FLOOD_EVIDENCE_NEEDS_DATE,Far North term match from the full master_events inventory. It requires source-by-source evidence review before it may become a canonical positive label.,True,11849,Zina,UNKNOWN,FLOOD_EVIDENCE_NEEDS_DATE,Full document contains a flood reference but does not explicitly establish a specific event date and mapped locality together; source/report date retained only as metadata.
98,8,Floods in Cameroon,flood,,,,moderate,0.5,"Impacts Selon les autorités administratives et les évaluations des partenaires humanitaires, les inondations pluviales et fluviales ont touché plus de 45 701 ménages (258 336 personnes) dans la région depuis le début des inondations.",1,,59f11fd1f09419dbfc6c8873c990eb2baf23b164a378bd8f2c341f30a4fd3270,Cameroun - Extrême-Nord - Note d’information sur les inondations n°3 (au 15 novembre 2022).pdf,"Faits saillants • Plus de 258 000 personnes affectées par les inondations dans les départements du Mayo-Danay, Logone et Chari et Mayo-Tsanaga",OCHA,,,98,,,,,,,,,,,,,,,,,,,1,"[""Impacts Selon les autorités administratives et les évaluations des partenaires humanitaires, les inondations pluviales et fluviales ont touché plus de 45 701 ménages (258 336 personnes) dans la région depuis le début des inondations.""]",floods in cameroon|undated|nan|nan,CMR-FLD-000050,flood-event-extractor/final_dataset/master_events.csv,master_event_record,CMR-FLD-000050,FLOOD_EVIDENCE_NEEDS_DATE,Far North term match from the full master_events inventory. It requires source-by-source evidence review before it may become a canonical positive label.,True,11849,Zina,UNKNOWN,FLOOD_EVIDENCE_NEEDS_DATE,Full document contains a flood reference but does not explicitly establish a specific event date and mapped locality together; source/report date retained only as metadata.
102,8,Floods in Cameroon,flood,,,,moderate,0.5,"Les inondations ont causé la submersion d’au moins une dizaine de centres de santé, affectant le fonctionnement de ces derniers.",2,,59f11fd1f09419dbfc6c8873c990eb2baf23b164a378bd8f2c341f30a4fd3270,Cameroun - Extrême-Nord - Note d’information sur les inondations n°3 (au 15 novembre 2022).pdf,"Faits saillants • Plus de 258 000 personnes affectées par les inondations dans les départements du Mayo-Danay, Logone et Chari et Mayo-Tsanaga",OCHA,,,102,,,,,,,,,,,,,,,,,,,1,"[""Les inondations ont causé la submersion d’au moins une dizaine de centres de santé, affectant le fonctionnement de ces derniers.""]",floods in cameroon|undated|nan|nan,CMR-FLD-000050,flood-event-extractor/final_dataset/master_events.csv,master_event_record,CMR-FLD-000050,FLOOD_EVIDENCE_NEEDS_DATE,Far North term match from the full master_events inventory. It requires source-by-source evidence review before it may become a canonical positive label.,True,11849,Zina,UNKNOWN,FLOOD_EVIDENCE_NEEDS_DATE,Full document contains a flood reference but does not explicitly establish a specific event date and mapped locality together; source/report date retained only as metadata.
105,8,Floods in Cameroon,flood,,,,moderate,0.5,A ces ménages s’ajoutent 1 384 ressortissants tchadiens (8 384 personnes) ayant fui les inondations dans leur pays.,2,,59f11fd1f09419dbfc6c8873c990eb2baf23b164a378bd8f2c341f30a4fd3270,Cameroun - Extrême-Nord - Note d’information sur les inondations n°3 (au 15 novembre 2022).pdf,"Faits saillants • Plus de 258 000 personnes affectées par les inondations dans les départements du Mayo-Danay, Logone et Chari et Mayo-Tsanaga",OCHA,,,105,,,,,,,,,,,,,,,,,,,1,"[""A ces ménages s’ajoutent 1 384 ressortissants tchadiens (8 384 personnes) ayant fui les inondations dans leur pays.""]",floods in cameroon|undated|nan|nan,CMR-FLD-000050,flood-event-extractor/final_dataset/master_events.csv,master_event_record,CMR-FLD-000050,FLOOD_EVIDENCE_NEEDS_DATE,Far North term match from the full master_events inventory. It requires source-by-source evidence review before it may become a canonical positive label.,True,11849,Zina,UNKNOWN,FLOOD_EVIDENCE_NEEDS_DATE,Full document contains a flood reference but does not explicitly establish a specific event date and mapped locality together; source/report date retained only as metadata.
108,8,Floods in Cameroon,flood,,,,moderate,0.5,"• Les agents de santé communautaire et les relais communautaires, avec l’appui de la Croix-Rouge, continuent la sensibilisation des populations sur les mesures d’hygiène, la prévention des maladies à potentiel épidémique (choléra, rougeole, fièvre jaune...), le paludisme et maladies diarrhéiques dans les districts sanitaires affectés par les inondations.",2,,59f11fd1f09419dbfc6c8873c990eb2baf23b164a378bd8f2c341f30a4fd3270,Cameroun - Extrême-Nord - Note d’information sur les inondations n°3 (au 15 novembre 2022).pdf,"Faits saillants • Plus de 258 000 personnes affectées par les inondations dans les départements du Mayo-Danay, Logone et Chari et Mayo-Tsanaga",OCHA,,,108,,,,,,,,,,,,,,,,,,,1,"[""• Les agents de santé communautaire et les relais communautaires, avec l’appui de la Croix-Rouge, continuent la sensibilisation des populations sur les mesures d’hygiène, la prévention des maladies à potentiel épidémique (choléra, rougeole, fièvre jaune...), le paludisme et maladies diarrhéiques dans les districts sanitaires affectés par les inondations.""]",floods in cameroon|undated|nan|nan,CMR-FLD-000050,flood-event-extractor/final_dataset/master_events.csv,master_event_record,CMR-FLD-000050,FLOOD_EVIDENCE_NEEDS_DATE,Far North term match from the full master_events inventory. It requires source-by-source evidence review before it may become a canonical positive label.,True,11849,Zina,UNKNOWN,FLOOD_EVIDENCE_NEEDS_DATE,Full document contains a flood reference but does not explicitly establish a specific event date and mapped locality together; source/report date retained only as metadata.
109,8,Floods in Cameroon,flood,,,,moderate,0.5,Des briefings hebdomadaires avec les chefs de santé sont régulièrement organisés dans le cadre de la gestion des inondations.,2,,59f11fd1f09419dbfc6c8873c990eb2baf23b164a378bd8f2c341f30a4fd3270,Cameroun - Extrême-Nord - Note d’information sur les inondations n°3 (au 15 novembre 2022).pdf,"Faits saillants • Plus de 258 000 personnes affectées par les inondations dans les départements du Mayo-Danay, Logone et Chari et Mayo-Tsanaga",OCHA,,,109,,,,,,,,,,,,,,,,,,,1,"[""Des briefings hebdomadaires avec les chefs de santé sont régulièrement organisés dans le cadre de la gestion des inondations.""]",floods in cameroon|undated|nan|nan,CMR-FLD-000050,flood-event-extractor/final_dataset/master_events.csv,master_event_record,CMR-FLD-000050,FLOOD_EVIDENCE_NEEDS_DATE,Far North term match from the full master_events inventory. It requires source-by-source evidence review before it may become a canonical positive label.,True,11849,Zina,UNKNOWN,FLOOD_EVIDENCE_NEEDS_DATE,Full document contains a flood reference but does not explicitly establish a specific event date and mapped locality together; source/report date retained only as metadata.
112,8,Floods in Cameroon,flood,,,,moderate,0.5,• Faible disponibilité de données fiables sur l’impact des inondations et sur la capacité de réponse existante dans plusieurs zones affectées.,4,,59f11fd1f09419dbfc6c8873c990eb2baf23b164a378bd8f2c341f30a4fd3270,Cameroun - Extrême-Nord - Note d’information sur les inondations n°3 (au 15 novembre 2022).pdf,"Faits saillants • Plus de 258 000 personnes affectées par les inondations dans les départements du Mayo-Danay, Logone et Chari et Mayo-Tsanaga",OCHA,,,112,,,,,,,,,,,,,,,,,,,1,"[""• Faible disponibilité de données fiables sur l’impact des inondations et sur la capacité de réponse existante dans plusieurs zones affectées.""]",floods in cameroon|undated|nan|nan,CMR-FLD-000050,flood-event-extractor/final_dataset/master_events.csv,master_event_record,CMR-FLD-000050,FLOOD_EVIDENCE_NEEDS_DATE,Far North term match from the full master_events inventory. It requires source-by-source evidence review before it may become a canonical positive label.,True,11849,Zina,UNKNOWN,FLOOD_EVIDENCE_NEEDS_DATE,Full document contains a flood reference but does not explicitly establish a specific event date and mapped locality together; source/report date retained only as metadata.
261,30,Floods in Cameroon,flood,,,,moderate,0.5,— The trigger Two triggering criteria have been defined: (1) Logone River — River flooding: the pre-trigger occurs when the Viva Logone River records a water level of 584.9 cm at the Touboro station.,3,,59f11fd1f09419dbfc6c8873c990eb2baf23b164a378bd8f2c341f30a4fd3270,MDRCM044EAP  (1).pdf,"Interne SUMMARY OF THE EARLY ACTION PROTOCOL Cameroon | River Flooding March 2026 Visit to the Maga hydrometric station (Mayo-Danay department; Far North region), as part of the workshop to simulate the mechanisms of triggering early action, with the support of the IFRC, the Climate Center and Viva Logone",IFRC,,,261,,,,,,,,,,,,,,,,,,,1,"[""— The trigger Two triggering criteria have been defined: (1) Logone River — River flooding: the pre-trigger occurs when the Viva Logone River records a water level of 584.9 cm at the Touboro station.""]",floods in cameroon|undated|nan|nan,CMR-FLD-000050,flood-event-extractor/final_dataset/master_events.csv,master_event_record,CMR-FLD-000050,FLOOD_EVIDENCE_NEEDS_DATE,Far North term match from the full master_events inventory. It requires source-by-source evidence review before it may become a canonical positive label.,True,16259,Maga,Diamaré,FLOOD_EVIDENCE_NEEDS_DATE,Full document contains a flood reference but does not explicitly establish a specific event date and mapped locality together; source/report date retained only as metadata.
265,30,Floods in Cameroon,flood,,,,moderate,0.5,"The selection of target households is based on proximity to flood-prone areas, vulnerability criteria (female heads of household, pregnant/lactating women, the elderly, people with reduced mobility) and validation by the community.",3,,59f11fd1f09419dbfc6c8873c990eb2baf23b164a378bd8f2c341f30a4fd3270,MDRCM044EAP  (1).pdf,"Interne SUMMARY OF THE EARLY ACTION PROTOCOL Cameroon | River Flooding March 2026 Visit to the Maga hydrometric station (Mayo-Danay department; Far North region), as part of the workshop to simulate the mechanisms of triggering early action, with the support of the IFRC, the Climate Center and Viva Logone",IFRC,,,265,,,,,,,,,,,,,,,,,,,1,"[""The selection of target households is based on proximity to flood-prone areas, vulnerability criteria (female heads of household, pregnant/lactating women, the elderly, people with reduced mobility) and validation by the community.""]",floods in cameroon|undated|nan|nan,CMR-FLD-000050,flood-event-extractor/final_dataset/master_events.csv,master_event_record,CMR-FLD-000050,FLOOD_EVIDENCE_NEEDS_DATE,Far North term match from the full master_events inventory. It requires source-by-source evidence review before it may become a canonical positive label.,True,16259,Maga,Diamaré,FLOOD_EVIDENCE_NEEDS_DATE,Full document contains a flood reference but does not explicitly establish a specific event date and mapped locality together; source/report date retained only as metadata.
266,30,Floods in Cameroon,flood,,,,moderate,0.5,These actions aim to respond to the priority impacts of river floods.,3,,59f11fd1f09419dbfc6c8873c990eb2baf23b164a378bd8f2c341f30a4fd3270,MDRCM044EAP  (1).pdf,"Interne SUMMARY OF THE EARLY ACTION PROTOCOL Cameroon | River Flooding March 2026 Visit to the Maga hydrometric station (Mayo-Danay department; Far North region), as part of the workshop to simulate the mechanisms of triggering early action, with the support of the IFRC, the Climate Center and Viva Logone",IFRC,,,266,,,,,,,,,,,,,,,,,,,1,"[""These actions aim to respond to the priority impacts of river floods.""]",floods in cameroon|undated|nan|nan,CMR-FLD-000050,flood-event-extractor/final_dataset/master_events.csv,master_event_record,CMR-FLD-000050,FLOOD_EVIDENCE_NEEDS_DATE,Far North term match from the full master_events inventory. It requires source-by-source evidence review before it may become a canonical positive label.,True,16259,Maga,Diamaré,FLOOD_EVIDENCE_NEEDS_DATE,Full document contains a flood reference but does not explicitly establish a specific event date and mapped locality together; source/report date retained only as metadata.
267,30,Floods in Cameroon,flood,,,,moderate,0.5,"DISASTER RISK REDUCTION (DRR): Community-based early warnings of flood risks, broadcast through community radios, as well as rapid response measures aim to save lives, prevent injuries, and protect homes and property (including evacuation, first aid, and property protection).",4,,59f11fd1f09419dbfc6c8873c990eb2baf23b164a378bd8f2c341f30a4fd3270,MDRCM044EAP  (1).pdf,"Interne SUMMARY OF THE EARLY ACTION PROTOCOL Cameroon | River Flooding March 2026 Visit to the Maga hydrometric station (Mayo-Danay department; Far North region), as part of the workshop to simulate the mechanisms of triggering early action, with the support of the IFRC, the Climate Center and Viva Logone",IFRC,,,267,,,,,,,,,,,,,,,,,,,1,"[""DISASTER RISK REDUCTION (DRR): Community-based early warnings of flood risks, broadcast through community radios, as well as rapid response measures aim to save lives, prevent injuries, and protect homes and property (including evacuation, first aid, and property protection).""]",floods in cameroon|undated|nan|nan,CMR-FLD-000050,flood-event-extractor/final_dataset/master_events.csv,master_event_record,CMR-FLD-000050,FLOOD_EVIDENCE_NEEDS_DATE,Far North term match from the full master_events inventory. It requires source-by-source evidence review before it may become a canonical positive label.,True,16259,Maga,Diamaré,FLOOD_EVIDENCE_NEEDS_DATE,Full document contains a flood reference but does not explicitly establish a specific event date and mapped locality together; source/report date retained only as metadata.
268,30,Floods in Cameroon,flood,,,,moderate,0.5,Supporting the construction or reinforcement of protective dikes using local materials will help prevent flooding of homes and critical infrastructure.,4,,59f11fd1f09419dbfc6c8873c990eb2baf23b164a378bd8f2c341f30a4fd3270,MDRCM044EAP  (1).pdf,"Interne SUMMARY OF THE EARLY ACTION PROTOCOL Cameroon | River Flooding March 2026 Visit to the Maga hydrometric station (Mayo-Danay department; Far North region), as part of the workshop to simulate the mechanisms of triggering early action, with the support of the IFRC, the Climate Center and Viva Logone",IFRC,,,268,,,,,,,,,,,,,,,,,,,1,"[""Supporting the construction or reinforcement of protective dikes using local materials will help prevent flooding of homes and critical infrastructure.""]",floods in cameroon|undated|nan|nan,CMR-FLD-000050,flood-event-extractor/final_dataset/master_events.csv,master_event_record,CMR-FLD-000050,FLOOD_EVIDENCE_NEEDS_DATE,Far North term match from the full master_events inventory. It requires source-by-source evidence review before it may become a canonical positive label.,True,16259,Maga,Diamaré,FLOOD_EVIDENCE_NEEDS_DATE,Full document contains a flood reference but does not explicitly establish a specific event date and mapped locality together; source/report date retained only as metadata.
269,30,Floods in Cameroon,flood,,,,moderate,0.5,"7 Enabling Approaches Coordination and partnerships 1 701 CHF Code AP: 106, 118, 119, 127, 128 Preparatory activities: Participation in the flood TWGs and anticipatory actions Signature of MoU and amendments with strategic partners (MINT, VIVALOGONE, SEMRY Various authorities 1.",7,,59f11fd1f09419dbfc6c8873c990eb2baf23b164a378bd8f2c341f30a4fd3270,MDRCM044EAP  (1).pdf,"Interne SUMMARY OF THE EARLY ACTION PROTOCOL Cameroon | River Flooding March 2026 Visit to the Maga hydrometric station (Mayo-Danay department; Far North region), as part of the workshop to simulate the mechanisms of triggering early action, with the support of the IFRC, the Climate Center and Viva Logone",IFRC,,,269,,,,,,,,,,,,,,,,,,,1,"[""7 Enabling Approaches Coordination and partnerships 1 701 CHF Code AP: 106, 118, 119, 127, 128 Preparatory activities: Participation in the flood TWGs and anticipatory actions Signature of MoU and amendments with strategic partners (MINT, VIVALOGONE, SEMRY Various authorities 1.""]",floods in cameroon|undated|nan|nan,CMR-FLD-000050,flood-event-extractor/final_dataset/master_events.csv,master_event_record,CMR-FLD-000050,FLOOD_EVIDENCE_NEEDS_DATE,Far North term match from the full master_events inventory. It requires source-by-source evidence review before it may become a canonical positive label.,True,16259,Maga,Diamaré,FLOOD_EVIDENCE_NEEDS_DATE,Full document contains a flood reference but does not explicitly establish a specific event date and mapped locality together; source/report date retained only as metadata.
300,34,Floods in Cameroon,flood,,,,moderate,0.5,"The floods also disrupted access to health facilities, leading to two maternal deaths in Mada and Fotokol.",2,,59f11fd1f09419dbfc6c8873c990eb2baf23b164a378bd8f2c341f30a4fd3270,UNFPA Cameroon SitRep #23 (Final).pdf,"Situation Report #23 Severe flooding in Cameroon’s Far North impacts over 150,000 people Key Figures 3,400,000 Total people affected 816,000 Women of reproductive age 88,600 Estimated pregnant women 367,000 People targeted with SRH services 594,000 People targeted with GBV programmes Highlights ● Severe flooding in Cameroon's Far North Region has impacted over 150,000 people as of late August, disproportionately affecting women and girls",unfpa,,,300,,,,,,,,,,,,,,,,,,,1,"[""The floods also disrupted access to health facilities, leading to two maternal deaths in Mada and Fotokol.""]",floods in cameroon|undated|nan|nan,CMR-FLD-000050,flood-event-extractor/final_dataset/master_events.csv,master_event_record,CMR-FLD-000050,FLOOD_EVIDENCE_NEEDS_DATE,Far North term match from the full master_events inventory. It requires source-by-source evidence review before it may become a canonical positive label.,True,4,UNKNOWN,UNKNOWN,GENERAL_FLOOD_REFERENCE,Full document does not establish an individual flood event.
