source_file,page_number,matched_terms,excerpt,verification_status,verification_reason,final_status,final_reason
relief_web-datasets/01_IOM DTM Report Cameroun_Round 13_20180518_FR_V2.pdf,12,Darak; Blangoua; Diamaré,"provoqués par des inondations, sécheresse | du Lac Tchad (Darak, Blangoua, Hile | s les départements du Diamaré et",FLOOD_EVIDENCE_NEEDS_DATE,Full source page extracted. Requires human/source-specific confirmation of an event date/window and mapped locality before promotion.,FLOOD_EVIDENCE_NEEDS_DATE,Full ReliefWeb page text was extracted into this audit. It is not promoted until its event date/window and footprint are explicitly reconciled with the audited catalogue; report/update dates must not be used as event dates.
relief_web-datasets/CMR_Inondations_26102024.pdf,1,Mayo-Danay; Logone et Chari; Kousseri; Blangoua; Yagoua,"Aperçu des inondations | Au 18 octobre 2024La saison des pluies de juillet à septembre 2024 a provoqué de fortes précipitations entraînant des inondations pluviales et la montée des eaux des fleuves dans la région de l™Extrême-Nord, particulièrement dans les départe | -ments du Mayo-Danay et Logone et Chari. Plusieurs localités dans la zone de Kousseri ont été déjà affectées par les inondations fluviales et certains déplacements préventifs ont été apportés avec la création de sites d™accueil | multisectorielles réalisées (Blangoua, | Yagoua).Activit | inondations, 5 320 kits EHA, et | Lac MagaWazaMoraDarakZinaMokoloKaéléLogone-BirniGoulfeyMagaBogoPéttéMakaryMindifMeriKai-KaiKalfouGoboHinaKolofataKozaGuéméMogodéDargalaYagouaMoulvoudayeBourhaMaroua IIIMoutourwaFotokolNdoukoulaGuéréMaroua IGuidiguisKar-HayMozogoDziguilaoTouloumTokombéréHilé - AlifaGazawaBlangouaWinaSoulédé-RouaKoussériDatchékaTchatibaliMaroua IIElBeidSerbeouelLac TchadChariLogoneLégendeLocalités inondéesLimite paysLimite régionLimite départementLimite arrondissementRivièreLac           TCHADNIGERIAPersonnes sinistrées+50 00030 001 - 50 00015 001- 30 0005 001 - 15 0001 - 5 000459 102PERSONNES | INONDÉES85 253 haARRONDISSEMENTS",FLOOD_EVIDENCE_NEEDS_DATE,Full source page extracted. Requires human/source-specific confirmation of an event date/window and mapped locality before promotion.,FLOOD_EVIDENCE_NEEDS_DATE,Full ReliefWeb page text was extracted into this audit. It is not promoted until its event date/window and footprint are explicitly reconciled with the audited catalogue; report/update dates must not be used as event dates.
relief_web-datasets/CMR_Inondations_26102024.pdf,2,DIAMARE; Mokolo,Aperçu des inondations | inondées /ha | inondésEcolesaffectéesCentres de | Assistance planifiéeAPERÇU DE L™IMPACT DES INONDATIONS | DIAMARE | Mokolo,FLOOD_EVIDENCE_NEEDS_DATE,Full source page extracted. Requires human/source-specific confirmation of an event date/window and mapped locality before promotion.,FLOOD_EVIDENCE_NEEDS_DATE,Full ReliefWeb page text was extracted into this audit. It is not promoted until its event date/window and footprint are explicitly reconciled with the audited catalogue; report/update dates must not be used as event dates.
relief_web-datasets/CMR_Inondations_26102024.pdf,5,Mayo-Tsanaga,** Inclut les activités  de monitoring des camps spontanés des personnes déplacées internes suite aux inondations. | Aperçu des inondations | 2ALDEPAMINSANTE Mayo-Tsanaga,FLOOD_EVIDENCE_NEEDS_DATE,Full source page extracted. Requires human/source-specific confirmation of an event date/window and mapped locality before promotion.,FLOOD_EVIDENCE_NEEDS_DATE,Full ReliefWeb page text was extracted into this audit. It is not promoted until its event date/window and footprint are explicitly reconciled with the audited catalogue; report/update dates must not be used as event dates.
relief_web-datasets/CMR_Inondations_26102024.pdf,6,Mayo-Tsanaga,"** Inclut les activités  de monitoring des camps spontanés des personnes déplacées internes suite aux inondations. | Aperçu des inondations | 2UNFPAOMS, UNFPA Mayo-Tsanaga",FLOOD_EVIDENCE_NEEDS_DATE,Full source page extracted. Requires human/source-specific confirmation of an event date/window and mapped locality before promotion.,FLOOD_EVIDENCE_NEEDS_DATE,Full ReliefWeb page text was extracted into this audit. It is not promoted until its event date/window and footprint are explicitly reconciled with the audited catalogue; report/update dates must not be used as event dates.
relief_web-datasets/Cameroon Humanitarian Bulletin Issue N°23 - August 2021.pdf,2,Logone et Chari,"and put humanitarian workers at risk. This is particularly significant in the Far North region where heavy rains and flooding | Logone et Chari d | only, floods have affected | seasons, which often cause floods",FLOOD_EVIDENCE_NEEDS_DATE,Full source page extracted. Requires human/source-specific confirmation of an event date/window and mapped locality before promotion.,FLOOD_EVIDENCE_NEEDS_DATE,Full ReliefWeb page text was extracted into this audit. It is not promoted until its event date/window and footprint are explicitly reconciled with the audited catalogue; report/update dates must not be used as event dates.
relief_web-datasets/Cameroon Humanitarian Flash Update 5 Floods fv (1).pdf,1,Logone et Chari; Kousseri; Yagoua; Maga,"severely affected by the floods. | were affected by the floods, as of | flooded | flooded. | the risk of river flooding. | affected by floods | in Logone et Chari | flood | families and spontaneous sites in Kousseri | locations in Logone et Chari between | in the localities of Yagoua, Vélé and Maga, Mayo | Yagoua, | Flood situation report No 4 | flood snapshot, as of 19 September: | inondations | the Far North flood overview as of 3 | Aperçu des inondations (Au 3 octobre 2024) | Information Note on the floods in the Far | : FLOODS | displacement site, Maga, Mayo | in Maga | Yagoua Health District",FLOOD_EVIDENCE_NEEDS_DATE,Full source page extracted. Requires human/source-specific confirmation of an event date/window and mapped locality before promotion.,FLOOD_EVIDENCE_NEEDS_DATE,Full ReliefWeb page text was extracted into this audit. It is not promoted until its event date/window and footprint are explicitly reconciled with the audited catalogue; report/update dates must not be used as event dates.
relief_web-datasets/Cameroon Humanitarian Flash Update 5 Floods fv (1).pdf,2,Kousseri; Maga; Yagoua; Blangoua; Darak; Makary; Zina; Fotokol,"sites in Kousseri on 24 October | in Palia, Maga, (4) and in Madagascar, Kousseri (6) | Kousseri IDP sites | flooding in Kousseri, Maga and Yagoua | were distributed in Vele and Yagoua (Mayo | were distributed to households in Maga (Mayo | Blangoua, Darak, Kousséri, Logone | Birni, Makary, Waza, and Zina | in Yagoua, Maga, | Zina | and Makary | affected by the floods | Maga (Mayo | and Fotokol | affected by the floods | in health districts affected by the floods ( | Maga, Vele, Yagoua (Mayo | Fotokol, Goulfey, Kousseri, Makary | held in Maga.",FLOOD_EVIDENCE_NEEDS_DATE,Full source page extracted. Requires human/source-specific confirmation of an event date/window and mapped locality before promotion.,FLOOD_EVIDENCE_NEEDS_DATE,Full ReliefWeb page text was extracted into this audit. It is not promoted until its event date/window and footprint are explicitly reconciled with the audited catalogue; report/update dates must not be used as event dates.
relief_web-datasets/Cameroon Humanitarian Flash Update 5 Floods fv (1).pdf,3,Maroua; Maga; Guirvidig,"in Maroua | Maroua U | Report community, accompanied by the Maroua 1er Town Hall and the | prefect of Maroua 1er, to clean out the newly | Reporters of Maga | supported the flooded health centre of | Guirvidig in the Maga District | in flood affected areas | ce Maroua: + | in Maga | Reporters in Guirvidig",FLOOD_EVIDENCE_NEEDS_DATE,Full source page extracted. Requires human/source-specific confirmation of an event date/window and mapped locality before promotion.,FLOOD_EVIDENCE_NEEDS_DATE,Full ReliefWeb page text was extracted into this audit. It is not promoted until its event date/window and footprint are explicitly reconciled with the audited catalogue; report/update dates must not be used as event dates.
relief_web-datasets/Cameroon Humanitarian Flash Update 5 Floods fv.pdf,1,Logone et Chari; Kousseri; Yagoua; Maga,"severely affected by the floods. | were affected by the floods, as of | flooded | flooded. | the risk of river flooding. | affected by floods | in Logone et Chari | flood | families and spontaneous sites in Kousseri | locations in Logone et Chari between | in the localities of Yagoua, Vélé and Maga, Mayo | Yagoua, | Flood situation report No 4 | flood snapshot, as of 19 September: | inondations | the Far North flood overview as of 3 | Aperçu des inondations (Au 3 octobre 2024) | Information Note on the floods in the Far | : FLOODS | displacement site, Maga, Mayo | in Maga | Yagoua Health District",FLOOD_EVIDENCE_NEEDS_DATE,Full source page extracted. Requires human/source-specific confirmation of an event date/window and mapped locality before promotion.,FLOOD_EVIDENCE_NEEDS_DATE,Full ReliefWeb page text was extracted into this audit. It is not promoted until its event date/window and footprint are explicitly reconciled with the audited catalogue; report/update dates must not be used as event dates.
relief_web-datasets/Cameroon Humanitarian Flash Update 5 Floods fv.pdf,2,Kousseri; Maga; Yagoua; Blangoua; Darak; Makary; Zina; Fotokol,"sites in Kousseri on 24 October | in Palia, Maga, (4) and in Madagascar, Kousseri (6) | Kousseri IDP sites | flooding in Kousseri, Maga and Yagoua | were distributed in Vele and Yagoua (Mayo | were distributed to households in Maga (Mayo | Blangoua, Darak, Kousséri, Logone | Birni, Makary, Waza, and Zina | in Yagoua, Maga, | Zina | and Makary | affected by the floods | Maga (Mayo | and Fotokol | affected by the floods | in health districts affected by the floods ( | Maga, Vele, Yagoua (Mayo | Fotokol, Goulfey, Kousseri, Makary | held in Maga.",FLOOD_EVIDENCE_NEEDS_DATE,Full source page extracted. Requires human/source-specific confirmation of an event date/window and mapped locality before promotion.,FLOOD_EVIDENCE_NEEDS_DATE,Full ReliefWeb page text was extracted into this audit. It is not promoted until its event date/window and footprint are explicitly reconciled with the audited catalogue; report/update dates must not be used as event dates.
relief_web-datasets/Cameroon Humanitarian Flash Update 5 Floods fv.pdf,3,Maroua; Maga; Guirvidig,"in Maroua | Maroua U | Report community, accompanied by the Maroua 1er Town Hall and the | prefect of Maroua 1er, to clean out the newly | Reporters of Maga | supported the flooded health centre of | Guirvidig in the Maga District | in flood affected areas | ce Maroua: + | in Maga | Reporters in Guirvidig",FLOOD_EVIDENCE_NEEDS_DATE,Full source page extracted. Requires human/source-specific confirmation of an event date/window and mapped locality before promotion.,FLOOD_EVIDENCE_NEEDS_DATE,Full ReliefWeb page text was extracted into this audit. It is not promoted until its event date/window and footprint are explicitly reconciled with the audited catalogue; report/update dates must not be used as event dates.
relief_web-datasets/Cameroon Humanitarian Flash Update 6 FINAL.pdf,1,Logone et Chari; Yagoua; Kousseri; Maga,"severely affected by the floods. | in the Logone et Chari and Mayo | flooded, 65 health centres affected, | hectares of agricultural land flooded | Yagoua, | accinated against polio in 10 flood | Kousseri | of Maga | Kousseri | at the Ouro Dabang IDP site in Yagoua | Kousseri and Maga to facilitate the storage and disposal of household waste. | flooding in Kousseri | (Logone et Chari) | , Maga and Yagoua | OCHA, flood snaps | Aperçu des inondations (Au 11 novembre 2024) | flood overview as of 3 October: | Aperçu des inondations (Au 3 octobre 2024) | Information Note on the floods in the Far North as of | : FLOODS | Schools flooded | Flooded school in Kousseri | Educational talk with flood affected populations | on an IDP site in Kousseri",FLOOD_EVIDENCE_NEEDS_DATE,Full source page extracted. Requires human/source-specific confirmation of an event date/window and mapped locality before promotion.,FLOOD_EVIDENCE_NEEDS_DATE,Full ReliefWeb page text was extracted into this audit. It is not promoted until its event date/window and footprint are explicitly reconciled with the audited catalogue; report/update dates must not be used as event dates.
relief_web-datasets/Cameroon Humanitarian Flash Update 6 FINAL.pdf,2,Kousseri; Yagoua; Maga; Logone et Chari,"Kousseri (Logone | and Yagoua | Maga (Mayo | in Palia, Maga, (4) and in Madagascar, Kousseri (6). | in Kousseri. | Danay and Logone et Chari | in the context of flooding, referral pathway | and the Divisional Delegation of Social Affairs of the Logone et Chari | most flood | UNICEF and NRC, for birth certificates reconstitution for flood | Latrines built on the BCS 9 IDP site in Kousseri. | Madagascar IDP site in Kousseri | BCS 9 IDP site in Kousseri.",FLOOD_EVIDENCE_NEEDS_DATE,Full source page extracted. Requires human/source-specific confirmation of an event date/window and mapped locality before promotion.,FLOOD_EVIDENCE_NEEDS_DATE,Full ReliefWeb page text was extracted into this audit. It is not promoted until its event date/window and footprint are explicitly reconciled with the audited catalogue; report/update dates must not be used as event dates.
relief_web-datasets/Cameroon Humanitarian Flash Update 6 FINAL.pdf,3,Maga; Yagoua; Fotokol; Kousseri; Makary; Maroua,"in the 10 districts affected by the floods | Maga, Vele, Yagoua (Mayo | Danay), Fotokol, Goulfey, Kousseri, Makary (Logone | Kousseri | with IDPs in Kousseri. | Report Maga community carried out a | in a school affected by flooding in Maga | Reporters Maroua raised d | Maroua 3 (HS of | Educational talk with flood affected | populations on an IDP site in Kousseri.",FLOOD_EVIDENCE_NEEDS_DATE,Full source page extracted. Requires human/source-specific confirmation of an event date/window and mapped locality before promotion.,FLOOD_EVIDENCE_NEEDS_DATE,Full ReliefWeb page text was extracted into this audit. It is not promoted until its event date/window and footprint are explicitly reconciled with the audited catalogue; report/update dates must not be used as event dates.
relief_web-datasets/Cameroon Humanitarian Flash Update 6 FINAL.pdf,4,Logone et Chari; Kousseri; Maroua,"in flood affected areas | affected by the floods in the Far North | affected by the floods | STORIES FROM THE FLOODS | resists floods | y flooding in some areas of the Far North region, thanks to the determination | life in the flood waters that hit the Logone et Chari | DP site in Kousseri | , Logone et Chari | Flooding in Logone | , more than 60 years ago, when the area was hit by catastrophic flooding. | Logone Birni: les inondations actuelles rappellent celles de 1961, avec des conséquences | Farmers in Logone Birni are looking for ways to survive despite the floods | solutions pour survivre malgré les inondations qui ont détruit leurs récoltes. | ce Maroua: +",FLOOD_EVIDENCE_NEEDS_DATE,Full source page extracted. Requires human/source-specific confirmation of an event date/window and mapped locality before promotion.,FLOOD_EVIDENCE_NEEDS_DATE,Full ReliefWeb page text was extracted into this audit. It is not promoted until its event date/window and footprint are explicitly reconciled with the audited catalogue; report/update dates must not be used as event dates.
relief_web-datasets/Cameroon Humanitarian Flash Update3 Floods Far North fv.pdf,1,Yagoua; Maga; Maroua,"The number of people affected by the floods in Far North Cameroon | caused flooding in several localities | by the floods | cut off by the floods | by the floods | Latrines are flooded and/or inaccessible to households. | Yagoua ( | 5), Maga | people will be affected by the floods in the Far North | to the flood victims | Cameroon: Floods Flash Update 01 (6 Septembe | Cameroon: Floods Flash Update 02 (18 September 2024) | OCHA, flood snapshot, as of 19 September: | Aperçu des inondations (Au 19 septembre 2024) | Regional Delegation of Public Health of the Far North, presented on 13 September 2024 in Maroua, Far North. | FloodScan, HDX, ECM | Schools flooded | Source: OCHA, flood snapshot as of 19 September, | : FLOODS",FLOOD_EVIDENCE_NEEDS_DATE,Full source page extracted. Requires human/source-specific confirmation of an event date/window and mapped locality before promotion.,FLOOD_EVIDENCE_NEEDS_DATE,Full ReliefWeb page text was extracted into this audit. It is not promoted until its event date/window and footprint are explicitly reconciled with the audited catalogue; report/update dates must not be used as event dates.
relief_web-datasets/Cameroon Humanitarian Flash Update3 Floods Far North fv.pdf,2,Yagoua; Maga; Blangoua; Darak; Makary; Zina; Maroua,"Yagoua | were distributed to 200 IDP households in Maga | (Blangoua, Darak, Kousséri, Logone | Birni, Makary, Waza, and Zina | Zina (Logone | Maga, | Yagoua | severely affected by the floods | hildren affected by the floods | dangers associated with the floods | health districts: Yagoua, Kaikai, Vele, | Yagoua health district, with 131,604 cholera vaccine doses already available for this | the UNICEF Maroua warehouse for any additional needs | in the Maga sub | Pouss site (Maga) in collaboration with the local NGO AAEDC.",FLOOD_EVIDENCE_NEEDS_DATE,Full source page extracted. Requires human/source-specific confirmation of an event date/window and mapped locality before promotion.,FLOOD_EVIDENCE_NEEDS_DATE,Full ReliefWeb page text was extracted into this audit. It is not promoted until its event date/window and footprint are explicitly reconciled with the audited catalogue; report/update dates must not be used as event dates.
relief_web-datasets/Cameroon Humanitarian Flash Update3 Floods Far North fv.pdf,3,Maroua,based in Maroua | he flooding,FLOOD_EVIDENCE_NEEDS_DATE,Full source page extracted. Requires human/source-specific confirmation of an event date/window and mapped locality before promotion.,FLOOD_EVIDENCE_NEEDS_DATE,Full ReliefWeb page text was extracted into this audit. It is not promoted until its event date/window and footprint are explicitly reconciled with the audited catalogue; report/update dates must not be used as event dates.
relief_web-datasets/Cameroon Humanitarian Flash Update3 Floods Far North fv.pdf,4,Yagoua; Maroua,Floods in the Far North region of | in Yagoua | ce Maroua: +,FLOOD_EVIDENCE_NEEDS_DATE,Full source page extracted. Requires human/source-specific confirmation of an event date/window and mapped locality before promotion.,FLOOD_EVIDENCE_NEEDS_DATE,Full ReliefWeb page text was extracted into this audit. It is not promoted until its event date/window and footprint are explicitly reconciled with the audited catalogue; report/update dates must not be used as event dates.
"relief_web-datasets/Cameroon _ Displacement Report, Far North Region.pdf",7,Mora,"took place in the districts of Pete and Mora on June 27, 29 and 30. | Flooding posed a",FLOOD_EVIDENCE_NEEDS_DATE,Full source page extracted. Requires human/source-specific confirmation of an event date/window and mapped locality before promotion.,FLOOD_EVIDENCE_NEEDS_DATE,Full ReliefWeb page text was extracted into this audit. It is not promoted until its event date/window and footprint are explicitly reconciled with the audited catalogue; report/update dates must not be used as event dates.
"relief_web-datasets/Cameroon _ Displacement Report, Far North Region.pdf",11,Mayo Danay,those displaced due to climatic events including flooding. | flooding | most affected by flooding are generally not the theater of violence perpetrated by Boko | whom are all in the Mayo Danay department.,FLOOD_EVIDENCE_NEEDS_DATE,Full source page extracted. Requires human/source-specific confirmation of an event date/window and mapped locality before promotion.,FLOOD_EVIDENCE_NEEDS_DATE,Full ReliefWeb page text was extracted into this audit. It is not promoted until its event date/window and footprint are explicitly reconciled with the audited catalogue; report/update dates must not be used as event dates.
"relief_web-datasets/Cameroon _ Displacement Report, Far North Region.pdf",20,Maga; Yagoua; Mayo Danay; Mayo Sava; Mora; Diamaré; Mayo Tsanaga,"population lives in Maga (5 | 296 people) and Yagoua | IDPs come from other districts within the Mayo Danay | 6% come from the Mayo Sava. | living in Mouka since the flooding in 2012 decided to return to their respective areas of origin. | decline, there was an increase of 72 IDPs in Yagoua from Gobo. | Mayo Danay | from Mayo Sava in search of fertile grounds. | The districts of Kolofata (12 364 IDPs) and Mora (44 459 IDPs) are regularly | In Mayo Sava, 98% of IDPs are | district of Mora.  In the district of Kolofata, the village of Amchide hosts 192 more IDPs in July than in | from the Diamaré and Mayo Tsanaga depart",FLOOD_EVIDENCE_NEEDS_DATE,Full source page extracted. Requires human/source-specific confirmation of an event date/window and mapped locality before promotion.,FLOOD_EVIDENCE_NEEDS_DATE,Full ReliefWeb page text was extracted into this audit. It is not promoted until its event date/window and footprint are explicitly reconciled with the audited catalogue; report/update dates must not be used as event dates.
"relief_web-datasets/Cameroon _ Displacement Report, Far North Region.pdf",31,Mayo Sava; Mayo Tsanaga; Diamaré; Mayo Danay; Mayo Kani,"conflict or flooding). | Mayo Sava) | Conversely, other departments including the Mayo Tsanaga have noted a decrease in their | in search of more favorable farming conditions.  This same trend is observed in the Diamaré, | the Mayo Danay and the Mayo Kani with",FLOOD_EVIDENCE_NEEDS_DATE,Full source page extracted. Requires human/source-specific confirmation of an event date/window and mapped locality before promotion.,FLOOD_EVIDENCE_NEEDS_DATE,Full ReliefWeb page text was extracted into this audit. It is not promoted until its event date/window and footprint are explicitly reconciled with the audited catalogue; report/update dates must not be used as event dates.
relief_web-datasets/Cameroun - Extrême-Nord - Note d’information sur les inondations n°3 (au 15 novembre 2022).pdf,1,Logone et Chari; Fotokol; Makary; Mokolo; Mora; Kousseri,"inondations dans les départements du Mayo | inondées | dans le Logone et Chari | inondé | Fotokol, Mada, | Makary dans le Logone et | hari, Mokolo dans le Mayo | et Mora et Kolofata dans | 17 décès à travers la région. Le camp de réfugiés de Minawao, situé dans le district de Mokolo et qui abrite environ | Memé dans le district de santé de Mora avec 94 cas notifiés. | et les inondations | , les inondations pluviales et fluviales | depuis le début des inondations | 18 cas de décès liés aux inondations ont été rapportés, dont 10 dans le Mayo | inondations de | sur les inondations | Quartier Madagascar II (Kousseri) envahi par les eaux dans le | Logone et Chari",FLOOD_EVIDENCE_NEEDS_DATE,Full source page extracted. Requires human/source-specific confirmation of an event date/window and mapped locality before promotion.,FLOOD_EVIDENCE_NEEDS_DATE,Full ReliefWeb page text was extracted into this audit. It is not promoted until its event date/window and footprint are explicitly reconciled with the audited catalogue; report/update dates must not be used as event dates.
relief_web-datasets/Cameroun - Extrême-Nord - Note d’information sur les inondations n°3 (au 15 novembre 2022).pdf,2,Logone et Chari; Kousseri; Blangoua; Yagoua,"Les inondations | impacté par les inondations avec | 133 écoles inondées | Danay et le Logone et Chari demeure difficile du fait des crues. | touchés, le Logone et Chari | arrondissements de Kousseri, Blangoua et Makari | Dans la ville de Kousseri, c | inondations | dans les arrondissements de Kousseri et Logone Birni à la suite des inondations | Kaï, Yagoua, Guéré et Gobo sont les plus touchés | à Yagoua | Dans le Logone et Chari | notamment dans la ville de Kousseri, les | des quartiers inondés | dans la ville de Kousseri. | les inondations | de Kousseri, 131 seaux avec robinet, 10 cartons de savons | DS de Kousseri | tion des inondations | de Kousseri et dans les villages",FLOOD_EVIDENCE_NEEDS_DATE,Full source page extracted. Requires human/source-specific confirmation of an event date/window and mapped locality before promotion.,FLOOD_EVIDENCE_NEEDS_DATE,Full ReliefWeb page text was extracted into this audit. It is not promoted until its event date/window and footprint are explicitly reconciled with the audited catalogue; report/update dates must not be used as event dates.
relief_web-datasets/Cameroun - Extrême-Nord - Note d’information sur les inondations n°3 (au 15 novembre 2022).pdf,3,Blangoua; Makary; Kousseri; Zina; MAYO DANAY; Yagoua,"diguettes dans les communes de Blangoua et | sur les inondations à Makary centre et | Blangoua centre, avec 552 personnes | Kousseri. 100 kits | Kousseri. | santé de Kousseri. | Madagascar à Kousseri. | de Kawadji I et Ndou à Kousseri | collaboration avec le DS de Kousseri. | Zina, Logone Birni et Waza. | par les inondations | MAYO DANAY | arrondissements de Vélé, Yagoua et Kaï",FLOOD_EVIDENCE_NEEDS_DATE,Full source page extracted. Requires human/source-specific confirmation of an event date/window and mapped locality before promotion.,FLOOD_EVIDENCE_NEEDS_DATE,Full ReliefWeb page text was extracted into this audit. It is not promoted until its event date/window and footprint are explicitly reconciled with the audited catalogue; report/update dates must not be used as event dates.
relief_web-datasets/Cameroun - Extrême-Nord - Note d’information sur les inondations n°3 (au 15 novembre 2022).pdf,4,Maroua,"Accès difficile aux zones inondées du fait de la | Impact à plus long terme de ces inondations auquel il faud | bureau, OCHA Maroua,",FLOOD_EVIDENCE_NEEDS_DATE,Full source page extracted. Requires human/source-specific confirmation of an event date/window and mapped locality before promotion.,FLOOD_EVIDENCE_NEEDS_DATE,Full ReliefWeb page text was extracted into this audit. It is not promoted until its event date/window and footprint are explicitly reconciled with the audited catalogue; report/update dates must not be used as event dates.
"relief_web-datasets/Cameroun - Extrême-Nord, Rapport de situation No. 24, juillet 2022 (1).pdf",5,Logone et Chari; Maga; Diamaré; Mayo Tsanaga; Maroua,"Logone et Chari pour | sur le site de Adjaniré, à Maga dans | Logone et Chari (100 bénéficiaires), le Mayo | Diamaré (54 bénéficiaires), soit un total d | dans le Diamaré | Dans le cadre de la préparation aux inondations, des concertations conduites sous le lead | Cadre de concertation autorités/humanitaires du Mayo Tsanaga a été lancé avec succès le 06 | bureau, OCHA Maroua,",FLOOD_EVIDENCE_NEEDS_DATE,Full source page extracted. Requires human/source-specific confirmation of an event date/window and mapped locality before promotion.,FLOOD_EVIDENCE_NEEDS_DATE,Full ReliefWeb page text was extracted into this audit. It is not promoted until its event date/window and footprint are explicitly reconciled with the audited catalogue; report/update dates must not be used as event dates.
"relief_web-datasets/Cameroun - Extrême-Nord, Rapport de situation No. 24, juillet 2022.pdf",5,Logone et Chari; Maga; Diamaré; Mayo Tsanaga; Maroua,"Logone et Chari pour | sur le site de Adjaniré, à Maga dans | Logone et Chari (100 bénéficiaires), le Mayo | Diamaré (54 bénéficiaires), soit un total d | dans le Diamaré | Dans le cadre de la préparation aux inondations, des concertations conduites sous le lead | Cadre de concertation autorités/humanitaires du Mayo Tsanaga a été lancé avec succès le 06 | bureau, OCHA Maroua,",FLOOD_EVIDENCE_NEEDS_DATE,Full source page extracted. Requires human/source-specific confirmation of an event date/window and mapped locality before promotion.,FLOOD_EVIDENCE_NEEDS_DATE,Full ReliefWeb page text was extracted into this audit. It is not promoted until its event date/window and footprint are explicitly reconciled with the audited catalogue; report/update dates must not be used as event dates.
"relief_web-datasets/Cameroun - Extrême-Nord, Rapport de situation No. 44 - juin 2024.pdf",2,Logone et Chari; Fotokol; Mora; Mokolo; Mayo Tsanaga; Makary; Blangoua; Maroua,"couverture effective de la réponse humanitaire dans le Logone et Chari (Fotokol, Afadé, Biamo), le Mayo | Amchidé, Mora, Kossa et Yémé) et le Mayo | Mokolo | département du Mayo Tsanaga. | Birni et Mokolo, les partenaires ont permis à 880 nouveaux enfants | pédagogique (31 femmes) de Kolofata et Mora sur la mobilisation de pratiques pédagogiques protectrices accompagnée | inondations. | de Kolofata, Makary, Mokolo, Koza, Mozogo, Minawao, Hile | Dans les sites et communautés de Mokolo, Logone | Birni, Makary, Hile | Alifa, Blangoua   et le | PDI et les communautés de Makary, Mokolo, Koza, Kolofata, Mozogo, Maroua 2ème, camp de M | Blangoua, Logone",FLOOD_EVIDENCE_NEEDS_DATE,Full source page extracted. Requires human/source-specific confirmation of an event date/window and mapped locality before promotion.,FLOOD_EVIDENCE_NEEDS_DATE,Full ReliefWeb page text was extracted into this audit. It is not promoted until its event date/window and footprint are explicitly reconciled with the audited catalogue; report/update dates must not be used as event dates.
"relief_web-datasets/Cameroun - Région de l’Extrême-Nord - Rapport sur les Déplacements Round 21, 25 Mai – 10 Juin 2020.pdf",8,Mokolo,"climatiques (inondations). | (Mokolo, Mayo",FLOOD_EVIDENCE_NEEDS_DATE,Full source page extracted. Requires human/source-specific confirmation of an event date/window and mapped locality before promotion.,FLOOD_EVIDENCE_NEEDS_DATE,Full ReliefWeb page text was extracted into this audit. It is not promoted until its event date/window and footprint are explicitly reconciled with the audited catalogue; report/update dates must not be used as event dates.
"relief_web-datasets/Cameroun - Région de l’Extrême-Nord - Rapport sur les Déplacements Round 21, 25 Mai – 10 Juin 2020.pdf",21,Diamaré; Maga,"Dans le Diamaré, | ) et de Maga ( | après les inondations de",FLOOD_EVIDENCE_NEEDS_DATE,Full source page extracted. Requires human/source-specific confirmation of an event date/window and mapped locality before promotion.,FLOOD_EVIDENCE_NEEDS_DATE,Full ReliefWeb page text was extracted into this audit. It is not promoted until its event date/window and footprint are explicitly reconciled with the audited catalogue; report/update dates must not be used as event dates.
"relief_web-datasets/Cameroun - Région de l’Extrême-Nord - Rapport sur les Déplacements Round 21, 25 Mai – 10 Juin 2020.pdf",27,Diamaré; Logone-Et-Chari; Mayo-Danay; Mayo-Kani; Mayo-Sava; Mayo-Tsanaga,"inondations | Diamaré | Dans les départements du Diamaré, | Diamaré | Logone-Et-Chari | Mayo-Danay | Mayo-Kani | Mayo-Sava | Mayo-Tsanaga",FLOOD_EVIDENCE_NEEDS_DATE,Full source page extracted. Requires human/source-specific confirmation of an event date/window and mapped locality before promotion.,FLOOD_EVIDENCE_NEEDS_DATE,Full ReliefWeb page text was extracted into this audit. It is not promoted until its event date/window and footprint are explicitly reconciled with the audited catalogue; report/update dates must not be used as event dates.
"relief_web-datasets/Cameroun - Région de l’Extrême-Nord - Rapport sur les Déplacements Round 21, 25 Mai – 10 Juin 2020.pdf",28,Diamaré; Logone-Et-Chari; Mayo-Danay; Mayo-Kani; Mayo-Sava; Mayo-Tsanaga,inondations | Diamaré | Logone-Et-Chari | Mayo-Danay | Mayo-Kani | Mayo-Sava | Mayo-Tsanaga,FLOOD_EVIDENCE_NEEDS_DATE,Full source page extracted. Requires human/source-specific confirmation of an event date/window and mapped locality before promotion.,FLOOD_EVIDENCE_NEEDS_DATE,Full ReliefWeb page text was extracted into this audit. It is not promoted until its event date/window and footprint are explicitly reconciled with the audited catalogue; report/update dates must not be used as event dates.
"relief_web-datasets/Cameroun - Région de l’Extrême-Nord - Rapport sur les Déplacements Round 21, 25 Mai – 10 Juin 2020.pdf",33,Diamaré; Logone-Et-Chari; Mayo-Danay; Mayo-Kani; Mayo-Sava; Mayo-Tsanaga,"ont été détruits dans des inondations. | Dans le Diamaré, la plupart a regagné | Diamaré | Logone-Et-Chari | Mayo-Danay | Mayo-Kani | Mayo-Sava | Mayo-Tsanaga",FLOOD_EVIDENCE_NEEDS_DATE,Full source page extracted. Requires human/source-specific confirmation of an event date/window and mapped locality before promotion.,FLOOD_EVIDENCE_NEEDS_DATE,Full ReliefWeb page text was extracted into this audit. It is not promoted until its event date/window and footprint are explicitly reconciled with the audited catalogue; report/update dates must not be used as event dates.
relief_web-datasets/IOM_Rapport_Cameroun_Extreme-Nord_DTM_RD18_vf_20190528.pdf,28,Diamaré,"inondations | camp dans le Diamaré (32 personnes), 69 pour",FLOOD_EVIDENCE_NEEDS_DATE,Full source page extracted. Requires human/source-specific confirmation of an event date/window and mapped locality before promotion.,FLOOD_EVIDENCE_NEEDS_DATE,Full ReliefWeb page text was extracted into this audit. It is not promoted until its event date/window and footprint are explicitly reconciled with the audited catalogue; report/update dates must not be used as event dates.
relief_web-datasets/IOM_Rapport_Cameroun_Extreme-Nord_DTM_RD18_vf_20190528.pdf,31,Mora; Fotokol; Makary; Diamaré; Logone-Et-Chari; Mayo-Danay; Mayo-Kani; Mayo-Sava; Mayo-Tsanaga,"Mora | venant de Fotokol pour Makary dans le | Dans les départements du Diamaré, | inondations subies au | Diamaré | Logone-Et-Chari | Mayo-Danay | Mayo-Kani | Mayo-Sava | Mayo-Tsanaga",FLOOD_EVIDENCE_NEEDS_DATE,Full source page extracted. Requires human/source-specific confirmation of an event date/window and mapped locality before promotion.,FLOOD_EVIDENCE_NEEDS_DATE,Full ReliefWeb page text was extracted into this audit. It is not promoted until its event date/window and footprint are explicitly reconciled with the audited catalogue; report/update dates must not be used as event dates.
relief_web-datasets/MDRCM028dfr.pdf,1,Zina; Maga; Guirvidig,"Œ Cameroon Floods | (Zina | ) and south of Lake Maga | d floods due to the sudden rise of the Logone River | Koundouma, Guiding, Sarahara, Lahai, Guirvidig, | the flood | s. Indeed, they had lost with these floods, | : Floods",FLOOD_EVIDENCE_NEEDS_DATE,Full source page extracted. Requires human/source-specific confirmation of an event date/window and mapped locality before promotion.,FLOOD_EVIDENCE_NEEDS_DATE,Full ReliefWeb page text was extracted into this audit. It is not promoted until its event date/window and footprint are explicitly reconciled with the audited catalogue; report/update dates must not be used as event dates.
relief_web-datasets/MDRCM028dfr.pdf,2,Mayo Danay; Yagoua; Maga,"Œ Cameroon Floods | flooded | been flooded | Flooding ha | by the flood waters | Committee of Mayo Danay reported | affected by the floods in the | districts of the Mayo Danay division ( | Yagoua, Maga | affected by the floods, | mobilized 9 staff and 93 volunteers of Mayo Danay Red Cross | the local committees of Maga (02), Yagoua (04) and Kai | RC in the response to the floods in the localities of this department. This support consisted in an extension | floodwaters",FLOOD_EVIDENCE_NEEDS_DATE,Full source page extracted. Requires human/source-specific confirmation of an event date/window and mapped locality before promotion.,FLOOD_EVIDENCE_NEEDS_DATE,Full ReliefWeb page text was extracted into this audit. It is not promoted until its event date/window and footprint are explicitly reconciled with the audited catalogue; report/update dates must not be used as event dates.
relief_web-datasets/MDRCM028dfr.pdf,3,Maga; Mayo Danay; Yagoua; mayo Danay,"Œ Cameroon Floods | -prefecture of Maga provided and stored | fields that have resisted the floods. | The floods in | Mayo Danay | extent of the floods, some areas were completely submerge | k, Yagoua, Zebe (in the Yagoua sub | affected by the floods in the districts of the Mayo Danay division (Yagoua, Maga and Kai | 1 Yagoua subdivision with Yagoua as a capital for a subdivision and | a capital for mayo Danay Division.",FLOOD_EVIDENCE_NEEDS_DATE,Full source page extracted. Requires human/source-specific confirmation of an event date/window and mapped locality before promotion.,FLOOD_EVIDENCE_NEEDS_DATE,Full ReliefWeb page text was extracted into this audit. It is not promoted until its event date/window and footprint are explicitly reconciled with the audited catalogue; report/update dates must not be used as event dates.
relief_web-datasets/MDRCM028dfr.pdf,4,Yagoua; Maga,"Œ Cameroon Floods | isors benefited from this training session in CEA: 16 volunteers in Yagoua on 16 | November 2019, 17 volunteers in Kai Kai on 17 November 2019 and 13 volunteers in Maga on 18 November 2019. | provided by ICRC (for Maga targeted HH) and IFRC (for Yagoua and Kai | concerned (Maga, Yagoua and Kai",FLOOD_EVIDENCE_NEEDS_DATE,Full source page extracted. Requires human/source-specific confirmation of an event date/window and mapped locality before promotion.,FLOOD_EVIDENCE_NEEDS_DATE,Full ReliefWeb page text was extracted into this audit. It is not promoted until its event date/window and footprint are explicitly reconciled with the audited catalogue; report/update dates must not be used as event dates.
relief_web-datasets/MDRCM028dfr.pdf,5,Mayo Danay; Maga; Yagoua; Maroua; Diamaré,"Œ Cameroon Floods | ent of Mayo Danay very vast, | but also to access certain localities like Maga, it is necessary to leave Yagoua (the capital of the department) | to go to Maroua (capital of the department of Diamaré) bef | ore returning to Maga. Yagoua is directly connected | forced to return to Yagoua for accommodation.",FLOOD_EVIDENCE_NEEDS_DATE,Full source page extracted. Requires human/source-specific confirmation of an event date/window and mapped locality before promotion.,FLOOD_EVIDENCE_NEEDS_DATE,Full ReliefWeb page text was extracted into this audit. It is not promoted until its event date/window and footprint are explicitly reconciled with the audited catalogue; report/update dates must not be used as event dates.
relief_web-datasets/MDRCM028dfr.pdf,6,Yagoua; Maga,"Œ Cameroon Floods | coordination with the Ministry of Health and District Health Posts Yagoua, Maga and Kai | to enable this department, which is always exposed to floods, to | floods, first aid for the inju | people (492 in Yagoua, 601 in Kai | -kai and 698 in Maga)) | (392 people  (159 in Yagoua, 132 in Kai | -kai and 101 in Maga)) | -aid kits were purchased and made available to the various local committees (3 kits for Maga, 3 for Kai Kai and 2 | for Yagoua) to facilitate first aid care | -positioning in localities exposed to disasters such as floods, of certain basic necessities",FLOOD_EVIDENCE_NEEDS_DATE,Full source page extracted. Requires human/source-specific confirmation of an event date/window and mapped locality before promotion.,FLOOD_EVIDENCE_NEEDS_DATE,Full ReliefWeb page text was extracted into this audit. It is not promoted until its event date/window and footprint are explicitly reconciled with the audited catalogue; report/update dates must not be used as event dates.
relief_web-datasets/MDRCM028dfr.pdf,7,Maga; Yagoua,"Œ Cameroon Floods | floods, to enable volunteers to truly assist the population from the very first hours of the disaster. | -kai, Maga and Yagoua). | are difficult to access and, above all, that they face recurrent flooding, which exposes them to the risk of epidemics.",FLOOD_EVIDENCE_NEEDS_DATE,Full source page extracted. Requires human/source-specific confirmation of an event date/window and mapped locality before promotion.,FLOOD_EVIDENCE_NEEDS_DATE,Full ReliefWeb page text was extracted into this audit. It is not promoted until its event date/window and footprint are explicitly reconciled with the audited catalogue; report/update dates must not be used as event dates.
relief_web-datasets/MDRCM028dfr.pdf,8,Maga; Yagoua,"Œ Cameroon Floods | .  Training was held in Maga, Yagoua | -kai, (15 volunteers in Maga, 22 volunteers in Yagoua, and 14 | Maga, 11 kits | in Yagoua.",FLOOD_EVIDENCE_NEEDS_DATE,Full source page extracted. Requires human/source-specific confirmation of an event date/window and mapped locality before promotion.,FLOOD_EVIDENCE_NEEDS_DATE,Full ReliefWeb page text was extracted into this audit. It is not promoted until its event date/window and footprint are explicitly reconciled with the audited catalogue; report/update dates must not be used as event dates.
relief_web-datasets/MDRCM028dfr.pdf,9,Yagoua; Maga,"Œ Cameroon Floods | ,897 in Yagoua, | -kai and 2,786 in Maga)) | (3,185 people (987 in Yagoua, 1201 at Kai | Maga)) | Yagoua centre (419 beneficiaries) and Dana (100",FLOOD_EVIDENCE_NEEDS_DATE,Full source page extracted. Requires human/source-specific confirmation of an event date/window and mapped locality before promotion.,FLOOD_EVIDENCE_NEEDS_DATE,Full ReliefWeb page text was extracted into this audit. It is not promoted until its event date/window and footprint are explicitly reconciled with the audited catalogue; report/update dates must not be used as event dates.
relief_web-datasets/MDRCM028dfr.pdf,10,Yagoua,Œ Cameroon Floods | involved community leaders and the Yagoua communit | Yagoua,FLOOD_EVIDENCE_NEEDS_DATE,Full source page extracted. Requires human/source-specific confirmation of an event date/window and mapped locality before promotion.,FLOOD_EVIDENCE_NEEDS_DATE,Full ReliefWeb page text was extracted into this audit. It is not promoted until its event date/window and footprint are explicitly reconciled with the audited catalogue; report/update dates must not be used as event dates.
relief_web-datasets/MDRCM028dfr.pdf,11,Maga; Yagoua,Œ Cameroon Floods | Maga during the first days of the operation. | Lessons Learned workshop in Yagoua. ©Cameroon Red Cross,FLOOD_EVIDENCE_NEEDS_DATE,Full source page extracted. Requires human/source-specific confirmation of an event date/window and mapped locality before promotion.,FLOOD_EVIDENCE_NEEDS_DATE,Full ReliefWeb page text was extracted into this audit. It is not promoted until its event date/window and footprint are explicitly reconciled with the audited catalogue; report/update dates must not be used as event dates.
relief_web-datasets/MDRCM028do.pdf,1,Maga; Guirvidig; Yagoua; Mayo Danay,"flooding in the Maga Sub | Sarahara, Lahai, Guirvidig, Dawaya, Gounmi and Mourna. | from the inundated river and other animals that were caught by the flood. River water is the population™s unique | , which are flooded as | ontaminated with floodwaters, which have higher levels of bacteria. | Contaminated floodwaters increase the risk of waterborne diseases, such as cholera. A | hek, Yagoua, Zebe | 1 Yagoua subdivision with Yagoua as a capital for a subdivision and a capital for Mayo Danay Division. | of Mayo Danay Red Cross local branch in the Logone and Chari divisional committee. | of Mayo Danay, OCHA, PUI, IRC, APA, | : Floods",FLOOD_EVIDENCE_NEEDS_DATE,Full source page extracted. Requires human/source-specific confirmation of an event date/window and mapped locality before promotion.,FLOOD_EVIDENCE_NEEDS_DATE,Full ReliefWeb page text was extracted into this audit. It is not promoted until its event date/window and footprint are explicitly reconciled with the audited catalogue; report/update dates must not be used as event dates.
relief_web-datasets/MDRCM028do.pdf,2,Zina; Mayo Danay; Maga; Yagoua,"| 2  Flooding has restricted access to several villages, canoes are being used to reach certain areas in the department, as | se floods in the Zina and | sent by the Red Cross Committee of Mayo Danay report | meless in Maga, including 463 children ( | All open wells have been engulfed by the floods. Only a few boreholes were spared but their water | the flooding | population in the Mayo Danay and Logone and Chari Divisions | Maga | 367 2,413 51 89 4 572 48 Yagoua | 446 1,435 33 70 4 310 18 Zina | S) has been able to reach the affected areas only days after the floods started, | National Society has currently mobilised 30 volunteers in Maga, 30 i | n Yagoua and 33 in Kai Kai to | Providing first aid services and psychological support to victims found during the first days of the floods. | Building small dikes for flood attenuation particu | larly in Maga and Yagoua (using the 150 left over bags which | were stored up after attenuating the last floods which occurred in 2012). | Zina | 2 15 October 2019 statement by the departmental Red Cross Committee of Mayo Danay",FLOOD_EVIDENCE_NEEDS_DATE,Full source page extracted. Requires human/source-specific confirmation of an event date/window and mapped locality before promotion.,FLOOD_EVIDENCE_NEEDS_DATE,Full ReliefWeb page text was extracted into this audit. It is not promoted until its event date/window and footprint are explicitly reconciled with the audited catalogue; report/update dates must not be used as event dates.
relief_web-datasets/MDRCM028do.pdf,3,Zina; Maroua; Maga; Mayo Danay; Fotokol,"excluding Zina, considering the strong presence of the | S™s disposal. The kits have been stored in Maroua. The | CRCS to ensure that urgent needs in Maga village are met. | In Maga: | 30 tents through the Emergency Flood Control Programme (PULCI). | -Divisions of Zina | Kai Kai (Mayo Danay | the Makari and Fotokol communities as well as other villages particularly within Zina Sub | (IRC) are currently in Zina | Mayo Danay | (in Mayo Danay) and 2,319 | -flooded areas.",FLOOD_EVIDENCE_NEEDS_DATE,Full source page extracted. Requires human/source-specific confirmation of an event date/window and mapped locality before promotion.,FLOOD_EVIDENCE_NEEDS_DATE,Full ReliefWeb page text was extracted into this audit. It is not promoted until its event date/window and footprint are explicitly reconciled with the audited catalogue; report/update dates must not be used as event dates.
relief_web-datasets/MDRCM028do.pdf,4,Maroua; Maga; Yagoua; Mayo Danay; Zina,"buckets) in Maroua. | Red Cross society to respond to the flood disaster that occurred in 3 subdivisions (Maga, Ka | i-Kai and Yagoua) in Mayo | for interventions in Maga. The localities concerned are Kaï | -Kaï, Yagoua (Mayo Danay). | ongoing operations in Zina (Logone and Chari) and thus due to its presence, it ensures in collaboration with local | CRCS teams, risk monitoring in affected villages in the Zina district. The ICRC on its part is actively working with | CRCS to ensure that Maga's emergency needs are met. | and NGOs show a strong mobilization in Zina. | (6,223 persons in three districts of the Mayo Danay division | 5). That is 37% in Maga, 32% in Kai | Yagoua calculated on the overall number of affected persons. | 5 Affected population in Zina sub",FLOOD_EVIDENCE_NEEDS_DATE,Full source page extracted. Requires human/source-specific confirmation of an event date/window and mapped locality before promotion.,FLOOD_EVIDENCE_NEEDS_DATE,Full ReliefWeb page text was extracted into this audit. It is not promoted until its event date/window and footprint are explicitly reconciled with the audited catalogue; report/update dates must not be used as event dates.
relief_web-datasets/MDRCM028do.pdf,5,Maga; Yagoua,floods and affected areas | Maga | Yagoua,FLOOD_EVIDENCE_NEEDS_DATE,Full source page extracted. Requires human/source-specific confirmation of an event date/window and mapped locality before promotion.,FLOOD_EVIDENCE_NEEDS_DATE,Full ReliefWeb page text was extracted into this audit. It is not promoted until its event date/window and footprint are explicitly reconciled with the audited catalogue; report/update dates must not be used as event dates.
relief_web-datasets/MDRCM028do.pdf,6,Mayo Danay; Yagoua; Maga; Maroua,"location they have been living since before the floods | affected by the floods in the districts of the Mayo Danay division | (Yagoua, Maga and Kai | Maga | Yagoua and Kai | -raising activities in Maga, which has the most accurate data. The data collected during the | of Yagoua and Kai | Maga and distribution related to Maga. But trainings | .   For Maga, | HHIs will be provided by ICRC stocks stored in Maroua | Assistance for HHI shelter and hygiene will be provided for by ICRC stocks in Maroua to be made available to the | CRCS for its intervention in Maga.  The ICRC has complete EHI kits (Essential Household Items) in Maroua. Maga | from Maroua | Maga.  Local equipment for fixing the tarpaulins for the 126 households that will receive the tarpaulins and",FLOOD_EVIDENCE_NEEDS_DATE,Full source page extracted. Requires human/source-specific confirmation of an event date/window and mapped locality before promotion.,FLOOD_EVIDENCE_NEEDS_DATE,Full ReliefWeb page text was extracted into this audit. It is not promoted until its event date/window and footprint are explicitly reconciled with the audited catalogue; report/update dates must not be used as event dates.
relief_web-datasets/MDRCM028do.pdf,7,Yagoua; Maga; Maroua,"3 households in Yagoua and Kai | 1 per HH including Maga | for Maga). | Logistical support for transport from Maroua to Yagoua | and from Yaoundé to Yagoua. | -Kai and Yagoua. | HHI™s distribution costs to 203 households in Yagoua and Kai | Purchase and make available to EHI beneficiaries in Maga | kits (1 per household), 126 shelter tool kit (1 per families in Maga). | Yagoua and Kai | -Kai, 329 jerrycans (including 126 for Maga as they are not available in ICRC | 15 to 20 litres of water for 1 month. The additional 50 tablets will be used to carry out demonstrations. Maga | HI kits (26,363 aquatabs for Maga). | - the total target population of Yagoua and Kai | uitoes in flooded areas.",FLOOD_EVIDENCE_NEEDS_DATE,Full source page extracted. Requires human/source-specific confirmation of an event date/window and mapped locality before promotion.,FLOOD_EVIDENCE_NEEDS_DATE,Full ReliefWeb page text was extracted into this audit. It is not promoted until its event date/window and footprint are explicitly reconciled with the audited catalogue; report/update dates must not be used as event dates.
relief_web-datasets/MDRCM028do.pdf,8,Maga; Yagoua; Diamaré,"sessions will be organized with one per locality (Maga, Yagoua, Kai | mosquito nets; 3 mosquito nets per family (Yagoua and Kai | 10 volunteers in Maga, | 10 in Yagoua.  T | 1 in Maga, | 1 in Yagoua) | The NDRT Wash and Shelter already settled in Diamaré, a | strengthen volunteers™ capacities in affected Maga, Kai | Yagoua | n Access to the localities will be by alternate means of transport depending on the passable or flooded roads.  The | The equipment will be transported from Yaoundé to Yagoua by two trucks, given the volume of items to be transported. | The departmental committee has identified a warehouse in Yagoua which will be rented and serve as supply base for | beneficiaries as the latter are found in flooded areas.",FLOOD_EVIDENCE_NEEDS_DATE,Full source page extracted. Requires human/source-specific confirmation of an event date/window and mapped locality before promotion.,FLOOD_EVIDENCE_NEEDS_DATE,Full ReliefWeb page text was extracted into this audit. It is not promoted until its event date/window and footprint are explicitly reconciled with the audited catalogue; report/update dates must not be used as event dates.
relief_web-datasets/MDRCM028do.pdf,13,Yagoua; Maga,"Given that floods have | water in Yagoua | -Kai, jerrycans (including for Maga as not available in ICRC stocks), Aquatabs, 200",FLOOD_EVIDENCE_NEEDS_DATE,Full source page extracted. Requires human/source-specific confirmation of an event date/window and mapped locality before promotion.,FLOOD_EVIDENCE_NEEDS_DATE,Full ReliefWeb page text was extracted into this audit. It is not promoted until its event date/window and footprint are explicitly reconciled with the audited catalogue; report/update dates must not be used as event dates.
relief_web-datasets/MDRCM029dfr.pdf,1,Maroua,"Cameroon Floods | on 31 August 2020, causing floods and substantial | of Maroua, and affecting the Logone | Floods in Far North | from flooded",FLOOD_EVIDENCE_NEEDS_DATE,Full source page extracted. Requires human/source-specific confirmation of an event date/window and mapped locality before promotion.,FLOOD_EVIDENCE_NEEDS_DATE,Full ReliefWeb page text was extracted into this audit. It is not promoted until its event date/window and footprint are explicitly reconciled with the audited catalogue; report/update dates must not be used as event dates.
relief_web-datasets/MDRCM029dfr.pdf,2,Mayo Kani; Mayo Danay,"Cameroon Floods | geographical extent of floods was a new situation for the Far | five divisions out of six in the Region suffered the devastating effects floods | stakeholders of the progress made in implementation of the Floods DREF operation since its launch | the Mayo Kani and Mayo Danay Dep | In Mayo Danay, the survey was conducted in 24 of the 51 affected villages, while in Mayo Kani it was conducted in 8 | Mayo Kani had 76% male and 24% female heads of household, while Mayo Danay had 70% male and 30% | livestock (1,260 small ruminants in Mayo Kani and 235 | ruminants in Mayo Danay and 88 | volunteers (38 in Mayo Kani and 42 in Mayo Danay | ) and 8 supervisors (4 in Mayo Kani and 4 in Mayo Danay",FLOOD_EVIDENCE_NEEDS_DATE,Full source page extracted. Requires human/source-specific confirmation of an event date/window and mapped locality before promotion.,FLOOD_EVIDENCE_NEEDS_DATE,Full ReliefWeb page text was extracted into this audit. It is not promoted until its event date/window and footprint are explicitly reconciled with the audited catalogue; report/update dates must not be used as event dates.
relief_web-datasets/MDRCM029dfr.pdf,3,Mayo Kani; Mayo Danay,"Cameroon Floods | Mayo Kani and 1 | materials for the construction of 50 emergency latrines (20 in Mayo Kani and 30 in Mayo Danay) | ehabilitation of 07 wells in Mayo Danay | Because floods are a recurrent phenomenon, | (03 in Mayo Danay and 01 in Mayo Kani) to respond more effectively to future floods | (400 in Mayo Kani | and 600 in Mayo Danay)",FLOOD_EVIDENCE_NEEDS_DATE,Full source page extracted. Requires human/source-specific confirmation of an event date/window and mapped locality before promotion.,FLOOD_EVIDENCE_NEEDS_DATE,Full ReliefWeb page text was extracted into this audit. It is not promoted until its event date/window and footprint are explicitly reconciled with the audited catalogue; report/update dates must not be used as event dates.
relief_web-datasets/MDRCM029dfr.pdf,4,Diamaré; Diamare; Logone et Chari; Maroua; Yagoua; Mayo Danay,"Cameroon Floods | affected by floods but not included in this DREF operation ( | conducted two emergency needs assessments in the Diamaré division and applied for | n project which includes the development of floods contingency plans in the | Diamare and Logone | Tsanaga and Logone et Chari. | Development Committees (CDD) of Maroua, and the Socio | Charitable Activities Committee (CODASC) of Yagoua, as | the response coordination at regional level through their office in Maroua. CRC | When the floods occurred | affected by the floods in | the damage of the floods (65% in Mayo | Mayo Danay",FLOOD_EVIDENCE_NEEDS_DATE,Full source page extracted. Requires human/source-specific confirmation of an event date/window and mapped locality before promotion.,FLOOD_EVIDENCE_NEEDS_DATE,Full ReliefWeb page text was extracted into this audit. It is not promoted until its event date/window and footprint are explicitly reconciled with the audited catalogue; report/update dates must not be used as event dates.
relief_web-datasets/MDRCM029dfr.pdf,5,Maroua; Mayo Kani; Mayo Danay,"Cameroon Floods | of waterborne diseases after the floods, several | field for a long period of time with support from IFRC office in Maroua. | most affected by the floods in Mayo | Moulvoudaye and Kaele in Mayo Kani. | holds (85 Mayo Danay | 65 Mayo Kani), and bring out the results of after",FLOOD_EVIDENCE_NEEDS_DATE,Full source page extracted. Requires human/source-specific confirmation of an event date/window and mapped locality before promotion.,FLOOD_EVIDENCE_NEEDS_DATE,Full ReliefWeb page text was extracted into this audit. It is not promoted until its event date/window and footprint are explicitly reconciled with the audited catalogue; report/update dates must not be used as event dates.
relief_web-datasets/MDRCM029dfr.pdf,6,Mayo Kani; Mayo Danay; Diamaré; Diamare,"Cameroon Floods | During the distributions in Mayo Kani department, an unfortunate incident was noted, namely the theft of some NFI | the disaster victims of the Mayo Danay departmental committee. A report of this incident was made by the DM of Mayo | in Mayo Danay | 16 February in Mayo Kani, with local Red Cross leaders, beneficiaries, volunteers involved in the | n 18 February in Diamaré | Mayo Danay, Mayo Kani and Diamare | Elaborate a draft action plan/contingency plan for flood response preparedness in the Far North region | floods | future floods or disaster situations in the region | Formulate recommendations for future flood response interventions in the Far North region. | was positive in Mayo Danay, certainly because of the great experience of | volunteers and populations in Mayo Kani, due to the lack of tra | and neutrality, which have been lacking among the volunteers in Mayo Kani.",FLOOD_EVIDENCE_NEEDS_DATE,Full source page extracted. Requires human/source-specific confirmation of an event date/window and mapped locality before promotion.,FLOOD_EVIDENCE_NEEDS_DATE,Full ReliefWeb page text was extracted into this audit. It is not promoted until its event date/window and footprint are explicitly reconciled with the audited catalogue; report/update dates must not be used as event dates.
relief_web-datasets/MDRCM029dfr.pdf,8,Mayo Kani; Mayo Danay,"Cameroon Floods | profile of trainers (03 in Mayo Kani and 02 in | Mayo Danay) benefited from a training of trainers | volunteers, 20 in Mayo Kani and 20 in Mayo | (200 in Mayo Kani | and 300 in Mayo Danay)",FLOOD_EVIDENCE_NEEDS_DATE,Full source page extracted. Requires human/source-specific confirmation of an event date/window and mapped locality before promotion.,FLOOD_EVIDENCE_NEEDS_DATE,Full ReliefWeb page text was extracted into this audit. It is not promoted until its event date/window and footprint are explicitly reconciled with the audited catalogue; report/update dates must not be used as event dates.
relief_web-datasets/MDRCM029dfr.pdf,9,Mayo Kani; Mayo Danay,Cameroon Floods | 00 in Mayo Kani and | 837 in Mayo Kani | 880 in Mayo Danay).,FLOOD_EVIDENCE_NEEDS_DATE,Full source page extracted. Requires human/source-specific confirmation of an event date/window and mapped locality before promotion.,FLOOD_EVIDENCE_NEEDS_DATE,Full ReliefWeb page text was extracted into this audit. It is not promoted until its event date/window and footprint are explicitly reconciled with the audited catalogue; report/update dates must not be used as event dates.
relief_web-datasets/MDRCM029dfr.pdf,11,Mayo Kani; Mayo Danay,"Cameroon Floods | 42 volunteers from Mayo Kani were trained in | Mayo Danay received the same training for | The focus was on Mayo Kani, which was | (691 in Mayo Kani and 840 in Mayo Danay) | Mayo Kani | Mayo Danay | Mayo Kani and 1,600 in Mayo Danay. The remaining 27 kits were used for demonstrations. | Mayo Kani | Mayo Danay | order, not because of the floods, but because of pre | damaged and contaminated during the floods were | positioned (three in Mayo Danay and two in Mayo Kani). They were very useful",FLOOD_EVIDENCE_NEEDS_DATE,Full source page extracted. Requires human/source-specific confirmation of an event date/window and mapped locality before promotion.,FLOOD_EVIDENCE_NEEDS_DATE,Full ReliefWeb page text was extracted into this audit. It is not promoted until its event date/window and footprint are explicitly reconciled with the audited catalogue; report/update dates must not be used as event dates.
relief_web-datasets/MDRCM029dfr.pdf,12,Mayo Danay; Mayo Kani,Cameroon Floods | Mayo Danay | Mayo Kani | Kai and Guéré in Mayo Danay) were | Volunteers building latrines in Mayo Danay. © CRC,FLOOD_EVIDENCE_NEEDS_DATE,Full source page extracted. Requires human/source-specific confirmation of an event date/window and mapped locality before promotion.,FLOOD_EVIDENCE_NEEDS_DATE,Full ReliefWeb page text was extracted into this audit. It is not promoted until its event date/window and footprint are explicitly reconciled with the audited catalogue; report/update dates must not be used as event dates.
relief_web-datasets/MDRCM029dfr.pdf,13,Mayo Kani,Cameroon Floods | in May Danay and Mayo Kani,FLOOD_EVIDENCE_NEEDS_DATE,Full source page extracted. Requires human/source-specific confirmation of an event date/window and mapped locality before promotion.,FLOOD_EVIDENCE_NEEDS_DATE,Full ReliefWeb page text was extracted into this audit. It is not promoted until its event date/window and footprint are explicitly reconciled with the audited catalogue; report/update dates must not be used as event dates.
relief_web-datasets/MDRCM029dfr.pdf,14,Maroua; Mayo Danay; Mayo Kani,"Cameroon Floods | support provided by the IFRC office in Maroua and the surge deployment, the IFRC | Mayo Danay | (Mayo Kani). | In addition, information on the floods in Mayo Kani and Mayo Danay",FLOOD_EVIDENCE_NEEDS_DATE,Full source page extracted. Requires human/source-specific confirmation of an event date/window and mapped locality before promotion.,FLOOD_EVIDENCE_NEEDS_DATE,Full ReliefWeb page text was extracted into this audit. It is not promoted until its event date/window and footprint are explicitly reconciled with the audited catalogue; report/update dates must not be used as event dates.
relief_web-datasets/MDRCM029dfr.pdf,15,Mayo Danay; Maroua; Diamaré; Mayo Kani,"Cameroon Floods | Two lessons learned workshops were conducted in Mayo Danay and M | of headquarters and IFRC staff. The focus was on flood preparedness, response and recovery activities. | eedback workshop on the results of these two sessions took place on 18 February in Maroua, the capital of the | l Point), local CRC officials (Departmental Presidents of Diamaré, | Danay and Mayo Kani), as well as the Movement's partners, namely the ICRC Cooperation Officer in the Far North | producing a communication plan for the Far North in the event of a disaster, particularly floods. Recommendations | Mayo Kani",FLOOD_EVIDENCE_NEEDS_DATE,Full source page extracted. Requires human/source-specific confirmation of an event date/window and mapped locality before promotion.,FLOOD_EVIDENCE_NEEDS_DATE,Full ReliefWeb page text was extracted into this audit. It is not promoted until its event date/window and footprint are explicitly reconciled with the audited catalogue; report/update dates must not be used as event dates.
relief_web-datasets/MDRCM029do.pdf,1,Diamaré; Maroua,"Œ Cameroon Floods in Far North Region | ginning of floods in July | -Sava, Diamaré, | flooding | flooding every year, | floods | August 2020, causing floods and substantial damage, such as the collapse of a bridge in the city of Maroua, and affecti | -Kani Divisions. Such a geographical extent of floods at this | Floods in Far North Region | CRC volunteers assessing flood damage in the locality of Kai",FLOOD_EVIDENCE_NEEDS_DATE,Full source page extracted. Requires human/source-specific confirmation of an event date/window and mapped locality before promotion.,FLOOD_EVIDENCE_NEEDS_DATE,Full ReliefWeb page text was extracted into this audit. It is not promoted until its event date/window and footprint are explicitly reconciled with the audited catalogue; report/update dates must not be used as event dates.
relief_web-datasets/MDRCM029do.pdf,3,Maga; Yagoua; Maroua,"Œ Cameroon Floods in Far North Region | Rapid assessment of the situation in flooded local | Emergency evacuation of flood victims to the risk | food donated by the President of the Republic in Maga Sub | CRC teams supporting the relocation of flood victims, here | Lessons learned from the 2019 Floods DREF: | onse to the floods in the Mayo | Movement, was also a key recommendation following the 2019 Floods DREF operation; this is why CRC, with | IFRC support, is coordinating the response to the floods in 2020 by sharing da | -Danay (notably Yagoua, Maga, some areas in the locality | istance under the 2019 Floods DR | populations prepare for possible future floods, the areas selected to be targeted by this operation are different | in their response to the floods (details below) | -office in Maroua covering interventions in the",FLOOD_EVIDENCE_NEEDS_DATE,Full source page extracted. Requires human/source-specific confirmation of an event date/window and mapped locality before promotion.,FLOOD_EVIDENCE_NEEDS_DATE,Full ReliefWeb page text was extracted into this audit. It is not promoted until its event date/window and footprint are explicitly reconciled with the audited catalogue; report/update dates must not be used as event dates.
relief_web-datasets/MDRCM029do.pdf,4,Diamaré; Kousseri; Maroua; Diamare; Mora; Maga,"Œ Cameroon Floods in Far North Region | in the development and implementation of the flood response action plan. | through this project, additional assistance dedicated to the floods in the Mayo | -Sava and Diamaré | (in Kousseri, Logone | -Chari and in Maroua | , Diamaré). | -Chari, Diamaré, Mayo | FRC is also present in the Diamaré, | assessment in 8 of the 9 subdivisions of Diamaré for possible assistance through ongoing projects and | flood | table below summarises the mapping of the support anticipated by the Movement partners in response to the floods | Diamare | -hand assessment and support to local authorities. On 5 September, on the Maroua | - Mora road, the | roua 1,2,3 district councils and Pete subdivision in Diamaré; in | -Danay (Kaikai, Gobo, Maga);",FLOOD_EVIDENCE_NEEDS_DATE,Full source page extracted. Requires human/source-specific confirmation of an event date/window and mapped locality before promotion.,FLOOD_EVIDENCE_NEEDS_DATE,Full ReliefWeb page text was extracted into this audit. It is not promoted until its event date/window and footprint are explicitly reconciled with the audited catalogue; report/update dates must not be used as event dates.
relief_web-datasets/MDRCM029do.pdf,5,Diamaré,"Œ Cameroon Floods in Far North Region | regularly attend coordination meetings on the floods. | -Kani, Diamaré and | of cultivated land flooded, dozens of collapsed latrines and water points destroyed or | contaminated by water across the entire flooded land. | flooded | 7 / 901 / Diamaré | initial assessments, the floods are also having humanitarian consequences affecting several sectors. | ): As the floods did not occur everywhere with the same impact and | gs from flood waters.  Consequently, and according to field data, th",FLOOD_EVIDENCE_NEEDS_DATE,Full source page extracted. Requires human/source-specific confirmation of an event date/window and mapped locality before promotion.,FLOOD_EVIDENCE_NEEDS_DATE,Full ReliefWeb page text was extracted into this audit. It is not promoted until its event date/window and footprint are explicitly reconciled with the audited catalogue; report/update dates must not be used as event dates.
relief_web-datasets/MDRCM029do.pdf,6,Diamaré; Mayo-Danay; Mayo-Kani,"Œ Cameroon Floods in Far North Region | o lack of basic hygiene and promiscuity. Moreover, flood victims continue to need care for | : Households displaced by the floods som | unaccompanied minors lost their families in the floods, and some children are now orpha | The floods are aggravating an already critical food situation in the Far | that have now been devastated by the floods. At least 17,656 hectares of crops and 7,959 livestock were | -Chari, Diamaré divisions and a few localities in | are less well prepared for flooding and less resilient. | 019 floods, and | about half returned to their villages of origin. Those displaced prior to the 2020 floods as well as those displaced as a | Mayo-Danay | Mayo-Kani:",FLOOD_EVIDENCE_NEEDS_DATE,Full source page extracted. Requires human/source-specific confirmation of an event date/window and mapped locality before promotion.,FLOOD_EVIDENCE_NEEDS_DATE,Full ReliefWeb page text was extracted into this audit. It is not promoted until its event date/window and footprint are explicitly reconciled with the audited catalogue; report/update dates must not be used as event dates.
relief_web-datasets/MDRCM029do.pdf,7,Mayo-Kani,Œ Cameroon Floods in Far North Region | Mayo-Kani,FLOOD_EVIDENCE_NEEDS_DATE,Full source page extracted. Requires human/source-specific confirmation of an event date/window and mapped locality before promotion.,FLOOD_EVIDENCE_NEEDS_DATE,Full ReliefWeb page text was extracted into this audit. It is not promoted until its event date/window and footprint are explicitly reconciled with the audited catalogue; report/update dates must not be used as event dates.
relief_web-datasets/MDRCM029do.pdf,10,Kousseri,Œ Cameroon Floods in Far North Region | -positioned in their warehouse in Kousseri to CRC | construction/supporting materials adapted to local conditions and flooding. These households will also be,FLOOD_EVIDENCE_NEEDS_DATE,Full source page extracted. Requires human/source-specific confirmation of an event date/window and mapped locality before promotion.,FLOOD_EVIDENCE_NEEDS_DATE,Full ReliefWeb page text was extracted into this audit. It is not promoted until its event date/window and footprint are explicitly reconciled with the audited catalogue; report/update dates must not be used as event dates.
relief_web-datasets/MDRCM029do.pdf,11,Maroua,Œ Cameroon Floods in Far North Region | -day session will be facilitated by the staff of the IFRC office in Maroua,FLOOD_EVIDENCE_NEEDS_DATE,Full source page extracted. Requires human/source-specific confirmation of an event date/window and mapped locality before promotion.,FLOOD_EVIDENCE_NEEDS_DATE,Full ReliefWeb page text was extracted into this audit. It is not promoted until its event date/window and footprint are explicitly reconciled with the audited catalogue; report/update dates must not be used as event dates.
relief_web-datasets/MDRCM029do.pdf,14,Maroua,Œ Cameroon Floods in Far North Region | provides briefings to staff and monitors travel outside Maroua. Consulta,FLOOD_EVIDENCE_NEEDS_DATE,Full source page extracted. Requires human/source-specific confirmation of an event date/window and mapped locality before promotion.,FLOOD_EVIDENCE_NEEDS_DATE,Full ReliefWeb page text was extracted into this audit. It is not promoted until its event date/window and footprint are explicitly reconciled with the audited catalogue; report/update dates must not be used as event dates.
relief_web-datasets/MDRCM029do.pdf,22,Maroua,Œ Cameroon Floods in Far North Region | floods) both at national (Yao | undé) and regional level (Maroua) | ovement coordination meetings on this flood,FLOOD_EVIDENCE_NEEDS_DATE,Full source page extracted. Requires human/source-specific confirmation of an event date/window and mapped locality before promotion.,FLOOD_EVIDENCE_NEEDS_DATE,Full ReliefWeb page text was extracted into this audit. It is not promoted until its event date/window and footprint are explicitly reconciled with the audited catalogue; report/update dates must not be used as event dates.
relief_web-datasets/MDRCM044EAP  (1).pdf,2,Yagoua; Kousseri; Zina; Maga; Maroua,"of the Cameroon Red Cross Red Cross River Flood Early | (EAP) targets recurrent river flooding in the Far North | Danay (Yagoua, Kaï | (Kousseri, Zina). | This region, located in the Sahelian zone, is prone to recurrent flooding from the Logone River and Lake Maga, | with an average return period of five years. These floods regularly lead to loss of life, displacement, destruction | 653,780 homes destroyed, 163,047 hectares of fields flooded, and 18,916 livestock lost. In October 2024, more | identified in Maroua, Kaï | Kaï and Kousseri.",FLOOD_EVIDENCE_NEEDS_DATE,Full source page extracted. Requires human/source-specific confirmation of an event date/window and mapped locality before promotion.,FLOOD_EVIDENCE_NEEDS_DATE,Full ReliefWeb page text was extracted into this audit. It is not promoted until its event date/window and footprint are explicitly reconciled with the audited catalogue; report/update dates must not be used as event dates.
relief_web-datasets/MDRCM044EAP  (1).pdf,3,Yagoua; Kousseri; Zina; Diamaré; Maga,"Kaï, Yagoua, Vélé, Kousseri and Zina). These teams are | Kani, Diamaré, | River flooding: the pre | anticipated impact on Yagoua | Massakoudwaita station, which left an operational margin of 4 days before the overflow in the Yagoua/Kai | (2) Lake Maga Axis | Reservoir Overflow: Triggered when the Vric station (connected to Lake Maga) records | he Kousseri plains, with a 9 | The selection of target households is based on proximity to flood | he districts of Kousseri, Zina (Logone | Chari) and Yagoua, Kaï | 1. EMERGENCY SHELTERS: Distribution of emergency shelter kits to 600 vulnerable households (Kousseri, Zina, | Yagoua, Kaï",FLOOD_EVIDENCE_NEEDS_DATE,Full source page extracted. Requires human/source-specific confirmation of an event date/window and mapped locality before promotion.,FLOOD_EVIDENCE_NEEDS_DATE,Full ReliefWeb page text was extracted into this audit. It is not promoted until its event date/window and footprint are explicitly reconciled with the audited catalogue; report/update dates must not be used as event dates.
relief_web-datasets/MDRCM044EAP  (1).pdf,4,Yagoua; Kousseri; Zina,"based early warnings of flood risks, broadcast through | reinforcement of protective dikes using local materials will help prevent flooding of homes and critical | areas of Yagoua, Kaï | Kai, Kousseri and Zina",FLOOD_EVIDENCE_NEEDS_DATE,Full source page extracted. Requires human/source-specific confirmation of an event date/window and mapped locality before promotion.,FLOOD_EVIDENCE_NEEDS_DATE,Full ReliefWeb page text was extracted into this audit. It is not promoted until its event date/window and footprint are explicitly reconciled with the audited catalogue; report/update dates must not be used as event dates.
relief_web-datasets/MDRCM044EAP .pdf,2,Yagoua; Kousseri; Zina; Maga; Maroua,"of the Cameroon Red Cross Red Cross River Flood Early | (EAP) targets recurrent river flooding in the Far North | Danay (Yagoua, Kaï | (Kousseri, Zina). | This region, located in the Sahelian zone, is prone to recurrent flooding from the Logone River and Lake Maga, | with an average return period of five years. These floods regularly lead to loss of life, displacement, destruction | 653,780 homes destroyed, 163,047 hectares of fields flooded, and 18,916 livestock lost. In October 2024, more | identified in Maroua, Kaï | Kaï and Kousseri.",FLOOD_EVIDENCE_NEEDS_DATE,Full source page extracted. Requires human/source-specific confirmation of an event date/window and mapped locality before promotion.,FLOOD_EVIDENCE_NEEDS_DATE,Full ReliefWeb page text was extracted into this audit. It is not promoted until its event date/window and footprint are explicitly reconciled with the audited catalogue; report/update dates must not be used as event dates.
relief_web-datasets/MDRCM044EAP .pdf,3,Yagoua; Kousseri; Zina; Diamaré; Maga,"Kaï, Yagoua, Vélé, Kousseri and Zina). These teams are | Kani, Diamaré, | River flooding: the pre | anticipated impact on Yagoua | Massakoudwaita station, which left an operational margin of 4 days before the overflow in the Yagoua/Kai | (2) Lake Maga Axis | Reservoir Overflow: Triggered when the Vric station (connected to Lake Maga) records | he Kousseri plains, with a 9 | The selection of target households is based on proximity to flood | he districts of Kousseri, Zina (Logone | Chari) and Yagoua, Kaï | 1. EMERGENCY SHELTERS: Distribution of emergency shelter kits to 600 vulnerable households (Kousseri, Zina, | Yagoua, Kaï",FLOOD_EVIDENCE_NEEDS_DATE,Full source page extracted. Requires human/source-specific confirmation of an event date/window and mapped locality before promotion.,FLOOD_EVIDENCE_NEEDS_DATE,Full ReliefWeb page text was extracted into this audit. It is not promoted until its event date/window and footprint are explicitly reconciled with the audited catalogue; report/update dates must not be used as event dates.
relief_web-datasets/MDRCM044EAP .pdf,4,Yagoua; Kousseri; Zina,"based early warnings of flood risks, broadcast through | reinforcement of protective dikes using local materials will help prevent flooding of homes and critical | areas of Yagoua, Kaï | Kai, Kousseri and Zina",FLOOD_EVIDENCE_NEEDS_DATE,Full source page extracted. Requires human/source-specific confirmation of an event date/window and mapped locality before promotion.,FLOOD_EVIDENCE_NEEDS_DATE,Full ReliefWeb page text was extracted into this audit. It is not promoted until its event date/window and footprint are explicitly reconciled with the audited catalogue; report/update dates must not be used as event dates.
relief_web-datasets/Note d'information n°2_Inondations_Extreme Nord_19092024.pdf,1,Logone et Chari; Diamaré; Blangoua; Yagoua,"inondations dans | Logone et Chari | , Diamaré | inondés et | inondations ce | continuent à causer des inondations | inondations fluviales | personnes touchées par les inondations dans les | ont été inondés | considérée comme présentant un risque élevé d'inondation fluviale dans les semaines à venir. | Logone et Chari | arrondissement de Blangoua où plus de | Au total, 262 écoles primaires et secondaires dans 18 arrondissements du Logone et Chari (09) et Mayo | Un quartier de Yagoua inondé.",FLOOD_EVIDENCE_NEEDS_DATE,Full source page extracted. Requires human/source-specific confirmation of an event date/window and mapped locality before promotion.,FLOOD_EVIDENCE_NEEDS_DATE,Full ReliefWeb page text was extracted into this audit. It is not promoted until its event date/window and footprint are explicitly reconciled with the audited catalogue; report/update dates must not be used as event dates.
relief_web-datasets/Note d'information n°2_Inondations_Extreme Nord_19092024.pdf,2,Maga; Blangoua; Maroua; Yagoua,"A Maga dans le Mayo | inondations | à Blangoua du fait | des inondations | aux inondations | Le 13 septembre, le ministre de la Santé publique a dirigé une réunion à Maroua visant à évaluer les dommages | causés par les inondations dans la région de l'Extrême | à 3 700 personnes vivantes à Yagoua, soit 450 ménages. | sites de relocalisation à Yagoua | Maga qui | inondations | Dabang à Yagoua accueille 500 personnes dans 90 tentes (un ancien don de 2022) | assurer le flux d'informations sur la situation des inondations et | lieu à Yagoua le 11 | 2024 et à Maga le 19 | A Maga, l | inondations",FLOOD_EVIDENCE_NEEDS_DATE,Full source page extracted. Requires human/source-specific confirmation of an event date/window and mapped locality before promotion.,FLOOD_EVIDENCE_NEEDS_DATE,Full ReliefWeb page text was extracted into this audit. It is not promoted until its event date/window and footprint are explicitly reconciled with the audited catalogue; report/update dates must not be used as event dates.
relief_web-datasets/Note d'information n°2_Inondations_Extreme Nord_19092024.pdf,3,Blangoua; Zina; Logone et Chari; Mokolo,"a dégradation avancée des axes routiers (inondations des routes, chaussée boueuse, risque | Blangoua | , Zina | dans le département du Logone et Chari, ne sont accessibles que par bateau, tandis que d'autres | l'exception de Mokolo, sont exposés à des risques d'inondations fluviales | Blangoua, par exemple, où plu | personnes sont affectées par les inondations, seulement 13 partenaires | au fait que certaines zones inondées ne sont pas",FLOOD_EVIDENCE_NEEDS_DATE,Full source page extracted. Requires human/source-specific confirmation of an event date/window and mapped locality before promotion.,FLOOD_EVIDENCE_NEEDS_DATE,Full ReliefWeb page text was extracted into this audit. It is not promoted until its event date/window and footprint are explicitly reconciled with the audited catalogue; report/update dates must not be used as event dates.
relief_web-datasets/Note d'informat°_Inondations_Ext reme Nord_au 11 novembre 2024.pdf,1,Logone et Chari; Diamaré,"par les inondations | Logone et Chari, Mayo | Danay, Diamaré, Mayo | inondés | inondations touchant les départements | Diamaré, | inondations dans les | Tsanaga, Diamaré, et | ont été inondés | Carte des localités inondées dans la région de l'Extrême",FLOOD_EVIDENCE_NEEDS_DATE,Full source page extracted. Requires human/source-specific confirmation of an event date/window and mapped locality before promotion.,FLOOD_EVIDENCE_NEEDS_DATE,Full ReliefWeb page text was extracted into this audit. It is not promoted until its event date/window and footprint are explicitly reconciled with the audited catalogue; report/update dates must not be used as event dates.
relief_web-datasets/Note d'informat°_Inondations_Ext reme Nord_au 11 novembre 2024.pdf,2,Logone et Chari; Yagoua; Maga; Makary; Zina; Blangoua; Kousseri; Mayo Danay,"arrondissements du Logone et Chari | ont été affectées par les inondations | sont inondés | et le Logone et Chari | à Yagoua | Maga ( | Yagoua | Dans le Logone et Chari | Makary | site à Zina | par les inondations | dans les localités de Blangoua, Makary, Logone Birni, Zina, Goulgey, Hilé | Alifa, Kousseri dans le département du Logone | et Chari, et Yagoua, Maga, | Kaï, Guéré dans le département du Mayo Danay. | le nombre de structures éducatives affectées par les inondations, dont 173 dans le Mayo | Danay et 89 dans le Logone et Chari | Logone et Chari (Makary | Zina | Makary, | Kousseri | (Yagoua | Maga",FLOOD_EVIDENCE_NEEDS_DATE,Full source page extracted. Requires human/source-specific confirmation of an event date/window and mapped locality before promotion.,FLOOD_EVIDENCE_NEEDS_DATE,Full ReliefWeb page text was extracted into this audit. It is not promoted until its event date/window and footprint are explicitly reconciled with the audited catalogue; report/update dates must not be used as event dates.
relief_web-datasets/Note d'informat°_Inondations_Ext reme Nord_au 11 novembre 2024.pdf,3,Logone et Chari; Makary; Blangoua; Zina; Yagoua; Maga; Kousseri; Fotokol,"été inondés | inondations | notamment dans le Logone et Chari | Makary | (Logone et Chari) | des inondations et des facteurs contributifs liés à l'accès limité aux services sociaux de | personnes) dans les départements du Logone et Chari | (Blangoua, Makary, Logone Birni, Goulfey | , Zina, Kousséri | Danay (Yagoua, Maga, Kaï | le Logone et Chari | Blangoua | et Kousseri | été prépositionnés à Kousseri. | Goulfey, Zina, | Fotokol | à Yagoua",FLOOD_EVIDENCE_NEEDS_DATE,Full source page extracted. Requires human/source-specific confirmation of an event date/window and mapped locality before promotion.,FLOOD_EVIDENCE_NEEDS_DATE,Full ReliefWeb page text was extracted into this audit. It is not promoted until its event date/window and footprint are explicitly reconciled with the audited catalogue; report/update dates must not be used as event dates.
relief_web-datasets/Note d'informat°_Inondations_Ext reme Nord_au 11 novembre 2024.pdf,4,Logone et Chari,"a dégradation avancée des axes routiers (inondations des routes, chaussée | Logone et Chari | La collecte des données dans un contexte dynamique tel que celui des inondations",FLOOD_EVIDENCE_NEEDS_DATE,Full source page extracted. Requires human/source-specific confirmation of an event date/window and mapped locality before promotion.,FLOOD_EVIDENCE_NEEDS_DATE,Full ReliefWeb page text was extracted into this audit. It is not promoted until its event date/window and footprint are explicitly reconciled with the audited catalogue; report/update dates must not be used as event dates.
relief_web-datasets/OCHA_SITREP_Extreme-Nord _ août 2023 final.pdf,2,Logone et Chari,nt du Logone et Chari. Les pluies abondantes et | aux inondations | fuyant les inondations au Tchad | inondations,FLOOD_EVIDENCE_NEEDS_DATE,Full source page extracted. Requires human/source-specific confirmation of an event date/window and mapped locality before promotion.,FLOOD_EVIDENCE_NEEDS_DATE,Full ReliefWeb page text was extracted into this audit. It is not promoted until its event date/window and footprint are explicitly reconciled with the audited catalogue; report/update dates must not be used as event dates.
relief_web-datasets/OCHA_SITREP_Extreme-Nord _ août 2023 final.pdf,3,Makary; Yagoua; Mora; Maga; Diamaré; Logone et Chari; Maroua; Mokolo; Kousseri; Fotokol,"dans les localités de Méri, Makary, Yagoua, Mora, Pette, Mindif, Maga et Mourla | u Diamaré, | Logone et Chari et Mayo | aux sinistrés des inondations | Tsanaga, Logone et Chari et Diamaré | Maroua, | Logone et Chari. | les inondations. | communes de Mokolo, Mora et | Maga | dans les communes de Maga, Mora, Bogo, Koza, Meri, Kolofata, Mokolo, Maroua 1 et 2, Kousseri, Logone | Birni, Makary. Les activités de sensibili | communes de Maga, Makary, Fotokol, Hile | Birni, Mokolo et Mayo | de Mokolo, Mora",FLOOD_EVIDENCE_NEEDS_DATE,Full source page extracted. Requires human/source-specific confirmation of an event date/window and mapped locality before promotion.,FLOOD_EVIDENCE_NEEDS_DATE,Full ReliefWeb page text was extracted into this audit. It is not promoted until its event date/window and footprint are explicitly reconciled with the audited catalogue; report/update dates must not be used as event dates.
relief_web-datasets/OCHA_SITREP_Extreme-Nord _ août 2023 final.pdf,5,Mokolo; Makary; Mora; Fotokol; Logone et Chari; Kousseri; Maroua,"sinistrés des inondations | arrondissements de Mokolo, Makary, Bogo, Mora, Fotokol et Waza | Logone et Chari | villes de Kousseri, Maroua et Mokolo. | département du Logone et Chari",FLOOD_EVIDENCE_NEEDS_DATE,Full source page extracted. Requires human/source-specific confirmation of an event date/window and mapped locality before promotion.,FLOOD_EVIDENCE_NEEDS_DATE,Full ReliefWeb page text was extracted into this audit. It is not promoted until its event date/window and footprint are explicitly reconciled with the audited catalogue; report/update dates must not be used as event dates.
relief_web-datasets/OCHA_SITREP_Extrême Nord_Novembre 2023 inputs VF.pdf,1,Blangoua; Logone et Chari; Maroua; Kousseri; Mora,inond | à Blangoua dans le | humanitaires dans le Logone et Chari | novembre à Maroua | Sava et Logone et Chari | Maroua et | Kousseri. | Le département du Logone et Chari a été le plus touché | es inondations | à Blangoua | arrondissement de Mora | inondés | Deux de trois centres de santé inondés ne sont,FLOOD_EVIDENCE_NEEDS_DATE,Full source page extracted. Requires human/source-specific confirmation of an event date/window and mapped locality before promotion.,FLOOD_EVIDENCE_NEEDS_DATE,Full ReliefWeb page text was extracted into this audit. It is not promoted until its event date/window and footprint are explicitly reconciled with the audited catalogue; report/update dates must not be used as event dates.
relief_web-datasets/OCHA_SITREP_Extrême Nord_Novembre 2023 inputs VF.pdf,2,Logone et Chari; Maroua; Kousseri; Mora; Mayo Sava; Mayo Tsanaga; Mokolo,"Le Groupe de Travail Inondation planifie une évaluation multi sectorielle des besoins, bien | Danay et du Logone et Chari | L'axe Maroua | inondations | Maroua | Kousseri | (Logone et Chari) | individuel et de groupes dans les localités de Mora, Meri et Logone Birni, au cours desquelles | 48 personnes dans la localité de Mora. | Chari, Mayo Sava et Mayo Tsanaga | et Mokolo, ainsi que des supplémentations en fer acide folique pour 39 081 femmes enceintes dans les districts de la",FLOOD_EVIDENCE_NEEDS_DATE,Full source page extracted. Requires human/source-specific confirmation of an event date/window and mapped locality before promotion.,FLOOD_EVIDENCE_NEEDS_DATE,Full ReliefWeb page text was extracted into this audit. It is not promoted until its event date/window and footprint are explicitly reconciled with the audited catalogue; report/update dates must not be used as event dates.
relief_web-datasets/OCHA_SITREP_Extrême Nord_juillet 2024.pdf,1,Diamaré; Mokolo; Mayo Tsanaga; Mayo Sava; Logone et Chari,"Des pluies torrentielles ont provoqué des inondations, affectant | Diamaré et Mayo | inondations, notamment dans les arrondissements de Ndoukoula dans le Diamaré et Mokolo dans le Mayo Tsanaga. | , inondé 6 points d™eau, endommagé | . A Mokolo, les populations hôtes ont apporté le premier secours | Inondation | Tsanaga, Mayo Sava et Logone et Chari. En juillet, 118 incidents sécuritaires ont été enregistrés avec un bilan de",FLOOD_EVIDENCE_NEEDS_DATE,Full source page extracted. Requires human/source-specific confirmation of an event date/window and mapped locality before promotion.,FLOOD_EVIDENCE_NEEDS_DATE,Full ReliefWeb page text was extracted into this audit. It is not promoted until its event date/window and footprint are explicitly reconciled with the audited catalogue; report/update dates must not be used as event dates.
relief_web-datasets/OCHA_SITREP_Extrême Nord_juillet 2024.pdf,3,Blangoua; Mokolo; Diamaré; Maroua; Makary; Mora; Maga; Zina; Yagoua; Logone et Chari; Mayo Sava; Mayo Tsanaga,"-Alifa, Logone Birni et Blangoua), du Mayo | -Tsanaga (Mokolo, | du Diamaré (Maroua 2 | Dans les sites et communautés de Mokolo, Logone | -Birni, Makary, Hile | Blangoua, et | personnes dans les sites PDI et les communautés de Makary, Mokolo, Koza, Kolofata, Mozogo, Maroua 2, camp de | -Alifa, Blangoua, Logone | pour les populations nouvellement déplacées dans les communes de Mokolo, Mozogo, Hile | -Alifa, Blangoua, Kolofata, Mora, Vélé et Koza | aux inondations telles que | Makari, Maga, | Blangoua, Zina, Gobo, Yagoua | le Logone et Chari enregistre 471 incidents, le Mayo Sava 490 | le Mayo Tsanaga 364",FLOOD_EVIDENCE_NEEDS_DATE,Full source page extracted. Requires human/source-specific confirmation of an event date/window and mapped locality before promotion.,FLOOD_EVIDENCE_NEEDS_DATE,Full ReliefWeb page text was extracted into this audit. It is not promoted until its event date/window and footprint are explicitly reconciled with the audited catalogue; report/update dates must not be used as event dates.
relief_web-datasets/OCHA_SITREP_Extrême Nord_juillet 2024.pdf,4,Yagoua; Mayo Danay; Maroua; Kousseri,"a eu lieu le 17 juillet à Yagoua afin de participer à la réunion du Comité mixte | départemental chargé des inondations présidées | par le préfet du Mayo Danay. Les autorités ont présenté l™état des | ont été organisées à Maroua et Kousseri | La formation sur la coordination et la gestion de l™information organisée par OCHA à Maroua | et Kousseri | OCHA Maroua,",FLOOD_EVIDENCE_NEEDS_DATE,Full source page extracted. Requires human/source-specific confirmation of an event date/window and mapped locality before promotion.,FLOOD_EVIDENCE_NEEDS_DATE,Full ReliefWeb page text was extracted into this audit. It is not promoted until its event date/window and footprint are explicitly reconciled with the audited catalogue; report/update dates must not be used as event dates.
relief_web-datasets/OCHA_SITREP_Extrême Nord_septembre 2024.pdf,1,Mayo-Tsanaga; Logone et Chari; Yagoua,"Mayo-Tsanaga | par les inondations dans | Les inondations | Logone et Chari | de 56 000 maisons, inondé des dizaines de milliers d'hectares de cultures, et causé la perte de milliers | du pont de Yagoua",FLOOD_EVIDENCE_NEEDS_DATE,Full source page extracted. Requires human/source-specific confirmation of an event date/window and mapped locality before promotion.,FLOOD_EVIDENCE_NEEDS_DATE,Full ReliefWeb page text was extracted into this audit. It is not promoted until its event date/window and footprint are explicitly reconciled with the audited catalogue; report/update dates must not be used as event dates.
relief_web-datasets/OCHA_SITREP_Extrême Nord_septembre 2024.pdf,2,Logone et Chari; Yagoua; Kousseri; Blangoua; Zina; Maga; Darak; Makary; Mokolo,"-Tsanaga et Logone et Chari | inondations | pont de Yagoua | Kousseri | Les inondations dans un contexte de déplacements continus causés par l™insécurité | 1 606 personnes affectées par les inondations dans le Mayo | L'accès aux localités affectées reste difficile en raison de l™état des routes inondées et | tant pour les inondations que pour les crises liées aux conflits. Il est nécessaire de | Les inondations ont perturbé la rentrée scolaire dans la région | de Blangoua | Logone et Chari, le ratio d'écoles inondées s'élève | Kousseri | -Birni, Zina, Maga et Yagoua, de | par les inondations | dans les arrondissements de Blangoua, Darak, Kousséri, Logone | Makary, Waza et Zina | -Birni, Makary, Mokolo et Pette.",FLOOD_EVIDENCE_NEEDS_DATE,Full source page extracted. Requires human/source-specific confirmation of an event date/window and mapped locality before promotion.,FLOOD_EVIDENCE_NEEDS_DATE,Full ReliefWeb page text was extracted into this audit. It is not promoted until its event date/window and footprint are explicitly reconciled with the audited catalogue; report/update dates must not be used as event dates.
relief_web-datasets/OCHA_SITREP_Extrême Nord_septembre 2024.pdf,3,Yagoua; Maga; Blangoua; Mokolo; Logone et Chari; Mora,"inondation | inondations dans les communes de Vélé et de Yagoua. Cette distribution a été | 25 latrines d'urgence pour 2 500 personnes déplacées dans les sites de Maga, | Yagoua, Blangoua | dans les zones affectées par les inondations | Mokolo, Mozogo et Blangoua. Par ailleurs, 67 latrines ont été construites, offrant des installations sanitaires à 2 850 | réponse aux inondation | -Danay, du Logone et Chari, et du Mayo | es dans les communes de Mokolo, Mozogo, Hile | Blangoua, Kolofata, Mora, Vélé, et Koza | Les inondations ont | %). Le Logone et Chari a été le département | inondations | et les inondations, ont été évalués, orientés vers les services adaptés (santé, éducation,",FLOOD_EVIDENCE_NEEDS_DATE,Full source page extracted. Requires human/source-specific confirmation of an event date/window and mapped locality before promotion.,FLOOD_EVIDENCE_NEEDS_DATE,Full ReliefWeb page text was extracted into this audit. It is not promoted until its event date/window and footprint are explicitly reconciled with the audited catalogue; report/update dates must not be used as event dates.
relief_web-datasets/OCHA_SITREP_Extrême Nord_septembre 2024.pdf,4,Logone et Chari; Mokolo; Mayo Tsanaga,"Les inondations ont | affectées par les inondations | personnes, dont 1 771 femmes et 438 hommes, affectées par les inondations et les | et des filles affectées par les inondations dans les départements du Logone et Chari et du Mayo | -Godji et Mokolo dans le Mayo | -Godji et Mokolo dans le Mayo Tsanaga. Une formation sur la | femmes) à Mokolo, dans le Mayo",FLOOD_EVIDENCE_NEEDS_DATE,Full source page extracted. Requires human/source-specific confirmation of an event date/window and mapped locality before promotion.,FLOOD_EVIDENCE_NEEDS_DATE,Full ReliefWeb page text was extracted into this audit. It is not promoted until its event date/window and footprint are explicitly reconciled with the audited catalogue; report/update dates must not be used as event dates.
relief_web-datasets/OCHA_SITREP_Extrême Nord_septembre 2024.pdf,5,Maga; Yagoua; Mora; Kousseri; Mokolo; Maroua,"paix à destination de 854 élèves et 1 002 personnes déplacés internes à Bogo et Maga. | à Yagoua | inondations | aux inondation | à Maga le 19 septembre 2024, sous la coordination | La taskforce inondation | aux inondations | ont été organisées à Mora, | Kousseri et Mokolo avec l™appui de | , OCHA Maroua,",FLOOD_EVIDENCE_NEEDS_DATE,Full source page extracted. Requires human/source-specific confirmation of an event date/window and mapped locality before promotion.,FLOOD_EVIDENCE_NEEDS_DATE,Full ReliefWeb page text was extracted into this audit. It is not promoted until its event date/window and footprint are explicitly reconciled with the audited catalogue; report/update dates must not be used as event dates.
relief_web-datasets/Rapport_Cameroun_Extreme-Nord_DTM_RD17_FR_Final.pdf,31,Makary; Diamaré,"Makary | inondations | dans le Diamaré, | Diamaré",FLOOD_EVIDENCE_NEEDS_DATE,Full source page extracted. Requires human/source-specific confirmation of an event date/window and mapped locality before promotion.,FLOOD_EVIDENCE_NEEDS_DATE,Full ReliefWeb page text was extracted into this audit. It is not promoted until its event date/window and footprint are explicitly reconciled with the audited catalogue; report/update dates must not be used as event dates.
relief_web-datasets/Rapport_Cameroun_Extreme-Nord_DTM_RD17_FR_Final.pdf,36,Diamaré; Logone-Et-Chari; Mayo-Danay; Mayo-Kani; Mayo-Sava; Mayo-Tsanaga,Dans les départements du Diamaré | suite aux inondations subies au | Diamaré | Logone-Et-Chari | Mayo-Danay | Mayo-Kani | Mayo-Sava | Mayo-Tsanaga,FLOOD_EVIDENCE_NEEDS_DATE,Full source page extracted. Requires human/source-specific confirmation of an event date/window and mapped locality before promotion.,FLOOD_EVIDENCE_NEEDS_DATE,Full ReliefWeb page text was extracted into this audit. It is not promoted until its event date/window and footprint are explicitly reconciled with the audited catalogue; report/update dates must not be used as event dates.
relief_web-datasets/Report CMR DTM15 Far North_En_Version_revised.pdf,27,DIAMARÉ; Maroua; Diamaré; Blangoua; Zina; Makary; Fotokol,"DIAMARÉ | The greatest concentration of IDPs was in the districts of Maroua III (2,137 | In Diamaré, the majority of households (543 or 58%) live in rented homes, 317 | (district of Blangoua), left due to floods | and went to Zina. Moreover, 850 IDPs | Makary Centre | some departures from the districts of Makary | rned either to Chad or Fotokol. | in the districts of Makary (49 279 individuals), Kousséri | (19 884 individuals), Fotokol (15 | individuals) et Blangoua (7 031 individuals).",FLOOD_EVIDENCE_NEEDS_DATE,Full source page extracted. Requires human/source-specific confirmation of an event date/window and mapped locality before promotion.,FLOOD_EVIDENCE_NEEDS_DATE,Full ReliefWeb page text was extracted into this audit. It is not promoted until its event date/window and footprint are explicitly reconciled with the audited catalogue; report/update dates must not be used as event dates.
relief_web-datasets/Report CMR DTM15 Far North_En_Version_revised.pdf,31,Diamaré,"displaced due to conflicts, whereas only 11% have been displaced because of floods. Refugees represent | Diamaré (19), 93% | Diamaré",FLOOD_EVIDENCE_NEEDS_DATE,Full source page extracted. Requires human/source-specific confirmation of an event date/window and mapped locality before promotion.,FLOOD_EVIDENCE_NEEDS_DATE,Full ReliefWeb page text was extracted into this audit. It is not promoted until its event date/window and footprint are explicitly reconciled with the audited catalogue; report/update dates must not be used as event dates.
relief_web-datasets/Report CMR DTM15 Far North_En_Version_revised.pdf,34,Diamaré; Mora; Logone-Et-Chari; Mayo-Danay; Mayo-Kani; Mayo-Sava; Mayo-Tsanaga,"In the departments of Diamaré, Lo | have been displaced because of floods | towards Mora. | Diamaré | Logone-Et-Chari | Mayo-Danay | Mayo-Kani | Mayo-Sava | Mayo-Tsanaga | Diamaré",FLOOD_EVIDENCE_NEEDS_DATE,Full source page extracted. Requires human/source-specific confirmation of an event date/window and mapped locality before promotion.,FLOOD_EVIDENCE_NEEDS_DATE,Full ReliefWeb page text was extracted into this audit. It is not promoted until its event date/window and footprint are explicitly reconciled with the audited catalogue; report/update dates must not be used as event dates.
relief_web-datasets/Report CMR DTM15 Far North_En_Version_revised.pdf,36,DIAMARÉ; Diamaré; Maroua; Fotokol; Makary; Darak,"DIAMARÉ | Diamaré hosts 253 out | (Maroua III) and returned to Chad. All the out | While an increase has been recorded in the districts of Fotokol (600 | Gambaru due to insecurity), Makary (504), Darak (145), Hile | , the departure of 8 households of 47 people (Ardeb 2 in Makary, Karama 1 | and Nguewa in Darak) emptied out three villages that used to host some refugees. | been observed since the last round. This displacement has been caused by floods",FLOOD_EVIDENCE_NEEDS_DATE,Full source page extracted. Requires human/source-specific confirmation of an event date/window and mapped locality before promotion.,FLOOD_EVIDENCE_NEEDS_DATE,Full ReliefWeb page text was extracted into this audit. It is not promoted until its event date/window and footprint are explicitly reconciled with the audited catalogue; report/update dates must not be used as event dates.
relief_web-datasets/Report CMR DTM15 Far North_En_Version_revised.pdf,39,Fotokol; Mora; Diamaré,"floods. | numbers of returnees were observed in the following areas: Fotokol Ville ( | has allowed to evaluate two new villages that host some returnees in the district of Mora, | Diamaré",FLOOD_EVIDENCE_NEEDS_DATE,Full source page extracted. Requires human/source-specific confirmation of an event date/window and mapped locality before promotion.,FLOOD_EVIDENCE_NEEDS_DATE,Full ReliefWeb page text was extracted into this audit. It is not promoted until its event date/window and footprint are explicitly reconciled with the audited catalogue; report/update dates must not be used as event dates.
relief_web-datasets/Report CMR DTM15 Far North_En_Version_revised.pdf,47,Yagoua; Mora,"are in the district of Yagoua (1,498 individuals), where displacement had | been caused by floods. The re | f flood victims along the lake by | the Urgent Programme for the Fight Against Floods remain the main | this department, Kolofata (16,133) and Mora (14,364). | Mora (1,775) and Kolofata (1,638), the main reason for which is a return",FLOOD_EVIDENCE_NEEDS_DATE,Full source page extracted. Requires human/source-specific confirmation of an event date/window and mapped locality before promotion.,FLOOD_EVIDENCE_NEEDS_DATE,Full ReliefWeb page text was extracted into this audit. It is not promoted until its event date/window and footprint are explicitly reconciled with the audited catalogue; report/update dates must not be used as event dates.
relief_web-datasets/Report DTM 14 Extreme Nord.pdf,35,Fotokol; Makary; Zina; DIAMARÉ; Diamaré; Maga,"dans les arrondissements de Fotokol | 342), Makary | 732), Zina | DIAMARÉ | Le Diamaré accueille 34 | Dans le Diamaré, | inondations, | déplacement était du aux inondations. | pour la majorité viennent de Maga",FLOOD_EVIDENCE_NEEDS_DATE,Full source page extracted. Requires human/source-specific confirmation of an event date/window and mapped locality before promotion.,FLOOD_EVIDENCE_NEEDS_DATE,Full ReliefWeb page text was extracted into this audit. It is not promoted until its event date/window and footprint are explicitly reconciled with the audited catalogue; report/update dates must not be used as event dates.
relief_web-datasets/Report DTM 14 Extreme Nord.pdf,38,Makary; Maga; Mayo Tsanaga; Diamaré,"Makary, | Makary, | affecté par les inondations. | pour la majorité viennent de Maga (ZIAM) | , Mayo Tsanaga (6 | Diamaré",FLOOD_EVIDENCE_NEEDS_DATE,Full source page extracted. Requires human/source-specific confirmation of an event date/window and mapped locality before promotion.,FLOOD_EVIDENCE_NEEDS_DATE,Full ReliefWeb page text was extracted into this audit. It is not promoted until its event date/window and footprint are explicitly reconciled with the audited catalogue; report/update dates must not be used as event dates.
relief_web-datasets/UNICEF Cameroon Humanitarian Flash Update 1 6Sept24.pdf,1,Diamaré,"Floods are a recurrent phenomenon in Cameroon, mostly impacting the | frequency and severity of these floods. | In 2024, rainfall, and consequently the potential for flooding, was | Tsanaga and Diamaré divisions receiv | In July and August 2024, heavy rains caused flooding in several | affected. The floods resulted in seven deaths and eight injured. Additionally, 1,178 heads of livestock were | flooded, making the return to school for | the flooding has already been reported, but figures are still being consolidated. | her family who were trapped by floods | Overview of flood impact in the Far North, as Of 28 August, OCHA: Cameroun : | Aperçu des inondations (Au 28 août | inondations | Flood snapshot Far North, 28 August 2024, OCHA: | Aperçu des inondations (Au 28 août 2024) | Flood monitoring in the Far North, July 2024. WFP, OCHA, HDX. | FLOODS",FLOOD_EVIDENCE_NEEDS_DATE,Full source page extracted. Requires human/source-specific confirmation of an event date/window and mapped locality before promotion.,FLOOD_EVIDENCE_NEEDS_DATE,Full ReliefWeb page text was extracted into this audit. It is not promoted until its event date/window and footprint are explicitly reconciled with the audited catalogue; report/update dates must not be used as event dates.
relief_web-datasets/UNICEF Cameroon Humanitarian Flash Update 1 6Sept24.pdf,2,Yagoua; Maroua,"The flooding has disrupted an already fragile agricultural season, potentially leading to a prolonged lean | anticipated peak in admission rates in April 2024. Additionally, floods also expose the population to the | sensitize their communities on flood preparedness and provide first aid to those affected. | messages on good hygiene practices to 30 households affected by flooding in Mayo | anaga division. The distribution of essential WASH kits to 500 households in Yagoua, | cholera outbreak, potentially triggered by the floods. | warehouse in Maroua (Far North), to ensure that life | the rainy season, even for displaced people and in areas difficult to access because of the flooding. | respond to the most vulnerable households affected by floods in the Far North in 2024. | that were displaced due to the flooding and identified as vulnerable using the vulnerability",FLOOD_EVIDENCE_NEEDS_DATE,Full source page extracted. Requires human/source-specific confirmation of an event date/window and mapped locality before promotion.,FLOOD_EVIDENCE_NEEDS_DATE,Full ReliefWeb page text was extracted into this audit. It is not promoted until its event date/window and footprint are explicitly reconciled with the audited catalogue; report/update dates must not be used as event dates.
relief_web-datasets/UNICEF Cameroon Humanitarian Situation Report - October 2019 (1).pdf,1,Zina; Mayo Sava,"In initial response to serious flooding in Zina and Kai Kai districts of | Chari, Mayo Sava and Mayo",FLOOD_EVIDENCE_NEEDS_DATE,Full source page extracted. Requires human/source-specific confirmation of an event date/window and mapped locality before promotion.,FLOOD_EVIDENCE_NEEDS_DATE,Full ReliefWeb page text was extracted into this audit. It is not promoted until its event date/window and footprint are explicitly reconciled with the audited catalogue; report/update dates must not be used as event dates.
relief_web-datasets/UNICEF Cameroon Humanitarian Situation Report - October 2019 (1).pdf,3,Zina; Maga; Mayo Danay,"flood | (District of Zina) and | outh of Lake Maga (District of Kaï Kaï) were flooded | Zina (Logone | and Chari), Maga and Kai | Kai (Mayo Danay) including 19,000 displaced according to OCHA | t areas for response.  The flood impact | addition to the flood",FLOOD_EVIDENCE_NEEDS_DATE,Full source page extracted. Requires human/source-specific confirmation of an event date/window and mapped locality before promotion.,FLOOD_EVIDENCE_NEEDS_DATE,Full ReliefWeb page text was extracted into this audit. It is not promoted until its event date/window and footprint are explicitly reconciled with the audited catalogue; report/update dates must not be used as event dates.
relief_web-datasets/UNICEF Cameroon Humanitarian Situation Report - October 2019 (1).pdf,5,Maroua; Zina; Logone et Chari; Mayo Danay; Blangoua; Maga; Kousseri,"was held in Maroua on the 3 | flood that occurred in Zina (Logone et Chari) and Kai | kai (Mayo Danay) | Blangoua, | Maga and Kousseri | continued in Blangoua sub division (with | technical and financial support of UNICEF in Maroua from October 9 to 11, 2019 to elaborate a multisectoral plan to | In response to flooding in | Zina | 730 children) of Zina community.",FLOOD_EVIDENCE_NEEDS_DATE,Full source page extracted. Requires human/source-specific confirmation of an event date/window and mapped locality before promotion.,FLOOD_EVIDENCE_NEEDS_DATE,Full ReliefWeb page text was extracted into this audit. It is not promoted until its event date/window and footprint are explicitly reconciled with the audited catalogue; report/update dates must not be used as event dates.
relief_web-datasets/UNICEF Cameroon Humanitarian Situation Report - October 2019 (1).pdf,6,Blangoua; Mayo Sava; Mayo Tsanaga; Fotokol,"During the month, 94 koranic teachers from Goulfey and Blangoua (40% | In response to the flooding, UNICEF conducted a rapid needs assessment which highlighted that six primary schools | Chari, Mayo Sava and Mayo Tsanaga. Out of | social workers in the villages of Fotokol, Blangoua, Kobro, Gouf",FLOOD_EVIDENCE_NEEDS_DATE,Full source page extracted. Requires human/source-specific confirmation of an event date/window and mapped locality before promotion.,FLOOD_EVIDENCE_NEEDS_DATE,Full ReliefWeb page text was extracted into this audit. It is not promoted until its event date/window and footprint are explicitly reconciled with the audited catalogue; report/update dates must not be used as event dates.
relief_web-datasets/UNICEF Cameroon Humanitarian Situation Report No. 7 - July 2021.pdf,2,Maroua; Mokolo,"floods have compounded the | 2,200 flood | The floods | in Maroua I, Mokolo, Moutourwa and Goulfey health",FLOOD_EVIDENCE_NEEDS_DATE,Full source page extracted. Requires human/source-specific confirmation of an event date/window and mapped locality before promotion.,FLOOD_EVIDENCE_NEEDS_DATE,Full ReliefWeb page text was extracted into this audit. It is not promoted until its event date/window and footprint are explicitly reconciled with the audited catalogue; report/update dates must not be used as event dates.
relief_web-datasets/cameroon_far_north_situation_report_-_august_2021.pdf,3,Maga; Makary; Yagoua; Mora; Mokolo; Diamare; Kousseri,"des aires des DS de Maga, Makary, Yagoua, Mora, Meri, Pette et Mindif sur les | de Mokolo | dans les départements de Diamare, le Mayo | routes inondées | DS de Makary et | Mora | Dans les DS de Mokolo, Goulfey et Kousseri, l",FLOOD_EVIDENCE_NEEDS_DATE,Full source page extracted. Requires human/source-specific confirmation of an event date/window and mapped locality before promotion.,FLOOD_EVIDENCE_NEEDS_DATE,Full ReliefWeb page text was extracted into this audit. It is not promoted until its event date/window and footprint are explicitly reconciled with the audited catalogue; report/update dates must not be used as event dates.
relief_web-datasets/cameroon_far_north_situation_report_-_august_2021.pdf,6,Mokolo; Mora; Makary; Blangoua; Logone et Chari; Maroua,"En assistance aux sinistrés des inondations de | et Mokolo | Mora | Makary, Blangoua | dans le Logone et Chari | du Logone et Chari à Gamakotoko, | , Chargée des Affaires Humanitaires, OCHA Maroua, estelle.akonooundi@un.org",FLOOD_EVIDENCE_NEEDS_DATE,Full source page extracted. Requires human/source-specific confirmation of an event date/window and mapped locality before promotion.,FLOOD_EVIDENCE_NEEDS_DATE,Full ReliefWeb page text was extracted into this audit. It is not promoted until its event date/window and footprint are explicitly reconciled with the audited catalogue; report/update dates must not be used as event dates.
relief_web-datasets/cameroon_humanitarian_bulletin_sept_final.pdf,2,Logone et Chari; Maga; Zina,"FLOODS AFFECT THOUSANDS OF PEOPLE | experiencing flooding | , Logone et Chari and Mayo | flood | in Maga | and Zina | Danay and Logone et Chari divisions are the most | by floods with two people killed and more than 95 | flooded | severely hampered by the floods, impacting the timely delivery of nutrition, food, | ake Maga to break, | flooding in several | flooding in Chad",FLOOD_EVIDENCE_NEEDS_DATE,Full source page extracted. Requires human/source-specific confirmation of an event date/window and mapped locality before promotion.,FLOOD_EVIDENCE_NEEDS_DATE,Full ReliefWeb page text was extracted into this audit. It is not promoted until its event date/window and footprint are explicitly reconciled with the audited catalogue; report/update dates must not be used as event dates.
relief_web-datasets/cameroon_humanitarian_bulletin_sept_final.pdf,3,Logone et Chari,Logone et Chari | and natural disasters such as floods | abundant rainfall resulting in floods.,FLOOD_EVIDENCE_NEEDS_DATE,Full source page extracted. Requires human/source-specific confirmation of an event date/window and mapped locality before promotion.,FLOOD_EVIDENCE_NEEDS_DATE,Full ReliefWeb page text was extracted into this audit. It is not promoted until its event date/window and footprint are explicitly reconciled with the audited catalogue; report/update dates must not be used as event dates.
relief_web-datasets/cd3763en (1).pdf,3,Diamaré; Mayo Danay; Mayo Tsanaga; Mayo Sava,"security (conflict, insecurity, flooding, prolonged drought | (Diamaré, Logone | Chari, Mayo Danay, Mayo | , Mayo Tsanaga and Mayo Sava),",FLOOD_EVIDENCE_NEEDS_DATE,Full source page extracted. Requires human/source-specific confirmation of an event date/window and mapped locality before promotion.,FLOOD_EVIDENCE_NEEDS_DATE,Full ReliefWeb page text was extracted into this audit. It is not promoted until its event date/window and footprint are explicitly reconciled with the audited catalogue; report/update dates must not be used as event dates.
relief_web-datasets/cd3763en.pdf,3,Diamaré; Mayo Danay; Mayo Tsanaga; Mayo Sava,"security (conflict, insecurity, flooding, prolonged drought | (Diamaré, Logone | Chari, Mayo Danay, Mayo | , Mayo Tsanaga and Mayo Sava),",FLOOD_EVIDENCE_NEEDS_DATE,Full source page extracted. Requires human/source-specific confirmation of an event date/window and mapped locality before promotion.,FLOOD_EVIDENCE_NEEDS_DATE,Full ReliefWeb page text was extracted into this audit. It is not promoted until its event date/window and footprint are explicitly reconciled with the audited catalogue; report/update dates must not be used as event dates.
relief_web-datasets/cd3763fr.pdf,3,Diamaré,"inondations, sécheresse prolongée | Nord (Diamaré,",FLOOD_EVIDENCE_NEEDS_DATE,Full source page extracted. Requires human/source-specific confirmation of an event date/window and mapped locality before promotion.,FLOOD_EVIDENCE_NEEDS_DATE,Full ReliefWeb page text was extracted into this audit. It is not promoted until its event date/window and footprint are explicitly reconciled with the audited catalogue; report/update dates must not be used as event dates.
relief_web-datasets/cmr_bulletin_humanitaire_numero_12_v_04.pdf,1,Mayo Sava,fortes inondations. Dans les zones | affectées par les inondations. Plus de 20 | les inondations | Déplacements de populations dans le Mayo Sava.,FLOOD_EVIDENCE_NEEDS_DATE,Full source page extracted. Requires human/source-specific confirmation of an event date/window and mapped locality before promotion.,FLOOD_EVIDENCE_NEEDS_DATE,Full ReliefWeb page text was extracted into this audit. It is not promoted until its event date/window and footprint are explicitly reconciled with the audited catalogue; report/update dates must not be used as event dates.
relief_web-datasets/cmr_bulletin_humanitaire_numero_12_v_04.pdf,2,Maga; Zina,"Les inondations ont forcé certaines familles à se déplacer dans des communes | Maga, Zina, Kai Kai, Logone | Ces inondations sont arrivées quelques semaines seulement avant la sai | monter et il y a un risque fort que les conséquences des inondations soient encor",FLOOD_EVIDENCE_NEEDS_DATE,Full source page extracted. Requires human/source-specific confirmation of an event date/window and mapped locality before promotion.,FLOOD_EVIDENCE_NEEDS_DATE,Full ReliefWeb page text was extracted into this audit. It is not promoted until its event date/window and footprint are explicitly reconciled with the audited catalogue; report/update dates must not be used as event dates.
relief_web-datasets/cmr_exno_viz_snapshotinondations_fr_v8_20220926.pdf,1,Mokolo; Maga; Kousseri; Yagoua; Mayo-Danay; Logone et Chari; Mayo-Tsanaga; Diamaré; Mayo-Sava,"Écoles inondées | Mokolo | Maga | Kousseri | Yagoua | Aperçu des inondations | Au 21 septembre 2022Depuis mi-août 2022, la région de l™Extrême-Nord fait face à des inondations. | Mayo-Danay, 9 000 dans le Logone et Chari, et 1 300 dans le Mayo-Tsanaga. Les | en cours des autorités. La détérioration des routes suite aux inondations, et la | de la gestion des inondations mis | risques d'inondation, aux mesures barrières | IbouLackaBabouMawackMadanaGarouaMaînaniKrouangKodogo 2DjambalbarHilé-HaoussaArdébé-NgabdjamIbouArkisKawadji 1KoussériLogone-BirniLogone-BirniGoulfeyChariLogoneN'Djamena Diamaré | Mayo-Sava | Logone et Chari | Logone et Chari",FLOOD_EVIDENCE_NEEDS_DATE,Full source page extracted. Requires human/source-specific confirmation of an event date/window and mapped locality before promotion.,FLOOD_EVIDENCE_NEEDS_DATE,Full ReliefWeb page text was extracted into this audit. It is not promoted until its event date/window and footprint are explicitly reconciled with the audited catalogue; report/update dates must not be used as event dates.
relief_web-datasets/note_dinformation_sur_les_inondations_extreme_nord_n2_octobre_2022_vf.pdf,1,Logone et Chari; Maga; Yagoua; Kousseri,"personnes affectées par les inondations | Danay, Logone et Chari | Plus de 126 établissements scolaires inondés, privant | Nord fait face à des inondations dans plusieurs localités des départements du | Danay, Logone et Chari, et Mayo | Tsanaga. Les inondations sont consécutives à la fois aux précipitations | fleuves Logone et Chari, ainsi que des lacs de Maga et Wina | Les inondations ont | es villes de Yagoua et | Kousseri | ans le Logone et Chari, | ces inondatio | Logone et Chari | Les inondations enregistrées dans | inondations, privant | sur les inondations | oré à Kousseri dans Logone et C",FLOOD_EVIDENCE_NEEDS_DATE,Full source page extracted. Requires human/source-specific confirmation of an event date/window and mapped locality before promotion.,FLOOD_EVIDENCE_NEEDS_DATE,Full ReliefWeb page text was extracted into this audit. It is not promoted until its event date/window and footprint are explicitly reconciled with the audited catalogue; report/update dates must not be used as event dates.
relief_web-datasets/note_dinformation_sur_les_inondations_extreme_nord_n2_octobre_2022_vf.pdf,2,Yagoua; Logone et Chari; Blangoua; Zina; Kousseri; Maroua,"inondations | La plupart des routes partant de Yagoua vers les autres local | ités du département sont inondées, rendant les déplacements | Dans le Logone et Chari, p | arrondissements de Makari, Blangoua, Zina, Logone | Kousseri | inondé | . A Kousseri, la digue de protection du | Blangoua, le barrage de | dans la ville de Kousseri (Logone et Chari) | dans les zones inondées | Kousseri l | de Yagoua (SEMRY) | dans celui du Logone et Chari | Dans le Logone et Chari, | Kousseri ont | Yagoua. | dans la ville de Kousseri | (Logone et Chari) | nté de Yagoua | de Maroua, élargi | Yagoua le 5 octobre 2022. | des inondations | Maroua.",FLOOD_EVIDENCE_NEEDS_DATE,Full source page extracted. Requires human/source-specific confirmation of an event date/window and mapped locality before promotion.,FLOOD_EVIDENCE_NEEDS_DATE,Full ReliefWeb page text was extracted into this audit. It is not promoted until its event date/window and footprint are explicitly reconciled with the audited catalogue; report/update dates must not be used as event dates.
relief_web-datasets/note_dinformation_sur_les_inondations_extreme_nord_n2_octobre_2022_vf.pdf,3,Yagoua; Zina; Kousseri; Logone et Chari; Makary; Blangoua; Maroua,"inondations | maladies hydriques à Yagoua | à la suite des inondations | et à Zina | à Yagoua | de Zina, Kousseri et Logone Birni (Logone et Chari) | ans le Logone et Chari | (Logone et Chari) | de Makary et de | Blangoua. | es inondation | bureau, OCHA Maroua,",FLOOD_EVIDENCE_NEEDS_DATE,Full source page extracted. Requires human/source-specific confirmation of an event date/window and mapped locality before promotion.,FLOOD_EVIDENCE_NEEDS_DATE,Full ReliefWeb page text was extracted into this audit. It is not promoted until its event date/window and footprint are explicitly reconciled with the audited catalogue; report/update dates must not be used as event dates.
relief_web-datasets/ocha-note_dinformation_sur_les_inondations_extreme_nord_-_au_26_septembre_2022_final.pdf,1,Logone et Chari; Zina; Maga; Yagoua; Kousseri,"personnes affectées par les inondations | Danay, Logone et Chari | 88 écoles inondées | Nord fait face à des inondation | Logone et Chari, et | . Les inondations sont consécutives à la fois aux précipitations abondantes | de Zina | Logone et Chari | arrondissements (Maga, Gobo, | Yagoua, Kaï | rrondissements (Kousseri, Makari, | Zina et Logone | par les inondations se poursui | affectées par ces inondations | Logone et Chari | avec notamment 9 413 maisons détruites, 88 écoles inondées | sur les inondations",FLOOD_EVIDENCE_NEEDS_DATE,Full source page extracted. Requires human/source-specific confirmation of an event date/window and mapped locality before promotion.,FLOOD_EVIDENCE_NEEDS_DATE,Full ReliefWeb page text was extracted into this audit. It is not promoted until its event date/window and footprint are explicitly reconciled with the audited catalogue; report/update dates must not be used as event dates.
relief_web-datasets/ocha-note_dinformation_sur_les_inondations_extreme_nord_-_au_26_septembre_2022_final.pdf,2,Maga; Zina; Logone et Chari; Kousseri; Yagoua; Maroua,"ion sur les inondations | structures sanitaires seraient complètement inondées et, de ce fait, | Maga | Zina, | dans le Logone et Chari | ac de Maga. | sinistrés des zones inondées | en visite à Kousseri, a procédé à | Yagoua. | ont activé les réunions du comité mixte départemental en charge de la gestion des inondations | La Cellule de préparation et gestion de la réponse aux inondations a été activé | appropriés pour un meilleur suivi de la situation des inondations | pour les zones de Makari, Zina et Kousseri (Logone et Chari), ainsi | Kai, Vélé et Yagoua (Mayo | inondation | de la région (Maroua et | Kousseri) en vue | sur la situation des inondations | problématique des inondations | à Maroua sous la",FLOOD_EVIDENCE_NEEDS_DATE,Full source page extracted. Requires human/source-specific confirmation of an event date/window and mapped locality before promotion.,FLOOD_EVIDENCE_NEEDS_DATE,Full ReliefWeb page text was extracted into this audit. It is not promoted until its event date/window and footprint are explicitly reconciled with the audited catalogue; report/update dates must not be used as event dates.
relief_web-datasets/ocha-note_dinformation_sur_les_inondations_extreme_nord_-_au_26_septembre_2022_final.pdf,3,Maga; Yagoua; Logone et Chari; Kousseri; Zina; Mokolo; Maroua,"ion sur les inondations | Maga | Yagoua | Logone et Chari | Kousseri | Zina | Mokolo | bureau, OCHA Maroua,",FLOOD_EVIDENCE_NEEDS_DATE,Full source page extracted. Requires human/source-specific confirmation of an event date/window and mapped locality before promotion.,FLOOD_EVIDENCE_NEEDS_DATE,Full ReliefWeb page text was extracted into this audit. It is not promoted until its event date/window and footprint are explicitly reconciled with the audited catalogue; report/update dates must not be used as event dates.
relief_web-datasets/ocha_cmr_bulletin20humanitaire_no.004_20171011.pdf,1,Maroua; Mayo Tsanaga,inondations dans le | Yaoundé et à Maroua ont été saisis | km du Nigéria dans le département du Mayo Tsanaga. Ces attaques ont également causé,FLOOD_EVIDENCE_NEEDS_DATE,Full source page extracted. Requires human/source-specific confirmation of an event date/window and mapped locality before promotion.,FLOOD_EVIDENCE_NEEDS_DATE,Full ReliefWeb page text was extracted into this audit. It is not promoted until its event date/window and footprint are explicitly reconciled with the audited catalogue; report/update dates must not be used as event dates.
relief_web-datasets/ocha_cmr_sitrep_inond_zina_n1_17102019 (1).pdf,1,Maroua; Zina; Maga; Mayo Danay,"OCHA de Maroua et couvre la période du | par les inondations | dans les arrondissements de Zina | ogone et Chari) , Maga et Kai | arrondissement de Zina. | (Arrondissement de Zina) et au sud du Lac de Maga (Arrondissement de Kaï Kaï | du Mayo Danay | inondations | rondissement de Zina sont affectés avec | à 5 kilomètres de Zina. La ville de Maga est | de Kai Kai (Département du Mayo Danay) sont affectés avec 866 ménages (5 196 personnes sinistrées). Au moins deux | Inondations | : Zone inondée,",FLOOD_EVIDENCE_NEEDS_DATE,Full source page extracted. Requires human/source-specific confirmation of an event date/window and mapped locality before promotion.,FLOOD_EVIDENCE_NEEDS_DATE,Full ReliefWeb page text was extracted into this audit. It is not promoted until its event date/window and footprint are explicitly reconciled with the audited catalogue; report/update dates must not be used as event dates.
relief_web-datasets/ocha_cmr_sitrep_inond_zina_n1_17102019 (1).pdf,2,Zina; Logone et Chari; Maga; Yagoua; Kousseri; Maroua,". Les populations isolées sur des digues ou des terres non inondées | sanitaire de Zina et de nombreuse | champs sont totalement inondés et peuvent entrainer une perte de la récolte à la fin de la sais | accrue et où les tissus communautaires so | nt très dégradés avec la dispersion des victimes. Les inondations sont | Les inondations ont ainsi atteint un | de Zina | (Logone et Chari) et de Maga / Kai | par voies terrestres en cette saison. Pour accéder à Zina, quatre | fluviales à bord de pinasses ou de pirogues pour atteindre Zina centre après cinq heures de navi | Maga est accessible par voie terrestre en moins de trois heures après | s par les inondations. | ne et Chari) et Yagoua | bord adaptés (six basés à Kousseri / deux basés à Maroua) qui | autour de Zina. Ils fournissent aussi quelques fournitures wash. Solidarités a | Zina et | de Zina. | de Zina | de Zina les 15 et 16 octobre. | et Zina | ordinaire aux District Sanitaires de Maga | de Zina.",FLOOD_EVIDENCE_NEEDS_DATE,Full source page extracted. Requires human/source-specific confirmation of an event date/window and mapped locality before promotion.,FLOOD_EVIDENCE_NEEDS_DATE,Full ReliefWeb page text was extracted into this audit. It is not promoted until its event date/window and footprint are explicitly reconciled with the audited catalogue; report/update dates must not be used as event dates.
relief_web-datasets/ocha_cmr_sitrep_inond_zina_n1_17102019 (1).pdf,3,Maga; Zina; ZINA,"intrant nutritionnel vers Maga et | que la crue | Zina) | uits frais à ZINA, | inondées",FLOOD_EVIDENCE_NEEDS_DATE,Full source page extracted. Requires human/source-specific confirmation of an event date/window and mapped locality before promotion.,FLOOD_EVIDENCE_NEEDS_DATE,Full ReliefWeb page text was extracted into this audit. It is not promoted until its event date/window and footprint are explicitly reconciled with the audited catalogue; report/update dates must not be used as event dates.
relief_web-datasets/ocha_cmr_sitrep_inond_zina_n1_17102019 (1).pdf,4,Zina; Maroua; Maga,"arrondissement de Zina, seul le CMA de | Zina est partiellem | inondé | Maroua 1er et Maroua 2 | appui au DS de Zina et de Maga en | Zina | Digue Sara Sara Zina 07.10.2",FLOOD_EVIDENCE_NEEDS_DATE,Full source page extracted. Requires human/source-specific confirmation of an event date/window and mapped locality before promotion.,FLOOD_EVIDENCE_NEEDS_DATE,Full ReliefWeb page text was extracted into this audit. It is not promoted until its event date/window and footprint are explicitly reconciled with the audited catalogue; report/update dates must not be used as event dates.
relief_web-datasets/ocha_cmr_sitrep_inond_zina_n1_17102019 (1).pdf,6,Kousseri; Maroua; Zina,"is Kousseri, | Maroua | inondations | » le long du Logone au sud de Kousseri avaient été récemment approuvés. Cette digue route | une solution structurelle de long terme pour faire face à ces inondations | de la crue du | Zina, Logone Birni, Ma | impact des inondations sur la | par les inondations | impact des inondations sur l",FLOOD_EVIDENCE_NEEDS_DATE,Full source page extracted. Requires human/source-specific confirmation of an event date/window and mapped locality before promotion.,FLOOD_EVIDENCE_NEEDS_DATE,Full ReliefWeb page text was extracted into this audit. It is not promoted until its event date/window and footprint are explicitly reconciled with the audited catalogue; report/update dates must not be used as event dates.
relief_web-datasets/ocha_cmr_sitrep_inond_zina_n1_17102019 (1).pdf,7,Logone et Chari,Zones inondées | ayo Danay et Logone et Chari,FLOOD_EVIDENCE_NEEDS_DATE,Full source page extracted. Requires human/source-specific confirmation of an event date/window and mapped locality before promotion.,FLOOD_EVIDENCE_NEEDS_DATE,Full ReliefWeb page text was extracted into this audit. It is not promoted until its event date/window and footprint are explicitly reconciled with the audited catalogue; report/update dates must not be used as event dates.
relief_web-datasets/ocha_cmr_sitrep_inond_zina_n1_17102019 (2).pdf,1,Maroua; Zina; Maga; Mayo Danay,"OCHA de Maroua et couvre la période du | par les inondations | dans les arrondissements de Zina | ogone et Chari) , Maga et Kai | arrondissement de Zina. | (Arrondissement de Zina) et au sud du Lac de Maga (Arrondissement de Kaï Kaï | du Mayo Danay | inondations | rondissement de Zina sont affectés avec | à 5 kilomètres de Zina. La ville de Maga est | de Kai Kai (Département du Mayo Danay) sont affectés avec 866 ménages (5 196 personnes sinistrées). Au moins deux | Inondations | : Zone inondée,",FLOOD_EVIDENCE_NEEDS_DATE,Full source page extracted. Requires human/source-specific confirmation of an event date/window and mapped locality before promotion.,FLOOD_EVIDENCE_NEEDS_DATE,Full ReliefWeb page text was extracted into this audit. It is not promoted until its event date/window and footprint are explicitly reconciled with the audited catalogue; report/update dates must not be used as event dates.
relief_web-datasets/ocha_cmr_sitrep_inond_zina_n1_17102019 (2).pdf,2,Zina; Logone et Chari; Maga; Yagoua; Kousseri; Maroua,". Les populations isolées sur des digues ou des terres non inondées | sanitaire de Zina et de nombreuse | champs sont totalement inondés et peuvent entrainer une perte de la récolte à la fin de la sais | accrue et où les tissus communautaires so | nt très dégradés avec la dispersion des victimes. Les inondations sont | Les inondations ont ainsi atteint un | de Zina | (Logone et Chari) et de Maga / Kai | par voies terrestres en cette saison. Pour accéder à Zina, quatre | fluviales à bord de pinasses ou de pirogues pour atteindre Zina centre après cinq heures de navi | Maga est accessible par voie terrestre en moins de trois heures après | s par les inondations. | ne et Chari) et Yagoua | bord adaptés (six basés à Kousseri / deux basés à Maroua) qui | autour de Zina. Ils fournissent aussi quelques fournitures wash. Solidarités a | Zina et | de Zina. | de Zina | de Zina les 15 et 16 octobre. | et Zina | ordinaire aux District Sanitaires de Maga | de Zina.",FLOOD_EVIDENCE_NEEDS_DATE,Full source page extracted. Requires human/source-specific confirmation of an event date/window and mapped locality before promotion.,FLOOD_EVIDENCE_NEEDS_DATE,Full ReliefWeb page text was extracted into this audit. It is not promoted until its event date/window and footprint are explicitly reconciled with the audited catalogue; report/update dates must not be used as event dates.
relief_web-datasets/ocha_cmr_sitrep_inond_zina_n1_17102019 (2).pdf,3,Maga; Zina; ZINA,"intrant nutritionnel vers Maga et | que la crue | Zina) | uits frais à ZINA, | inondées",FLOOD_EVIDENCE_NEEDS_DATE,Full source page extracted. Requires human/source-specific confirmation of an event date/window and mapped locality before promotion.,FLOOD_EVIDENCE_NEEDS_DATE,Full ReliefWeb page text was extracted into this audit. It is not promoted until its event date/window and footprint are explicitly reconciled with the audited catalogue; report/update dates must not be used as event dates.
relief_web-datasets/ocha_cmr_sitrep_inond_zina_n1_17102019 (2).pdf,4,Zina; Maroua; Maga,"arrondissement de Zina, seul le CMA de | Zina est partiellem | inondé | Maroua 1er et Maroua 2 | appui au DS de Zina et de Maga en | Zina | Digue Sara Sara Zina 07.10.2",FLOOD_EVIDENCE_NEEDS_DATE,Full source page extracted. Requires human/source-specific confirmation of an event date/window and mapped locality before promotion.,FLOOD_EVIDENCE_NEEDS_DATE,Full ReliefWeb page text was extracted into this audit. It is not promoted until its event date/window and footprint are explicitly reconciled with the audited catalogue; report/update dates must not be used as event dates.
relief_web-datasets/ocha_cmr_sitrep_inond_zina_n1_17102019 (2).pdf,6,Kousseri; Maroua; Zina,"is Kousseri, | Maroua | inondations | » le long du Logone au sud de Kousseri avaient été récemment approuvés. Cette digue route | une solution structurelle de long terme pour faire face à ces inondations | de la crue du | Zina, Logone Birni, Ma | impact des inondations sur la | par les inondations | impact des inondations sur l",FLOOD_EVIDENCE_NEEDS_DATE,Full source page extracted. Requires human/source-specific confirmation of an event date/window and mapped locality before promotion.,FLOOD_EVIDENCE_NEEDS_DATE,Full ReliefWeb page text was extracted into this audit. It is not promoted until its event date/window and footprint are explicitly reconciled with the audited catalogue; report/update dates must not be used as event dates.
relief_web-datasets/ocha_cmr_sitrep_inond_zina_n1_17102019 (2).pdf,7,Logone et Chari,Zones inondées | ayo Danay et Logone et Chari,FLOOD_EVIDENCE_NEEDS_DATE,Full source page extracted. Requires human/source-specific confirmation of an event date/window and mapped locality before promotion.,FLOOD_EVIDENCE_NEEDS_DATE,Full ReliefWeb page text was extracted into this audit. It is not promoted until its event date/window and footprint are explicitly reconciled with the audited catalogue; report/update dates must not be used as event dates.
relief_web-datasets/ocha_sitrep_extreme-nord_septembre_2022_vf.pdf,1,Logone et Chari; Fotokol,affectés par les inondations | Logone et Chari | dans le département du Logone et Chari à | Fotokol et Biamo | le Logone et Chari | Les inondations | Carte des localités inondées dans la,FLOOD_EVIDENCE_NEEDS_DATE,Full source page extracted. Requires human/source-specific confirmation of an event date/window and mapped locality before promotion.,FLOOD_EVIDENCE_NEEDS_DATE,Full ReliefWeb page text was extracted into this audit. It is not promoted until its event date/window and footprint are explicitly reconciled with the audited catalogue; report/update dates must not be used as event dates.
relief_web-datasets/ocha_sitrep_extreme-nord_septembre_2022_vf.pdf,2,Logone et Chari; Mokolo; Kousseri; Yagoua; Fotokol; Maroua; Zina,"de nouvelles inondations | Logone et Chari | ar les inondations avec plus de | Mokolo. Au 30 septembre, | affectés par les inondations dans | Logone et Chari enregistre | scolaires inondées. | sont également menacés par les crues | dans le Logone et Chari | populations touchées par les inondations | visite à Kousseri | Yagoua | Logone et Chari. La présence des | inondations. | Fotokol et Biamo | dans le Logone et Chari, | humanitaires entre Maroua et Kousseri sont | Maroua | Kousseri qui a | Les inondations en cours dans les départements du Logone | Birni, Waza et Zina. Ceci a été réalisé à travers la fourniture de 20 espaces d'apprentissage d'urgence (tentes),",FLOOD_EVIDENCE_NEEDS_DATE,Full source page extracted. Requires human/source-specific confirmation of an event date/window and mapped locality before promotion.,FLOOD_EVIDENCE_NEEDS_DATE,Full ReliefWeb page text was extracted into this audit. It is not promoted until its event date/window and footprint are explicitly reconciled with the audited catalogue; report/update dates must not be used as event dates.
relief_web-datasets/ocha_sitrep_extreme-nord_septembre_2022_vf.pdf,3,Maroua; Mokolo; Mora; Kousseri; Logone et Chari,"individuel dans les arrondissements de Bogo, Maroua 1er et le camp de Minawao | dans les arrondissements de Koza, Mokolo, Mora, Soulede | de Kousseri | Goulfey, Kousseri, Maroua 1/3, Moutourwa et Mokolo. Parmi eux, 3 | inondations, et de | en particulier dans le Logone et Chari. La | par les inondations qui ont",FLOOD_EVIDENCE_NEEDS_DATE,Full source page extracted. Requires human/source-specific confirmation of an event date/window and mapped locality before promotion.,FLOOD_EVIDENCE_NEEDS_DATE,Full ReliefWeb page text was extracted into this audit. It is not promoted until its event date/window and footprint are explicitly reconciled with the audited catalogue; report/update dates must not be used as event dates.
relief_web-datasets/ocha_sitrep_extreme-nord_septembre_2022_vf.pdf,4,Logone et Chari; Mayo Sava; Mora; Mayo Tsanaga; Diamaré; Mokolo; Makary; Fotokol,"aux inondations et aux dégâts des éléphants | Tsanaga et le Logone et Chari. Les principaux incidents | Dans le Logone et Chari, 2 581 pe | Tsanaga, Mayo Sava, Logone | de Mozogo, Tourou, Mora | Dans le Mayo Tsanaga, | de Mayo Sava et Mayo Tsanaga, ont bénéficié de certificats de | Sava et Mayo Tsanaga. | ecteur en plus des nouveaux défis grandissant tels que les inondations | Tsanaga, Logone et Chari et Diamaré | charge à Mokolo, Mora, Mozogo, Makary, Fotokol, Bogo | sur les activités génératrices de revenus dans les communes de Mogodé et Mora",FLOOD_EVIDENCE_NEEDS_DATE,Full source page extracted. Requires human/source-specific confirmation of an event date/window and mapped locality before promotion.,FLOOD_EVIDENCE_NEEDS_DATE,Full ReliefWeb page text was extracted into this audit. It is not promoted until its event date/window and footprint are explicitly reconciled with the audited catalogue; report/update dates must not be used as event dates.
relief_web-datasets/ocha_sitrep_extreme-nord_septembre_2022_vf.pdf,5,Mokolo; Logone et Chari; Diamaré; Maroua,"de Mokolo, | Logone et Chari | Sava et Diamaré | En réponse aux inondation | à Makari dans le Logone et Chari à la suite du débordement du lit fleuve Logone, 345 | du Diamaré, sur la délocalisation du site | sur la réponse aux inondations | Abris détruits par les inondations | bureau, OCHA Maroua,",FLOOD_EVIDENCE_NEEDS_DATE,Full source page extracted. Requires human/source-specific confirmation of an event date/window and mapped locality before promotion.,FLOOD_EVIDENCE_NEEDS_DATE,Full ReliefWeb page text was extracted into this audit. It is not promoted until its event date/window and footprint are explicitly reconciled with the audited catalogue; report/update dates must not be used as event dates.
relief_web-datasets/sitrep_en_juillet_2021_vf.pdf,1,Mora,"à la suite des inondations | s inondations causées par les pluies diluviennes | Mora centre,",FLOOD_EVIDENCE_NEEDS_DATE,Full source page extracted. Requires human/source-specific confirmation of an event date/window and mapped locality before promotion.,FLOOD_EVIDENCE_NEEDS_DATE,Full ReliefWeb page text was extracted into this audit. It is not promoted until its event date/window and footprint are explicitly reconciled with the audited catalogue; report/update dates must not be used as event dates.
relief_web-datasets/sitrep_en_juillet_2021_vf.pdf,3,Diamaré; Kousseri; Maroua; Logone et Chari; Mora; Mokolo,"inondations | Diamaré | Kousseri, Maroua 1 et Moutourwa pendant leurs activités | Tsanaga et le Logone et Chari | les DS de Goulfey, Kousseri, Koza, Mora et Moskota | dans le DS de Mokolo. | dans le DS de Kousseri pour la promotion de la",FLOOD_EVIDENCE_NEEDS_DATE,Full source page extracted. Requires human/source-specific confirmation of an event date/window and mapped locality before promotion.,FLOOD_EVIDENCE_NEEDS_DATE,Full ReliefWeb page text was extracted into this audit. It is not promoted until its event date/window and footprint are explicitly reconciled with the audited catalogue; report/update dates must not be used as event dates.
relief_web-datasets/sitrep_en_juillet_2021_vf.pdf,4,Diamaré; Logone et Chari; Makary; Fotokol,"CASH par les partenaires dans les trois départements ainsi que dans le Diamaré. Première Urgence | Logone et Chari. | Logone et Chari et | La détérioration par les inondations, de la q | .  Le Logone et Chari | Dans le Logone et Chari, les sous | de Makary, | Fotokol, Hilé",FLOOD_EVIDENCE_NEEDS_DATE,Full source page extracted. Requires human/source-specific confirmation of an event date/window and mapped locality before promotion.,FLOOD_EVIDENCE_NEEDS_DATE,Full ReliefWeb page text was extracted into this audit. It is not promoted until its event date/window and footprint are explicitly reconciled with the audited catalogue; report/update dates must not be used as event dates.
relief_web-datasets/sitrep_en_juillet_2021_vf.pdf,6,Mora; Makary; Fotokol; Blangoua; Logone et Chari; Kousseri; Maroua,"inondation | populations retournées dans les communes de Bourha, Koza, Mora, Makary, Fotokol, | Blangoua | Sava et le Logone et Chari. | rrondissement de Makary | dans le Logone et Chari | Koza, Kouyapé, Mora, et Makary accueillant | Fotokol. | à Kousseri | suite aux inondations | , Chargée des Affaires Humanitaires, OCHA Maroua, estelle.akonooundi@un.org",FLOOD_EVIDENCE_NEEDS_DATE,Full source page extracted. Requires human/source-specific confirmation of an event date/window and mapped locality before promotion.,FLOOD_EVIDENCE_NEEDS_DATE,Full ReliefWeb page text was extracted into this audit. It is not promoted until its event date/window and footprint are explicitly reconciled with the audited catalogue; report/update dates must not be used as event dates.
