source_file,source_kind,source_unit,matched_term_type,matched_term,flood_terms,date_text_in_context,source_date,event_date_or_window,provisional_status,duplicate_group,evidence_excerpt
relief_web-datasets/MDRCM029do.pdf,PDF,"page 2, passage 7",Centre locality,Yaoundé,flood,NONE_FOUND,UNKNOWN_REQUIRES_MANUAL_REVIEW,UNKNOWN_REQUIRES_MANUAL_REVIEW,FLOOD_EVIDENCE_NEEDS_DATE,UNASSESSED,"se Action Since the beginning of August, CRC divisional committee teams are mobilized in the 5 affected divisions to assess the damage and provide the first required assistance to flood victims. At CRC Headquarters in Yaoundé, the National Directorate for Disaster Management (DNGC) has activated the coordination around this disaster."
relief_web-datasets/MDRCM029do.pdf,PDF,"page 22, passage 8",Centre locality,Yaoundé,floods,8 9 10; 11 12 13; 14 15 16,UNKNOWN_REQUIRES_MANUAL_REVIEW,UNKNOWN_REQUIRES_MANUAL_REVIEW,POSSIBLE_DUPLICATE_REVIEW_REQUIRED,UNASSESSED,"ed Week 1 2 3 4 5 6 7 8 9 10 11 12 13 14 15 16 AP049 Attend coordination meetings including cluster meetings (shelter/NFIs, WASH, health, emergency meetings related to the floods) both at national (Yaoundé) and regional level (Maroua)"
relief_web-datasets/MDRCM039eu3.pdf,PDF,"page 12, passage 2",Centre locality,Yaoundé,flood,NONE_FOUND,UNKNOWN_REQUIRES_MANUAL_REVIEW,UNKNOWN_REQUIRES_MANUAL_REVIEW,FLOOD_EVIDENCE_NEEDS_DATE,UNASSESSED,"ctively supporting CRC in the response. • CRC engaged with MSF, INTERSOS, WFP, UNICEF, UNFPA, and OIM through joint coordination platforms. • A humanitarian roundtable was co-organized with the Swiss Ambassador in Yaoundé, drawing the attention of 15 ambassadors and donor representatives to the flood crisis. Membership Coordination: • Three formal coordination meetings were held with all Movement partners (CRC, IFRC, ICRC, Fr"
scrapers-data/apify_yaounde/apify_export_yaounde.csv,GOOGLE_SEARCH_RESULT,"row 3, organicResults/1",Centre locality,Yaoundé,inondations,NONE_FOUND,UNKNOWN_REQUIRES_MANUAL_REVIEW,UNKNOWN_REQUIRES_MANUAL_REVIEW,FLOOD_EVIDENCE_NEEDS_DATE,UNASSESSED,éc. 2018 — La pluviométrie à Yaoundé est abondante (2 000 mm d'eau/an). Le manque d'infrastructures d'assainissement se traduit par une forte dégradation ... https://www.afd.fr › carte-des-projets › lutter-contre-les... Yaoundé 2 Lutter contre les inondations à Yaoundé organic https://www.afd.fr/fr/carte-des-projets/lutter-contre-les-inondations-yaounde AFD - Agence Française de Développement
scrapers-data/apify_yaounde/apify_export_yaounde.csv,GOOGLE_SEARCH_RESULT,"row 3, organicResults/3",Centre locality,Yaoundé,inondations,12/07/2018,UNKNOWN_REQUIRES_MANUAL_REVIEW,UNKNOWN_REQUIRES_MANUAL_REVIEW,POSSIBLE_DUPLICATE_REVIEW_REQUIRED,UNASSESSED,"Schéma simplifié des causes des inondations à Yaoundé. Ajouté le 12/07/2018. Auteur : Martin Luther Djatcheu, habillage JBB, Géoconfluences 2018. https://geoconfluences.ens-lyon.fr › img-djatcheu › view inondations Yaoundé 4 Schéma simplifié des causes des inondations à Yaoundé organic https://geoconfluences.ens-lyon.fr/images/articles/img-djatcheu/fig10-schema-inondations-yaounde.png/view Géoconfluences"
scrapers-data/apify_yaounde/apify_export_yaounde.csv,GOOGLE_SEARCH_RESULT,"row 3, organicResults/4",Centre locality,Yaoundé,Inondations; inondations,NONE_FOUND,UNKNOWN_REQUIRES_MANUAL_REVIEW,UNKNOWN_REQUIRES_MANUAL_REVIEW,FLOOD_EVIDENCE_NEEDS_DATE,UNASSESSED,lliards de dollars depuis janvier: les pertes liées aux catastrophes naturelles devraient encore fortement augmenter en 2026 avec un ... https://www.catnat.net › ... › Inondations - Monde 5 Inondations dans la région de Yaoundé (Cameroun) organic https://www.catnat.net/veille-catastrophes-naturelles/veille-des-catastrophes-naturelles/archive-des-catastrophes/218-inondations-monde/13883-inondations-dans-la-region-de-yaounde-cameroun Catn
scrapers-data/apify_yaounde/apify_export_yaounde.csv,GOOGLE_SEARCH_RESULT,"row 3, organicResults/5",Centre division; Centre locality,Mfoundi; Yaoundé,inondations,NONE_FOUND,UNKNOWN_REQUIRES_MANUAL_REVIEW,UNKNOWN_REQUIRES_MANUAL_REVIEW,FLOOD_EVIDENCE_NEEDS_DATE,UNASSESSED,"il. 2022 — Dans le centre-ville de Yaoundé, l'avenue Kennedy et le marché de Mfoundi ont été gravement touchés par des inondations en 2018 et 2019, à la ... https://adf.afdb.org › success-stories › on-a-oublie-la-pl... Yaoundé inondations 6 « On a oublié la pluie » : à Yaoundé, capitale du ... organic https://adf.afdb.org/fr/success-stories/%E2%80%89on-a-oublie-la-pluie%E2%80%89-a-yaounde-capitale-du-cameroun-un-projet-de-gestion-de-le"
scrapers-data/apify_yaounde/apify_export_yaounde.csv,GOOGLE_SEARCH_RESULT,"row 3, organicResults/6",Centre locality,Yaoundé,Inondations; inondations,NONE_FOUND,UNKNOWN_REQUIRES_MANUAL_REVIEW,UNKNOWN_REQUIRES_MANUAL_REVIEW,FLOOD_EVIDENCE_NEEDS_DATE,UNASSESSED,"ie municipal, l'étroitesse de l'exutoire est le grand problème car les eaux abondantes provenant du drain, construit dans le ... https://www.minhdu.gov.cm › inondations-au-centre-vill... 7 Inondations au centre-ville de Yaoundé organic https://www.minhdu.gov.cm/inondations-au-centre-ville-de-yaounde-le-minhdu-en-quete-des-solutions-durables/ - MINHDU"
scrapers-data/apify_yaounde/apify_export_yaounde.csv,GOOGLE_SEARCH_RESULT,"row 4, organicResults/1",Centre locality,Yaoundé,inondations,NONE_FOUND,UNKNOWN_REQUIRES_MANUAL_REVIEW,UNKNOWN_REQUIRES_MANUAL_REVIEW,FLOOD_EVIDENCE_NEEDS_DATE,UNASSESSED,éc. 2018 — La pluviométrie à Yaoundé est abondante (2 000 mm d'eau/an). Le manque d'infrastructures d'assainissement se traduit par une forte dégradation ... https://www.afd.fr › carte-des-projets › lutter-contre-les... Yaoundé 2 Lutter contre les inondations à Yaoundé organic https://www.afd.fr/fr/carte-des-projets/lutter-contre-les-inondations-yaounde AFD - Agence Française de Développement
scrapers-data/apify_yaounde/apify_export_yaounde.csv,GOOGLE_SEARCH_RESULT,"row 4, organicResults/2",Centre locality,Yaoundé,inondations,NONE_FOUND,UNKNOWN_REQUIRES_MANUAL_REVIEW,UNKNOWN_REQUIRES_MANUAL_REVIEW,FLOOD_EVIDENCE_NEEDS_DATE,UNASSESSED,fonds de Yaoundé provoquent d'innombrables conséquences. Ces conséquences se focalisent sur les aspects ... https://revues.imist.ma › EGSM › article › download Les inondations dans les quartiers exposés des bas-fonds de Yaoundé de M CHINDJI · 2023 · Cité 1 fois — Les inondations dans les quartiers exposés des bas-fonds de Yaoundé provoquent d'innombrables conséquences. Ces conséquences se focalisent sur les aspects ... 3 les inondations
scrapers-data/apify_yaounde/apify_export_yaounde.csv,GOOGLE_SEARCH_RESULT,"row 4, organicResults/3",Centre locality,Yaoundé,inondations,12/07/2018,UNKNOWN_REQUIRES_MANUAL_REVIEW,UNKNOWN_REQUIRES_MANUAL_REVIEW,POSSIBLE_DUPLICATE_REVIEW_REQUIRED,UNASSESSED,"Schéma simplifié des causes des inondations à Yaoundé. Ajouté le 12/07/2018. Auteur : Martin Luther Djatcheu, habillage JBB, Géoconfluences 2018. https://geoconfluences.ens-lyon.fr › img-djatcheu › view inondations Yaoundé 4 Schéma simplifié des causes des inondations à Yaoundé organic https://geoconfluences.ens-lyon.fr/images/articles/img-djatcheu/fig10-schema-inondations-yaounde.png/view Géoconfluences"
scrapers-data/apify_yaounde/apify_export_yaounde.csv,GOOGLE_SEARCH_RESULT,"row 4, organicResults/4",Centre division; Centre locality,Mfoundi; Yaoundé,inondations,NONE_FOUND,UNKNOWN_REQUIRES_MANUAL_REVIEW,UNKNOWN_REQUIRES_MANUAL_REVIEW,FLOOD_EVIDENCE_NEEDS_DATE,UNASSESSED,"de Yaoundé, l'avenue Kennedy et le marché de Mfoundi ont été gravement touchés par des inondations en 2018 et 2019, à la ... https://www.afdb.org › success-stories › oublie-la-pluie-y... l'avenue Kennedy et le marché de Mfoundi 5 à Yaoundé, capitale du Cameroun, un projet de gestion ... organic https://www.afdb.org/fr/success-stories/oublie-la-pluie-yaounde-capitale-du-cameroun-un-projet-de-gestion-de-leau-pare-aux-inondations-53739 Afr"
scrapers-data/apify_yaounde/apify_export_yaounde.csv,GOOGLE_SEARCH_RESULT,"row 4, organicResults/6",Centre locality,Yaoundé,inondations,NONE_FOUND,UNKNOWN_REQUIRES_MANUAL_REVIEW,UNKNOWN_REQUIRES_MANUAL_REVIEW,FLOOD_EVIDENCE_NEEDS_DATE,UNASSESSED,"7 · Cité 11 fois — Les dalots du centre-ville, du fait de leur sous-dimensionnement ont plu¬ tôt aggravé les problèmes liés aux inondations. Dans les quartiers populaires, ... 7 Phénomènes d'érosion et gestion urbaine à Yaoundé ... organic https://www.persee.fr/doc/etrop_1147-3991_1997_act_15_6_1012 Persée"
scrapers-data/apify_yaounde/apify_export_yaounde.csv,GOOGLE_SEARCH_RESULT,"row 4, organicResults/7",Centre division; Centre locality,Mfoundi; Yaoundé,Inondations; inondations,NONE_FOUND,UNKNOWN_REQUIRES_MANUAL_REVIEW,UNKNOWN_REQUIRES_MANUAL_REVIEW,FLOOD_EVIDENCE_NEEDS_DATE,UNASSESSED,"la voirie municipale, le canal du Mfoundi en contre bas du marché éponyme, l'exutoire des eaux au niveau de centre artisanal ... https://www.minhdu.gov.cm › inondations-au-centre-vill... 8 Inondations au centre-ville de Yaoundé organic https://www.minhdu.gov.cm/inondations-au-centre-ville-de-yaounde-le-minhdu-en-quete-des-solutions-durables/ - MINHDU"
scrapers-data/apify_yaounde/apify_export_yaounde.csv,GOOGLE_SEARCH_RESULT,"row 4, organicResults/8",Centre locality,Yaoundé,inondations,NONE_FOUND,UNKNOWN_REQUIRES_MANUAL_REVIEW,UNKNOWN_REQUIRES_MANUAL_REVIEW,FLOOD_EVIDENCE_NEEDS_DATE,UNASSESSED,"pluie ont envahi plusieurs quartiers de la ville de Yagoua, suscitant des inquiétudes parmi les habitants. Plus de 450 réactions · il y a 2 mois Les eaux de pluie ont envahi plusieurs quartiers de la ville de Yagoua 9 YAOUNDÉ SOUS LES EAUX ! D'importantes inondations ... organic https://www.facebook.com/Vision4Digital/posts/%EF%B8%8F-cameroun-yaound%C3%A9-sous-les-eaux-dimportantes-inondations-ont-%C3%A9t%C3%A9-observ%C3%A9es-ce-j/143"
scrapers-data/apify_yaounde/apify_export_yaounde.csv,GOOGLE_SEARCH_RESULT,"row 5, organicResults/0",Centre locality,Yaoundé,inondations,12/07/2018,UNKNOWN_REQUIRES_MANUAL_REVIEW,UNKNOWN_REQUIRES_MANUAL_REVIEW,POSSIBLE_DUPLICATE_REVIEW_REQUIRED,UNASSESSED,"Schéma simplifié des causes des inondations à Yaoundé. Ajouté le 12/07/2018. Auteur : Martin Luther Djatcheu, habillage JBB, Géoconfluences 2018. https://geoconfluences.ens-lyon.fr › img-djatcheu › view Yaoundé 1 Schéma simplifié des causes des inondations à Yaoundé organic https://geoconfluences.ens-lyon.fr/images/articles/img-djatcheu/fig10-schema-inondations-yaounde.png/view Géoconfluences"
scrapers-data/apify_yaounde/apify_export_yaounde.csv,GOOGLE_SEARCH_RESULT,"row 5, organicResults/1",Centre division; Centre locality,Mfoundi; Yaoundé,inondations,NONE_FOUND,UNKNOWN_REQUIRES_MANUAL_REVIEW,UNKNOWN_REQUIRES_MANUAL_REVIEW,FLOOD_EVIDENCE_NEEDS_DATE,UNASSESSED,"ill. 2022 — Dans le centre-ville de Yaoundé, l'avenue Kennedy et le marché de Mfoundi ont été gravement touchés par des inondations en 2018 et 2019, à la ... https://www.afdb.org › success-stories › oublie-la-pluie-y... Yaoundé 2 à Yaoundé, capitale du Cameroun, un projet de gestion ... organic https://www.afdb.org/fr/success-stories/oublie-la-pluie-yaounde-capitale-du-cameroun-un-projet-de-gestion-de-leau-pare-aux-inondations-53739 Afr"
scrapers-data/apify_yaounde/apify_export_yaounde.csv,GOOGLE_SEARCH_RESULT,"row 5, organicResults/3",Centre locality,Yaoundé,FLOODS,NONE_FOUND,UNKNOWN_REQUIRES_MANUAL_REVIEW,UNKNOWN_REQUIRES_MANUAL_REVIEW,FLOOD_EVIDENCE_NEEDS_DATE,UNASSESSED,"260 visionnements et plus · il y a 2 mois 4 FLOODS, YAOUNDÉ UNDER WATER organic https://www.youtube.com/watch?v=NDDFgAKdJ7w YouTube · Info TV Officiel"
scrapers-data/apify_yaounde/apify_export_yaounde.csv,GOOGLE_SEARCH_RESULT,"row 5, organicResults/4",Centre locality,Yaoundé,crue,NONE_FOUND,UNKNOWN_REQUIRES_MANUAL_REVIEW,UNKNOWN_REQUIRES_MANUAL_REVIEW,FLOOD_EVIDENCE_NEEDS_DATE,UNASSESSED,23 · Cité par 1 — Commune de Yaoundé 6. Les cours en crue déversent les eaux dans leurs lits majeurs d'une part. D'autre part les eaux de ruissellement qui ne peuvent. https://revues.imist.ma › EGSM › article › download Yaoundé crue par M CHINDJI · 2023 · Cité par 1 — Commune de Yaoundé 6. Les cours en crue déversent les eaux dans leurs lits majeurs d'une part. D'autre part les eaux de ruissellement qui ne peuvent. 5 les inondations dan
scrapers-data/apify_yaounde/apify_export_yaounde.csv,GOOGLE_SEARCH_RESULT,"row 5, organicResults/5",Centre locality,Yaoundé,Inondations; inondations,NONE_FOUND,UNKNOWN_REQUIRES_MANUAL_REVIEW,UNKNOWN_REQUIRES_MANUAL_REVIEW,FLOOD_EVIDENCE_NEEDS_DATE,UNASSESSED,"déc. 2024 — Les récentes catastrophes, et la fréquence et l'intensité croissantes des inondations à Douala et à Yaoundé, positionnent la résilience urbaine ... https://www.afd.fr › projets › programme-de-lutte-contr... Yaoundé 6 Programme de Lutte contre les Inondations à Douala et à ... organic https://www.afd.fr/fr/projets/programme-de-lutte-contre-les-inondations-douala-et-yaounde-plidy AFD - Agence Française de Développement"
scrapers-data/apify_yaounde/apify_export_yaounde.csv,GOOGLE_SEARCH_RESULT,"row 5, organicResults/6",Centre locality,Yaoundé,Inondations; inondations,9 juin 2026,UNKNOWN_REQUIRES_MANUAL_REVIEW,UNKNOWN_REQUIRES_MANUAL_REVIEW,POSSIBLE_DUPLICATE_REVIEW_REQUIRED,UNASSESSED,juin 2026 — Le Mindhu dénonce l'incivisme urbain face aux inondations à Yaoundé et appelle à l'accélération du projet PADY. https://actucameroun.com › Société Le Mindhu dénonce l'incivisme urbain face aux inondations à Yaoundé 7 Inondations à Yaoundé : le Mindhu réagit organic https://actucameroun.com/2026/06/09/inondations-yaounde-le-mindhu-denonce-lincivisme-urbain-et-veut-la-mise-en-oeuvre-acceleree-du-chantier-pady/ Actu Cameroun
scrapers-data/apify_yaounde/apify_export_yaounde.csv,GOOGLE_SEARCH_RESULT,"row 5, organicResults/7",Centre locality,Yaoundé,inondations,NONE_FOUND,UNKNOWN_REQUIRES_MANUAL_REVIEW,UNKNOWN_REQUIRES_MANUAL_REVIEW,FLOOD_EVIDENCE_NEEDS_DATE,UNASSESSED,"5 La ville de Yaoundé, au Cameroun, est confrontée à un risque élevé d'inondations en raison d'une urbanisation anarchique, avec 34% de ses terres situées ... https://fr.scribd.com › document › Memoire-Wadjo Yaoundé 2 8 Memoire Wadjo | PDF | Inondation organic https://fr.scribd.com/document/883675250/Memoire-Wadjo Scribd"
scrapers-data/apify_yaounde/apify_export_yaounde.csv,GOOGLE_SEARCH_RESULT,"row 5, organicResults/8",Centre locality,Yaoundé,Inondations; crue,20 août 2020,UNKNOWN_REQUIRES_MANUAL_REVIEW,UNKNOWN_REQUIRES_MANUAL_REVIEW,POSSIBLE_DUPLICATE_REVIEW_REQUIRED,UNASSESSED,"... Yaoundé, Maroua. Inondations à Douala en 2020. Rue à Douala, après un orage ... Hauteur de crue maximale. 1,4 mètre. Date de formation. 20 août 2020. Date ... https://fr.wikipedia.org › wiki › Inondations_de_2020_... Hau"
scrapers-data/apify_yaounde/apify_export_yaounde_2019.csv,GOOGLE_SEARCH_RESULT,"row 10, organicResults/1",Centre locality,Yaoundé,inondations,NONE_FOUND,UNKNOWN_REQUIRES_MANUAL_REVIEW,UNKNOWN_REQUIRES_MANUAL_REVIEW,FLOOD_EVIDENCE_NEEDS_DATE,UNASSESSED,Des travaux pour prévenir les inondations au marché de charbon de Yaoundé. Il s'agit du déplacement d'un réseau d'eau défectueux. 230+ reactions inondations 2 Des travaux pour prévenir les inondations au marché de ... organic https://www.facebook.com/story.php?story_fbid=26787120790344
scrapers-data/apify_yaounde/apify_export_yaounde_2019.csv,GOOGLE_SEARCH_RESULT,"row 11, organicResults/0",Centre locality; Yaoundé quartier/arrondissement,Yaoundé; Odza,Inondation; crue,NONE_FOUND,UNKNOWN_REQUIRES_MANUAL_REVIEW,UNKNOWN_REQUIRES_MANUAL_REVIEW,FLOOD_EVIDENCE_NEEDS_DATE,UNASSESSED,"5 Ce mémoire présente une étude sur la prédétermination des débits de crue dans le bassin versant d'Odza à Yaoundé, dans le cadre d'un Master Professionnel en ... https://fr.scribd.com › document › Memoire-Ngougour... Odza 1 1 Débits de crue dans le bassin d'Odza | PDF | Inondation organic https://fr.scribd.com/document/566001150/Memoire-Ngougoure-Jamilah-Niv-5-11-07-21 Scribd"
scrapers-data/apify_yaounde/apify_export_yaounde_2019.csv,GOOGLE_SEARCH_RESULT,"row 12, organicResults/0",Yaoundé quartier/arrondissement,Ngousso,inondation,NONE_FOUND,UNKNOWN_REQUIRES_MANUAL_REVIEW,UNKNOWN_REQUIRES_MANUAL_REVIEW,FLOOD_EVIDENCE_NEEDS_DATE,UNASSESSED,ie s'échappant du cratère ont causé l'inondation des habitations voisines avec d'importants dégâts ... https://fr.journalducameroun.com › cameroun-une-con... inondation 1 une conduite d'eau se casse et sème la panique à Ngousso organic https://fr.journalducameroun.com/cameroun-une-conduite-deau-se-casse-et-seme-la-panique-a-ngousso/ Journalducameroun.com
scrapers-data/apify_yaounde/apify_export_yaounde_2019.csv,GOOGLE_SEARCH_RESULT,"row 12, organicResults/1",Centre locality; Yaoundé quartier/arrondissement,Yaoundé; Ngousso,inondations,NONE_FOUND,UNKNOWN_REQUIRES_MANUAL_REVIEW,UNKNOWN_REQUIRES_MANUAL_REVIEW,FLOOD_EVIDENCE_NEEDS_DATE,UNASSESSED,"De fortes inondations ont de nouveau paralysé les abords de la Poste centrale et de l'avenue Kennedy, deux zones stratégiques de la capitale ... Plus de 570 réactions · il y a 4 ans inondations 2 🔴🔴🔴SOCIÉTÉ-YAOUNDE : NGOUSSO PRIVÉE D'EAU ... organic https://www.facebook.com/Paulchouta/posts/soci%C3%A9t%C3%A9-yaounde-ngousso-priv%C3%A9e-deau-depuis-02-mois-les-populations-veulent-paral/5447826465277920/ Facebook · Le TGV de l'info"
scrapers-data/apify_yaounde/apify_export_yaounde_2019.csv,GOOGLE_SEARCH_RESULT,"row 12, organicResults/6",Centre locality; Yaoundé quartier/arrondissement,Yaoundé; Ngousso,Inondation; inondation,27 janvier 2025,UNKNOWN_REQUIRES_MANUAL_REVIEW,UNKNOWN_REQUIRES_MANUAL_REVIEW,POSSIBLE_DUPLICATE_REVIEW_REQUIRED,UNASSESSED,"20 juil. 2026 — Une tragédie s'est produite ce lundi 27 janvier 2025 au quartier Ngousso à Yaoundé. Une canalisation d'eau a cédé au lieu-dit Fabrique, ... https://www.tiktok.com › Discover Ngousso 7 Ngousso Yaoundé Inondation organic https://www.tiktok.com/discover/ngousso-yaound%C3%A9-inondation TikTok"
scrapers-data/apify_yaounde/apify_export_yaounde_2019.csv,GOOGLE_SEARCH_RESULT,"row 13, organicResults/0",Yaoundé quartier/arrondissement,Biyem-Assi,inondations,NONE_FOUND,UNKNOWN_REQUIRES_MANUAL_REVIEW,UNKNOWN_REQUIRES_MANUAL_REVIEW,FLOOD_EVIDENCE_NEEDS_DATE,UNASSESSED,"En 2017 la ville a été encore confrontée aux inondations (Poste Centrale, Nkolbissong, Biyem-Assi, Mendong) qui ont causées des pertes matérielles et mort d' ... https://www.memoireonline.com › ... Biyem Assi 1 Recrudescence et gestion endogène des inondations dans ... organic https://www.memoireonline.com"
scrapers-data/apify_yaounde/apify_export_yaounde_2019.csv,GOOGLE_SEARCH_RESULT,"row 13, organicResults/1",Centre locality,Yaoundé,INONDATIONS; inondations,20 septembre 2019,UNKNOWN_REQUIRES_MANUAL_REVIEW,UNKNOWN_REQUIRES_MANUAL_REVIEW,POSSIBLE_DUPLICATE_REVIEW_REQUIRED,UNASSESSED,"VENDREDI D'INONDATIONS À YAOUNDÉ [ VIDÉO, PHOTOS ] Après le passage d'une pluie diluvienne ce vendredi 20 septembre 2019, les inondations ... 200+ tepki · 6 yıl önce 2019 2 VENDREDI D'INONDATIONS À YAOUNDÉ [ VIDÉO, ... organic https://www.facebook.com/Paulchouta/posts/vendredi-dinondations-%C3%A0-yaound%C3%A9-vid%C3%A9o-photos-apr%C3%A8s-le-passage-dune-pluie-diluvie/2536569733070289/ Facebook · Le TGV de l'info"
scrapers-data/apify_yaounde/apify_export_yaounde_2019.csv,GOOGLE_SEARCH_RESULT,"row 2, organicResults/0",Yaoundé quartier/arrondissement,Nkolbisson,inondations,NONE_FOUND,UNKNOWN_REQUIRES_MANUAL_REVIEW,UNKNOWN_REQUIRES_MANUAL_REVIEW,FLOOD_EVIDENCE_NEEDS_DATE,UNASSESSED,"Selon la construction, le niveau atteint la moitié de la porte ou les fenêtres. La route est envahie par les ... https://fr.allafrica.com › stories L'eau est à plus d'un mètre du sol 1 Cameroun: Encore des inondations à Nkolbisson organic https://fr.allafrica.com/stories/201204161377.html allAfrica.fr"
scrapers-data/apify_yaounde/apify_export_yaounde_2019.csv,GOOGLE_SEARCH_RESULT,"row 2, organicResults/2",Centre locality; Yaoundé quartier/arrondissement,Yaoundé; Nkolbisson,inondations,NONE_FOUND,UNKNOWN_REQUIRES_MANUAL_REVIEW,UNKNOWN_REQUIRES_MANUAL_REVIEW,FLOOD_EVIDENCE_NEEDS_DATE,UNASSESSED,Cameroun – Yaoundé: Les inondations persistent au quartier Nkolbisson. Les déchets plastiques et organiques ont bloqué la buse métallique qui ... https://actucameroun.com › Société Les inondations persistent au quartier Nkolbisson 3 Yaoundé: Les inondations persistent au quartier Nkolbisson organic https://actucameroun.com/2017/09/12/cameroun-yaounde-les-inondations-persistent-au-quartier-nkolbisson/ Actu Cameroun
scrapers-data/apify_yaounde/apify_export_yaounde_2019.csv,GOOGLE_SEARCH_RESULT,"row 2, organicResults/3",Centre locality; Yaoundé quartier/arrondissement,Yaoundé; Nkolbisson,inondations,NONE_FOUND,UNKNOWN_REQUIRES_MANUAL_REVIEW,UNKNOWN_REQUIRES_MANUAL_REVIEW,FLOOD_EVIDENCE_NEEDS_DATE,UNASSESSED,Pluie de quelques minutes à Yaoundé et grosses inondations au quartier Nkolbisson... #NBL · 󰍸 · 󰤦. Other posts. il y a 1 an grosses inondations au quartier Nkolbisson 4 inondations à Nkolbisson organic https://www.facebook.com/groups/422215331553535/posts/2010499736058412/ Facebook · LE CAMEROUN c'est le CAMEROUN
scrapers-data/apify_yaounde/apify_export_yaounde_2019.csv,GOOGLE_SEARCH_RESULT,"row 2, organicResults/4",Yaoundé quartier/arrondissement,Nkolbisson,inondations,NONE_FOUND,UNKNOWN_REQUIRES_MANUAL_REVIEW,UNKNOWN_REQUIRES_MANUAL_REVIEW,FLOOD_EVIDENCE_NEEDS_DATE,UNASSESSED,"2017-10-19T12:00:00.000Z En attendant la mise sur pied des solutions anti-inondations, Nkolbisson est toujours noyé dans les eaux. Pour plus d'informations sur l ... https://www.camer.be › contact Nkolbisson est toujours noyé dans les eaux 5 Actualités CAMEROUN :: Les inondations persistent à ... organic https://www.camer.be/63548/11:1/contact.html Camer.be"
scrapers-data/apify_yaounde/apify_export_yaounde_2019.csv,GOOGLE_SEARCH_RESULT,"row 2, organicResults/5",Yaoundé quartier/arrondissement,Nkolbisson,inondations,NONE_FOUND,UNKNOWN_REQUIRES_MANUAL_REVIEW,UNKNOWN_REQUIRES_MANUAL_REVIEW,FLOOD_EVIDENCE_NEEDS_DATE,UNASSESSED,5 Nkolbisson situé à l'ouest est fréquemment inondé avec 17 inondations si l'on ajoute celles d'Etétak et d'Ekorezok. Comme il s'avèrera dans le prochain ... https://fr.scribd.com › document › Memoire-Wadjo Nkolbisson situé à l'ouest est fréquemment inondé avec 17 inondations 2 6 Memoire Wadjo | PDF | Inondation organic https://fr.scribd.com/document/883675250/Memoire-Wadjo Scribd
scrapers-data/apify_yaounde/apify_export_yaounde_2019.csv,GOOGLE_SEARCH_RESULT,"row 2, organicResults/7",Centre locality; Yaoundé quartier/arrondissement,Yaoundé; Nkolbisson,INONDATIONS,NONE_FOUND,UNKNOWN_REQUIRES_MANUAL_REVIEW,UNKNOWN_REQUIRES_MANUAL_REVIEW,FLOOD_EVIDENCE_NEEDS_DATE,UNASSESSED,ATIONS DICTENT LEUR LOI DANS LES ZONES PRECAIRES les fortes pluies qui se sont abattues récemment sur Yaoundé ... Plus de 20 réactions · il y a 1 an LES INONDATIONS DICTENT LEUR LOI DANS LES ZONES PRECAIRES 8 🔵SOCIETE/NKOLBISSON: LES INONDATIONS DICTENT ... organic https://www.facebook.com/Vision4Digital/videos/societenkolbisson-les-inondations-dictent-leur-loi-dans-les-zones-precairesles-f/1414862789947736/ Facebook · Vision 4 Digita
scrapers-data/apify_yaounde/apify_export_yaounde_2019.csv,GOOGLE_SEARCH_RESULT,"row 2, organicResults/8",Centre locality; Yaoundé quartier/arrondissement,Yaoundé; Nkolbisson,inondations,NONE_FOUND,UNKNOWN_REQUIRES_MANUAL_REVIEW,UNKNOWN_REQUIRES_MANUAL_REVIEW,FLOOD_EVIDENCE_NEEDS_DATE,UNASSESSED,"ux de plusieurs inondations y est bien visible. Le tissu est rongé et a l'aspect boueux, la mousse émiettée. « On ne peut pas envisager d'équiper ... https://cameroun24.net › actualite-cameroun-Yioind_C... inondations 9 Yaoundé: Nkolbisson sous la menace des inondations organic https://cameroun24.net/actualite-cameroun-Yioind_C3_A9_3A_Nkolbisson_sois_li_mUniiU_dUs_inondiiion-1-1-40016.html Cameroun24"
scrapers-data/apify_yaounde/apify_export_yaounde_2019.csv,GOOGLE_SEARCH_RESULT,"row 3, organicResults/1",Centre division; Centre locality,Mfoundi; Yaoundé,inondations,NONE_FOUND,UNKNOWN_REQUIRES_MANUAL_REVIEW,UNKNOWN_REQUIRES_MANUAL_REVIEW,FLOOD_EVIDENCE_NEEDS_DATE,UNASSESSED,"l'avenue Kennedy et le marché de Mfoundi ont été gravement touchés par des inondations en 2018 et 2019, à ... https://reliefweb.int › report › cameroon › oublie-la-plu... inondations 2019 2 « On a oublié la pluie » : à Yaoundé, capitale du ... organic https://reliefweb.int/report/cameroon/oublie-la-pluie-yaounde-capitale-du-cameroun-un-projet-de-gestion-de-leau-pare-aux-inondations ReliefWeb"
scrapers-data/apify_yaounde/apify_export_yaounde_2019.csv,GOOGLE_SEARCH_RESULT,"row 3, organicResults/7",Centre locality,Yaoundé,inondations,NONE_FOUND,UNKNOWN_REQUIRES_MANUAL_REVIEW,UNKNOWN_REQUIRES_MANUAL_REVIEW,FLOOD_EVIDENCE_NEEDS_DATE,UNASSESSED,Retourner aux informations sur le numéro Les inondations dans les bas-fonds de la Commune de Yaoundé 6(Centre-Cameroun): État des lieux et perspectives ... https://revues.imist.ma › EGSM › article › view inondations 8 Vue de Les inondations dans les bas-fonds ... organic https://revues.imist.ma/index.php/EGSM/ar
scrapers-data/apify_yaounde/apify_export_yaounde_2019.csv,GOOGLE_SEARCH_RESULT,"row 3, organicResults/9",Centre locality,Yaoundé,inondations,12/07/2018,UNKNOWN_REQUIRES_MANUAL_REVIEW,UNKNOWN_REQUIRES_MANUAL_REVIEW,POSSIBLE_DUPLICATE_REVIEW_REQUIRED,UNASSESSED,"à Yaoundé. Ajouté le 12/07/2018. Auteur : Martin Luther Djatcheu, habillage JBB, Géoconfluences 2018. https://geoconfluences.ens-lyon.fr › img-djatcheu › view inondations 10 Schéma simplifié des causes des inondations à Yaoundé organic https://geoconfluences.ens-lyon.fr/images/articles/img-djatcheu/fig10-schema-inondations-yaounde.png/view Géoconfluences"
scrapers-data/apify_yaounde/apify_export_yaounde_2019.csv,GOOGLE_SEARCH_RESULT,"row 4, organicResults/1",Centre locality,Yaoundé,INONDATIONS,NONE_FOUND,UNKNOWN_REQUIRES_MANUAL_REVIEW,UNKNOWN_REQUIRES_MANUAL_REVIEW,FLOOD_EVIDENCE_NEEDS_DATE,UNASSESSED,Plus de 60 réactions · il y a 6 ans 2 VENDREDI D'INONDATIONS À YAOUNDÉ [ VIDÉO ] ACTE 2 ... organic https://www.facebook.com/Paulchouta/posts/vendredi-dinondations-%C3%A0-yaound%C3%A9-vid%C3%A9o-acte-2-apr%C3%A8s-le-passage-dune-pluie-diluvie/2536587853068477/ Facebook · Le TGV de l
scrapers-data/apify_yaounde/apify_export_yaounde_2019.csv,GOOGLE_SEARCH_RESULT,"row 4, organicResults/3",Centre locality,Yaoundé,INONDATIONS,NONE_FOUND,UNKNOWN_REQUIRES_MANUAL_REVIEW,UNKNOWN_REQUIRES_MANUAL_REVIEW,FLOOD_EVIDENCE_NEEDS_DATE,UNASSESSED,"l'eau, avec des dégâts matériels importants qui en ont résulté. L'imam Haoumadou Touré de ... Plus de 200 réactions · il y a 6 ans Plus d'une vingtaine de bâtiments ont été envahis par l'eau 4 VENDREDI D'INONDATIONS À YAOUNDÉ [ VIDÉO, ... organic https://www.facebook.com/Paulchouta/posts/vendredi-dinondations-%C3%A0-yaound%C3%A9-vid%C3%A9o-photos-apr%C3%A8s-le-passage-dune-pluie-diluvie/2536569733070289/ Facebook · Le TGV de l'info"
scrapers-data/apify_yaounde/apify_export_yaounde_2019.csv,GOOGLE_SEARCH_RESULT,"row 5, organicResults/3",Centre locality,Yaoundé,INONDATIONS,NONE_FOUND,UNKNOWN_REQUIRES_MANUAL_REVIEW,UNKNOWN_REQUIRES_MANUAL_REVIEW,FLOOD_EVIDENCE_NEEDS_DATE,UNASSESSED,Plus de 60 réactions · il y a 6 ans 4 VENDREDI D'INONDATIONS À YAOUNDÉ [ VIDÉO ] ACTE 2 ... organic https://www.facebook.com/Paulchouta/posts/vendredi-dinondations-%C3%A0-yaound%C3%A9-vid%C3%A9o-acte-2-apr%C3%A8s-le-passage-dune-pluie-diluvie/2536587853068477/ Facebook · Le TGV de l
scrapers-data/apify_yaounde/apify_export_yaounde_2019.csv,GOOGLE_SEARCH_RESULT,"row 5, organicResults/6",Centre division; Centre locality,Mfoundi; Yaoundé,inondation,NONE_FOUND,UNKNOWN_REQUIRES_MANUAL_REVIEW,UNKNOWN_REQUIRES_MANUAL_REVIEW,FLOOD_EVIDENCE_NEEDS_DATE,UNASSESSED,20 juil. 2022 — L'objectif de cette contribution est de produire la carte de l'aléa inondation dans le bassin versant du Mfoundi à Yaoundé. La méthode utilisée ... https://www.researchgate.net › ... › AHP inondation 7 Contribution à la cartographie de l'aléa inondation dans le ... organic https://www.researchgate.net/publication/362135365_Contributi
scrapers-data/apify_yaounde/apify_export_yaounde_2019.csv,GOOGLE_SEARCH_RESULT,"row 5, organicResults/7",Centre locality,Yaoundé,INONDATIONS,NONE_FOUND,UNKNOWN_REQUIRES_MANUAL_REVIEW,UNKNOWN_REQUIRES_MANUAL_REVIEW,FLOOD_EVIDENCE_NEEDS_DATE,UNASSESSED,"l'eau, avec des dégâts matériels importants qui en ont résulté. L'imam Haoumadou Touré de ... Plus de 200 réactions · il y a 6 ans Plus d'une vingtaine de bâtiments ont été envahis par l'eau 8 VENDREDI D'INONDATIONS À YAOUNDÉ [ VIDÉO, ... organic https://www.facebook.com/Paulchouta/posts/vendredi-dinondations-%C3%A0-yaound%C3%A9-vid%C3%A9o-photos-apr%C3%A8s-le-passage-dune-pluie-diluvie/2536569733070289/ Facebook · Le TGV de l'info"
scrapers-data/apify_yaounde/apify_export_yaounde_2019.csv,GOOGLE_SEARCH_RESULT,"row 6, organicResults/0",Centre division; Centre locality,Mfoundi; Yaoundé,inondations,NONE_FOUND,UNKNOWN_REQUIRES_MANUAL_REVIEW,UNKNOWN_REQUIRES_MANUAL_REVIEW,FLOOD_EVIDENCE_NEEDS_DATE,UNASSESSED,"Kennedy et le marché de Mfoundi ont été gravement touchés par des inondations en 2018 et 2019, à ... https://adf.afdb.org › success-stories › on-a-oublie-la-pl... Yaoundé inondations 2019 1 « On a oublié la pluie » : à Yaoundé, capitale du ... organic https://adf.afdb.org/fr/success-stories/%E2%80%89on-a-oublie-la-pluie%E2%80%89-a-yaounde-capitale-du-cameroun-un-projet-de-gestion-de-leau-pare-aux-inondations/ African Development Bank G"
scrapers-data/apify_yaounde/apify_export_yaounde_2019.csv,GOOGLE_SEARCH_RESULT,"row 6, organicResults/2",Centre division; Centre locality,Mfoundi; Yaoundé,Inondations; inondations,NONE_FOUND,UNKNOWN_REQUIRES_MANUAL_REVIEW,UNKNOWN_REQUIRES_MANUAL_REVIEW,FLOOD_EVIDENCE_NEEDS_DATE,UNASSESSED,"la voirie municipale, le canal du Mfoundi en contre bas du marché éponyme, l'exutoire des eaux au niveau de centre artisanal ... https://www.minhdu.gov.cm › inondations-au-centre-vill... 3 Inondations au centre-ville de Yaoundé organic https://www.minhdu.gov.cm/inondations-au-centre-ville-de-yaounde-le-minhdu-en-quete-des-solutions-durables/ - MINHDU"
scrapers-data/apify_yaounde/apify_export_yaounde_2019.csv,GOOGLE_SEARCH_RESULT,"row 6, organicResults/3",Centre locality,Yaoundé,inondations,NONE_FOUND,UNKNOWN_REQUIRES_MANUAL_REVIEW,UNKNOWN_REQUIRES_MANUAL_REVIEW,FLOOD_EVIDENCE_NEEDS_DATE,UNASSESSED,é 1 fois — Les principaux résultats indiquent que le milieu physique des bas-fonds de la Commune de Yaoundé 6 est fragile face à la permanence des inondations. Par ... https://revues.imist.ma › EGSM › article › download Yaoundé inondations de M CHINDJI · 2023 · Cité 1 fois — Les principaux résultats indiquent que le milieu physique des bas-fonds de la Commune de Yaoundé 6 est fragile face à la permanence des inondations. Par ... 4 les i
scrapers-data/apify_yaounde/apify_export_yaounde_2019.csv,GOOGLE_SEARCH_RESULT,"row 6, organicResults/4",Centre locality,Yaoundé,inondations,12/07/2018,UNKNOWN_REQUIRES_MANUAL_REVIEW,UNKNOWN_REQUIRES_MANUAL_REVIEW,POSSIBLE_DUPLICATE_REVIEW_REQUIRED,UNASSESSED,"Schéma simplifié des causes des inondations à Yaoundé. Ajouté le 12/07/2018. Auteur : Martin Luther Djatcheu, habillage JBB, Géoconfluences 2018. https://geoconfluences.ens-lyon.fr › img-djatcheu › view inondations Yaoundé 5 Schéma simplifié des causes des inondations à Yaoundé organic https://geoconfluences.ens-lyon.fr/images/articles/img-djatcheu/fig10-schema-inondations-yaounde.png/view Géoconfluences"
scrapers-data/apify_yaounde/apify_export_yaounde_2019.csv,GOOGLE_SEARCH_RESULT,"row 6, organicResults/5",Centre locality,Yaoundé,INONDATIONS; inondations,20 septembre 2019,UNKNOWN_REQUIRES_MANUAL_REVIEW,UNKNOWN_REQUIRES_MANUAL_REVIEW,POSSIBLE_DUPLICATE_REVIEW_REQUIRED,UNASSESSED,"YAOUNDÉ [ VIDÉO, PHOTOS ] Après le passage d'une pluie diluvienne ce vendredi 20 septembre 2019, les inondations ... Plus de 200 réactions · il y a 6 ans INONDATIONS YAOUNDÉ 2019 inondations 6 VENDREDI D'INONDATIONS À YAOUNDÉ [ VIDÉO, ... organic https://www.facebook.com/Paulchouta/posts/vendredi-dinondations-%C3%A0-yaound%C3%A9-vid%C3%A9o-photos-apr%C3%A8s-le-passage-dune-pluie-diluvie/2536569733070289/ Facebook · Le TGV de l'info"
scrapers-data/apify_yaounde/apify_export_yaounde_2019.csv,GOOGLE_SEARCH_RESULT,"row 6, organicResults/6",Centre locality,Yaoundé,Inondations,NONE_FOUND,UNKNOWN_REQUIRES_MANUAL_REVIEW,UNKNOWN_REQUIRES_MANUAL_REVIEW,FLOOD_EVIDENCE_NEEDS_DATE,UNASSESSED,"00:00.000Z Faute de voie pour circuler, les eaux de pluies ont envahi de nombreux quartiers. Dans l'arrondissement de Yaoundé Ier, les quartiers Bastos et ... https://cameroon-tribune.cm › article.html › en.html › in... Yaoundé 7 Inondations : des quartiers touchés organic https://cameroon-tribune.cm/article.html/28507/en.html/inondations-quartiers-touches Cameroon-Tribune"
scrapers-data/apify_yaounde/apify_export_yaounde_2019.csv,GOOGLE_SEARCH_RESULT,"row 6, organicResults/7",Centre locality,Yaoundé,inondation,NONE_FOUND,UNKNOWN_REQUIRES_MANUAL_REVIEW,UNKNOWN_REQUIRES_MANUAL_REVIEW,FLOOD_EVIDENCE_NEEDS_DATE,UNASSESSED,· 2026 — Etude de la vulnérabilité sociale face aux risques d'inondation dans la ville de Yaoundé-Cameroun : cas de l'arrondissement de Yaoundé 7 ... https://revue-irsi.com › index.php › home › article › view inondation Yaoundé Yaoundé de WGF NJOMO · 2026 — Etude de la vulnérabilité sociale face aux risques d'inondation dans la ville de Yaoundé-Cameroun : cas de l'arrondissement de Yaoundé 7 ... 8 Etude de la vulnérabilité sociale face
scrapers-data/apify_yaounde/apify_export_yaounde_2019.csv,GOOGLE_SEARCH_RESULT,"row 6, organicResults/8",Centre locality,Yaoundé,inondations,NONE_FOUND,UNKNOWN_REQUIRES_MANUAL_REVIEW,UNKNOWN_REQUIRES_MANUAL_REVIEW,FLOOD_EVIDENCE_NEEDS_DATE,UNASSESSED,2023-10-02T12:00:00.000Z Les inondations constituent un danger pour les populations riveraines des bas-fonds de la Commune de Yaoundé 6 au Cameroun. https://www.researchgate.net › publication › 37437373... inondations Yaoundé 9 les inondations dans les bas-fonds de la commune ... organic https://www.researchgate.net/publication/374373731_LES_INONDATIONS_DANS_LES_BAS-FONDS_DE_LA_COMMUNE_DE_YAOUNDE_6_CENTRE-CAMEROUN_ETAT_DES_LIEUX_ET_PE
scrapers-data/apify_yaounde/apify_export_yaounde_2019.csv,GOOGLE_SEARCH_RESULT,"row 7, organicResults/0",Centre division; Centre locality,Mfoundi; Yaoundé,inondations,NONE_FOUND,UNKNOWN_REQUIRES_MANUAL_REVIEW,UNKNOWN_REQUIRES_MANUAL_REVIEW,FLOOD_EVIDENCE_NEEDS_DATE,UNASSESSED,"Kennedy et le marché de Mfoundi ont été gravement touchés par des inondations en 2018 et 2019, à ... https://adf.afdb.org › success-stories › on-a-oublie-la-pl... Yaoundé inondations 2019 1 « On a oublié la pluie » : à Yaoundé, capitale du ... organic https://adf.afdb.org/fr/success-stories/%E2%80%89on-a-oublie-la-pluie%E2%80%89-a-yaounde-capitale-du-cameroun-un-projet-de-gestion-de-leau-pare-aux-inondations/ African Development Bank G"
scrapers-data/apify_yaounde/apify_export_yaounde_2019.csv,GOOGLE_SEARCH_RESULT,"row 7, organicResults/1",Centre locality,Yaoundé,inondations,NONE_FOUND,UNKNOWN_REQUIRES_MANUAL_REVIEW,UNKNOWN_REQUIRES_MANUAL_REVIEW,FLOOD_EVIDENCE_NEEDS_DATE,UNASSESSED,é 1 fois — Les principaux résultats indiquent que le milieu physique des bas-fonds de la Commune de Yaoundé 6 est fragile face à la permanence des inondations. Par ... https://revues.imist.ma › EGSM › article › download Yaoundé inondations de M CHINDJI · 2023 · Cité 1 fois — Les principaux résultats indiquent que le milieu physique des bas-fonds de la Commune de Yaoundé 6 est fragile face à la permanence des inondations. Par ... 2 les i
scrapers-data/apify_yaounde/apify_export_yaounde_2019.csv,GOOGLE_SEARCH_RESULT,"row 7, organicResults/3",Centre division; Centre locality,Mfoundi; Yaoundé,Inondations; inondations,NONE_FOUND,UNKNOWN_REQUIRES_MANUAL_REVIEW,UNKNOWN_REQUIRES_MANUAL_REVIEW,FLOOD_EVIDENCE_NEEDS_DATE,UNASSESSED,"la voirie municipale, le canal du Mfoundi en contre bas du marché éponyme, l'exutoire des eaux au niveau de centre artisanal ... https://www.minhdu.gov.cm › inondations-au-centre-vill... 4 Inondations au centre-ville de Yaoundé organic https://www.minhdu.gov.cm/inondations-au-centre-ville-de-yaounde-le-minhdu-en-quete-des-solutions-durables/ - MINHDU"
scrapers-data/apify_yaounde/apify_export_yaounde_2019.csv,GOOGLE_SEARCH_RESULT,"row 7, organicResults/4",Centre locality,Yaoundé,inondations,NONE_FOUND,UNKNOWN_REQUIRES_MANUAL_REVIEW,UNKNOWN_REQUIRES_MANUAL_REVIEW,FLOOD_EVIDENCE_NEEDS_DATE,UNASSESSED,2023-10-02T12:00:00.000Z Les inondations constituent un danger pour les populations riveraines des bas-fonds de la Commune de Yaoundé 6 au Cameroun. https://www.researchgate.net › publication › 37437373... inondations Yaoundé 5 les inondations dans les bas-fonds de la commune ... organic https://www.researchgate.net/publication/374373731_LES_INONDATIONS_DANS_LES_BAS-FONDS_DE_LA_COMMUNE_DE_YAOUNDE_6_CENTRE-CAMEROUN_ETAT_DES_LIEUX_ET_PE
scrapers-data/apify_yaounde/apify_export_yaounde_2019.csv,GOOGLE_SEARCH_RESULT,"row 7, organicResults/5",Centre locality,Yaoundé,INONDATIONS; inondations,20 septembre 2019,UNKNOWN_REQUIRES_MANUAL_REVIEW,UNKNOWN_REQUIRES_MANUAL_REVIEW,POSSIBLE_DUPLICATE_REVIEW_REQUIRED,UNASSESSED,"YAOUNDÉ [ VIDÉO, PHOTOS ] Après le passage d'une pluie diluvienne ce vendredi 20 septembre 2019, les inondations ... Plus de 200 réactions · il y a 6 ans INONDATIONS YAOUNDÉ 2019 inondations 6 VENDREDI D'INONDATIONS À YAOUNDÉ [ VIDÉO, ... organic https://www.facebook.com/Paulchouta/posts/vendredi-dinondations-%C3%A0-yaound%C3%A9-vid%C3%A9o-photos-apr%C3%A8s-le-passage-dune-pluie-diluvie/2536569733070289/ Facebook · Le TGV de l'info"
scrapers-data/apify_yaounde/apify_export_yaounde_2019.csv,GOOGLE_SEARCH_RESULT,"row 7, organicResults/6",Centre locality,Yaoundé,Inondations,NONE_FOUND,UNKNOWN_REQUIRES_MANUAL_REVIEW,UNKNOWN_REQUIRES_MANUAL_REVIEW,FLOOD_EVIDENCE_NEEDS_DATE,UNASSESSED,":00:00.000Z Dans l'arrondissement de Yaoundé Ier, les quartiers Bastos et Dragage ont subi le même sort. Les traces de boues y sont encore visibles sur la ... https://cameroon-tribune.cm › article.html › en.html › in... Yaoundé 7 Inondations : des quartiers touchés organic https://cameroon-tribune.cm/article.html/28507/en.html/inondations-quartiers-touches Cameroon-Tribune"
scrapers-data/apify_yaounde/apify_export_yaounde_2019.csv,GOOGLE_SEARCH_RESULT,"row 7, organicResults/8",Centre locality,Yaoundé,inondations,12/07/2018,UNKNOWN_REQUIRES_MANUAL_REVIEW,UNKNOWN_REQUIRES_MANUAL_REVIEW,POSSIBLE_DUPLICATE_REVIEW_REQUIRED,UNASSESSED,"Schéma simplifié des causes des inondations à Yaoundé. Ajouté le 12/07/2018. Auteur : Martin Luther Djatcheu, habillage JBB, Géoconfluences 2018. https://geoconfluences.ens-lyon.fr › img-djatcheu › view inondations Yaoundé 9 Schéma simplifié des causes des inondations à Yaoundé organic https://geoconfluences.ens-lyon.fr/images/articles/img-djatcheu/fig10-schema-inondations-yaounde.png/view Géoconfluences"
scrapers-data/apify_yaounde/apify_export_yaounde_2019.csv,GOOGLE_SEARCH_RESULT,"row 7, organicResults/9",Centre locality,Yaoundé,Inondations; inondations,9 juin 2026; 2026/06/09,UNKNOWN_REQUIRES_MANUAL_REVIEW,UNKNOWN_REQUIRES_MANUAL_REVIEW,POSSIBLE_DUPLICATE_REVIEW_REQUIRED,UNASSESSED,9 juin 2026 — Le Mindhu dénonce l'incivisme urbain face aux inondations à Yaoundé et appelle à l'accélération du projet PADY. https://actucameroun.com › Société l 10 Inondations à Yaoundé : le Mindhu réagit organic https://actucameroun.com/2026/06/09/inondations-yaounde-le-mindhu-denonce-lincivisme-urbain-et-veut-la-mise-en-oeuvre-acceleree-du-chantier-pady/ Actu Cameroun
scrapers-data/apify_yaounde/apify_export_yaounde_2019.csv,GOOGLE_SEARCH_RESULT,"row 9, organicResults/0",Yaoundé quartier/arrondissement,Mvog-Ada,inondation,NONE_FOUND,UNKNOWN_REQUIRES_MANUAL_REVIEW,UNKNOWN_REQUIRES_MANUAL_REVIEW,FLOOD_EVIDENCE_NEEDS_DATE,UNASSESSED,"mmunauté ... https://www.nss-journal.org › nss190003 › nss190003 inondation Mvog Ada de F Saha · 2018 · Cité 24 fois — Le risque d'inondation est la principale menace d'origine naturelle sur les villes équatoriales. ... Mvog-Ada est illustratif. En effet, en 2015 la communauté ... 1 naturels » dans les grands centres urbains du Cameroun organic https://www.nss-journal.org/fr/articles/nss/full_html/2018/04/nss190003/nss190003.html Nature"
scrapers-data/apify_yaounde/apify_export_yaounde_2020.csv,GOOGLE_SEARCH_RESULT,"row 10, organicResults/4",Centre locality,Yaoundé,Inondation; inondations,NONE_FOUND,UNKNOWN_REQUIRES_MANUAL_REVIEW,UNKNOWN_REQUIRES_MANUAL_REVIEW,FLOOD_EVIDENCE_NEEDS_DATE,UNASSESSED,"En 2020, les inondations dans les régions du septentrion ont affecté plus de 160 000 personnes et entrainé plus de 60 morts [9]. Yaoundé, 1989 https://fr.wikipedia.org › wiki › In... 2020 inondations Yaoundé 5 Inondation au Cameroun organic https://fr.wikipedia.org/wiki/Inondation_au_Cameroun Wikipédia"
scrapers-data/apify_yaounde/apify_export_yaounde_2020.csv,GOOGLE_SEARCH_RESULT,"row 10, organicResults/7",Centre locality,Yaoundé,inondations,NONE_FOUND,UNKNOWN_REQUIRES_MANUAL_REVIEW,UNKNOWN_REQUIRES_MANUAL_REVIEW,FLOOD_EVIDENCE_NEEDS_DATE,UNASSESSED,— Les principaux résultats indiquent que le milieu physique des bas-fonds de la Commune de Yaoundé 6 est fragile face à la permanence des inondations. Par ...Read more https://revues.imist.ma › EGSM › article › download Yaoundé inondations by M CHINDJI · 2023 · Cited by 1 — Les principaux résultats indiquent que le milieu physique des bas-fonds de la Commune de Yaoundé 6 est fragile face à la permanence des inondations. Par ...Read more
scrapers-data/apify_yaounde/apify_export_yaounde_2020.csv,GOOGLE_SEARCH_RESULT,"row 11, organicResults/0",Yaoundé quartier/arrondissement,Ngousso,inondation,NONE_FOUND,UNKNOWN_REQUIRES_MANUAL_REVIEW,UNKNOWN_REQUIRES_MANUAL_REVIEW,FLOOD_EVIDENCE_NEEDS_DATE,UNASSESSED,ie s'échappant du cratère ont causé l'inondation des habitations voisines avec d'importants dégâts ... https://fr.journalducameroun.com › cameroun-une-con... inondation 1 une conduite d'eau se casse et sème la panique à Ngousso organic https://fr.journalducameroun.com/cameroun-une-conduite-deau-se-casse-et-seme-la-panique-a-ngousso/ Journalducameroun.com
scrapers-data/apify_yaounde/apify_export_yaounde_2020.csv,GOOGLE_SEARCH_RESULT,"row 11, organicResults/1",Centre locality,Yaoundé,Inondations; inondations,NONE_FOUND,UNKNOWN_REQUIRES_MANUAL_REVIEW,UNKNOWN_REQUIRES_MANUAL_REVIEW,FLOOD_EVIDENCE_NEEDS_DATE,UNASSESSED,"Les inondations sont un phénomène récurrent à Douala , ,, comme dans certaines autres grandes villes du Cameroun telles Yaoundé, Maroua. https://fr.wikipedia.org › wiki › Inondations_de_2020_... inondations 2 Inondations de 2020 à Douala organic https://fr.wikipedia.org/wiki/Inondations_de_2020_%C3%A0_Douala Wikipédia"
scrapers-data/apify_yaounde/apify_export_yaounde_2020.csv,GOOGLE_SEARCH_RESULT,"row 12, organicResults/0",Centre locality,Yaoundé,inondations,NONE_FOUND,UNKNOWN_REQUIRES_MANUAL_REVIEW,UNKNOWN_REQUIRES_MANUAL_REVIEW,FLOOD_EVIDENCE_NEEDS_DATE,UNASSESSED,é 1 fois — Les principaux résultats indiquent que le milieu physique des bas-fonds de la Commune de Yaoundé 6 est fragile face à la permanence des inondations. Par ... https://revues.imist.ma › EGSM › article › download Yaoundé inondations de M CHINDJI · 2023 · Cité 1 fois — Les principaux résultats indiquent que le milieu physique des bas-fonds de la Commune de Yaoundé 6 est fragile face à la permanence des inondations. Par ... 1 les i
scrapers-data/apify_yaounde/apify_export_yaounde_2020.csv,GOOGLE_SEARCH_RESULT,"row 12, organicResults/1",Centre division; Centre locality,Mfoundi; Yaoundé,inondations,NONE_FOUND,UNKNOWN_REQUIRES_MANUAL_REVIEW,UNKNOWN_REQUIRES_MANUAL_REVIEW,FLOOD_EVIDENCE_NEEDS_DATE,UNASSESSED,"uil. 2022 — Dans le centre-ville de Yaoundé, l'avenue Kennedy et le marché de Mfoundi ont été gravement touchés par des inondations en 2018 et 2019, à la ... https://www.afdb.org › success-stories › oublie-la-pluie-y... Yaoundé inondations 2 à Yaoundé, capitale du Cameroun, un projet de gestion ... organic https://www.afdb.org/fr/success-stories/oublie-la-pluie-yaounde-capitale-du-cameroun-un-projet-de-gestion-de-leau-pare-aux-inondatio"
scrapers-data/apify_yaounde/apify_export_yaounde_2020.csv,GOOGLE_SEARCH_RESULT,"row 12, organicResults/2",Centre locality,Yaoundé,inondations,NONE_FOUND,UNKNOWN_REQUIRES_MANUAL_REVIEW,UNKNOWN_REQUIRES_MANUAL_REVIEW,FLOOD_EVIDENCE_NEEDS_DATE,UNASSESSED,2023-10-02T12:00:00.000Z Les inondations constituent un danger pour les populations riveraines des bas-fonds de la Commune de Yaoundé 6 au Cameroun. https://www.researchgate.net › publication › 37437373... inondations Yaoundé 3 les inondations dans les bas-fonds de la commune ... organic https://www.researchgate.net/publication/374373731_LES_INONDATIONS_DANS_LES_BAS-FONDS_DE_LA_COMMUNE_DE_YAOUNDE_6_CENTRE-CAMEROUN_ETAT_DES_LIEUX_ET_PE
scrapers-data/apify_yaounde/apify_export_yaounde_2020.csv,GOOGLE_SEARCH_RESULT,"row 12, organicResults/3",Centre locality,Yaoundé,Inondations; inondations,NONE_FOUND,UNKNOWN_REQUIRES_MANUAL_REVIEW,UNKNOWN_REQUIRES_MANUAL_REVIEW,FLOOD_EVIDENCE_NEEDS_DATE,UNASSESSED,"Les inondations sont un phénomène récurrent à Douala , ,, comme dans certaines autres grandes villes du Cameroun telles Yaoundé, Maroua. https://fr.wikipedia.org › wiki › Inondations_de_2020_... inondations Yaoundé 4 Inondations de 2020 à Douala organic https://fr.wikipedia.org/wiki/Inondations_de_2020_%C3%A0_Douala Wikipédia"
scrapers-data/apify_yaounde/apify_export_yaounde_2020.csv,GOOGLE_SEARCH_RESULT,"row 12, organicResults/5",Centre division; Centre locality,Mfoundi; Yaoundé,Inondations; inondations,NONE_FOUND,UNKNOWN_REQUIRES_MANUAL_REVIEW,UNKNOWN_REQUIRES_MANUAL_REVIEW,FLOOD_EVIDENCE_NEEDS_DATE,UNASSESSED,"la voirie municipale, le canal du Mfoundi en contre bas du marché éponyme, l'exutoire des eaux au niveau de centre artisanal ... https://www.minhdu.gov.cm › inondations-au-centre-vill... 6 Inondations au centre-ville de Yaoundé organic https://www.minhdu.gov.cm/inondations-au-centre-ville-de-yaounde-le-minhdu-en-quete-des-solutions-durables/ - MINHDU"
scrapers-data/apify_yaounde/apify_export_yaounde_2020.csv,GOOGLE_SEARCH_RESULT,"row 12, organicResults/6",Centre locality,Yaoundé,inondations,12/07/2018,UNKNOWN_REQUIRES_MANUAL_REVIEW,UNKNOWN_REQUIRES_MANUAL_REVIEW,POSSIBLE_DUPLICATE_REVIEW_REQUIRED,UNASSESSED,"Schéma simplifié des causes des inondations à Yaoundé. Ajouté le 12/07/2018. Auteur : Martin Luther Djatcheu, habillage JBB, Géoconfluences 2018. https://geoconfluences.ens-lyon.fr › img-djatcheu › view inondations Yaoundé 7 Schéma simplifié des causes des inondations à Yaoundé organic https://geoconfluences.ens-lyon.fr/images/articles/img-djatcheu/fig10-schema-inondations-yaounde.png/view Géoconfluences"
scrapers-data/apify_yaounde/apify_export_yaounde_2020.csv,GOOGLE_SEARCH_RESULT,"row 12, organicResults/7",Centre locality,Yaoundé,inondations,04 Juin 2026,UNKNOWN_REQUIRES_MANUAL_REVIEW,UNKNOWN_REQUIRES_MANUAL_REVIEW,POSSIBLE_DUPLICATE_REVIEW_REQUIRED,UNASSESSED,"De fortes pluies se sont abattues ce 04 Juin 2026 sur Yaoundé, entraînant d'importantes inondations dans plusieurs secteurs de la capitale. Aux ... 3 ""J'aime"" · il y a 2 mois Yaoundé inondations 8 Yaoundé : de fortes pluies provoquent des inondations ... organic https://www.instagram.com/p/DZM5KYSl85c/?hl=fr Instagram · ansamedia237"
scrapers-data/apify_yaounde/apify_export_yaounde_2020.csv,GOOGLE_SEARCH_RESULT,"row 3, organicResults/0",Yaoundé quartier/arrondissement,Nkolbisson,inondations,NONE_FOUND,UNKNOWN_REQUIRES_MANUAL_REVIEW,UNKNOWN_REQUIRES_MANUAL_REVIEW,FLOOD_EVIDENCE_NEEDS_DATE,UNASSESSED,"Selon la construction, le niveau atteint la moitié de la porte ou les fenêtres. La route est envahie par les ... https://fr.allafrica.com › stories L'eau est à plus d'un mètre du sol 1 Cameroun: Encore des inondations à Nkolbisson organic https://fr.allafrica.com/stories/201204161377.html allAfrica.fr"
scrapers-data/apify_yaounde/apify_export_yaounde_2020.csv,GOOGLE_SEARCH_RESULT,"row 3, organicResults/1",Yaoundé quartier/arrondissement,Nkolbisson,inondations,NONE_FOUND,UNKNOWN_REQUIRES_MANUAL_REVIEW,UNKNOWN_REQUIRES_MANUAL_REVIEW,FLOOD_EVIDENCE_NEEDS_DATE,UNASSESSED,par la mauvaise gestion des déchets urbains notamment les ordures ... https://archives.yusiip.cm › actualite_presentation › titre... Le quartier est exposé aux inondations 2 Comment prévenir des inondations au quartier Nkolbisson ... organic https://archives.yusiip.cm/actualite_presentation.php?actualite=56&titre=Comment%20pr%C3%A9venir%20des%20inondations%20au%20quartier%20Nkolbisson%20%C3%A0%20Yaound%C3%A9%20? Yusiip
scrapers-data/apify_yaounde/apify_export_yaounde_2020.csv,GOOGLE_SEARCH_RESULT,"row 3, organicResults/2",Centre locality; Yaoundé quartier/arrondissement,Yaoundé; Nkolbisson,débordements; inondations,NONE_FOUND,UNKNOWN_REQUIRES_MANUAL_REVIEW,UNKNOWN_REQUIRES_MANUAL_REVIEW,FLOOD_EVIDENCE_NEEDS_DATE,UNASSESSED,"Yaoundé: Nkolbisson sous la menace des inondations ... Après celles enregistrées le 21 juin dernier, les populations craignent de nouveaux débordements des eaux. https://cameroun24.net › article › 40016-Yaound_C3_... Nkolbisson inondations 3 Yaoundé: Nkolbisson sous la menace des inondations organic https://cameroun24.net/article/40016-Yaound_C3_A9_3A_Nkolbisson_sous_la_menace_des_inondation.html?pr=51093&lang=fr Cameroun24"
scrapers-data/apify_yaounde/apify_export_yaounde_2020.csv,GOOGLE_SEARCH_RESULT,"row 3, organicResults/4",Centre locality,Yaoundé,Inondations; inondations,NONE_FOUND,UNKNOWN_REQUIRES_MANUAL_REVIEW,UNKNOWN_REQUIRES_MANUAL_REVIEW,FLOOD_EVIDENCE_NEEDS_DATE,UNASSESSED,"Les inondations sont un phénomène récurrent à Douala , ,, comme dans certaines autres grandes villes du Cameroun telles Yaoundé, Maroua. https://fr.wikipedia.org › wiki › Inondations_de_2020_... inondations 5 Inondations de 2020 à Douala organic https://fr.wikipedia.org/wiki/Inondations_de_2020_%C3%A0_Douala Wikipédia"
scrapers-data/apify_yaounde/apify_export_yaounde_2020.csv,GOOGLE_SEARCH_RESULT,"row 3, organicResults/7",Centre locality; Yaoundé quartier/arrondissement,Yaoundé; Nkolbisson,inondations,NONE_FOUND,UNKNOWN_REQUIRES_MANUAL_REVIEW,UNKNOWN_REQUIRES_MANUAL_REVIEW,FLOOD_EVIDENCE_NEEDS_DATE,UNASSESSED,Cameroun – Yaoundé: Les inondations persistent au quartier Nkolbisson. Les déchets plastiques et organiques ont bloqué la buse métallique qui ... https://actucameroun.com › Société Les inondations persistent au quartier Nkolbisson 8 Yaoundé: Les inondations persistent au quartier Nkolbisson organic https://actucameroun.com/2017/09/12/cameroun-yaounde-les-inondations-persistent-au-quartier-nkolbisson/ Actu Cameroun
scrapers-data/apify_yaounde/apify_export_yaounde_2020.csv,GOOGLE_SEARCH_RESULT,"row 3, organicResults/8",Yaoundé quartier/arrondissement,Nkolbisson,inondations,NONE_FOUND,UNKNOWN_REQUIRES_MANUAL_REVIEW,UNKNOWN_REQUIRES_MANUAL_REVIEW,FLOOD_EVIDENCE_NEEDS_DATE,UNASSESSED,"5 recenser de 1970 à 2020, toutes les inondations survenues dans la capitale. ... Nkolbisson situé à l'ouest est fréquemment inondé avec 17 inondations si l ... https://fr.scribd.com › document › Memoire-Wadjo Nkolbisson situé à l'ouest est fréquemment inondé avec 17 inondations 2 9 Memoire Wadjo | PDF | Inondation organic https://fr.scribd.com/document/883675250/Memoire-Wadjo Scribd"
scrapers-data/apify_yaounde/apify_export_yaounde_2020.csv,GOOGLE_SEARCH_RESULT,"row 3, organicResults/9",Centre locality; Yaoundé quartier/arrondissement,Yaoundé; Nkolbisson,inondations,NONE_FOUND,UNKNOWN_REQUIRES_MANUAL_REVIEW,UNKNOWN_REQUIRES_MANUAL_REVIEW,FLOOD_EVIDENCE_NEEDS_DATE,UNASSESSED,"2024-10-03T12:00:00.000Z Il est à cet effet attendu une baisse de l'incidence de la pauvreté de 12,2 % à l'horizon 2030. Dans ce cadre, la SDSR projette d'accroître la ... http://www.cameroon-tribune.cm › articles › yaoundé-nk... 10 Yaoundé: Nkolbisson sous la menace des inondations organic http://www.cameroon-tribune.cm/articles/9763/fr/yaound%C3%A9-nkolbisson-sous-la-menace-des-inondations Cameroon-Tribune"
scrapers-data/apify_yaounde/apify_export_yaounde_2020.csv,GOOGLE_SEARCH_RESULT,"row 4, organicResults/1",Centre locality,Yaoundé,Inondations; inondations,NONE_FOUND,UNKNOWN_REQUIRES_MANUAL_REVIEW,UNKNOWN_REQUIRES_MANUAL_REVIEW,FLOOD_EVIDENCE_NEEDS_DATE,UNASSESSED,"Les inondations sont un phénomène récurrent à Douala , ,, comme dans certaines autres grandes villes du Cameroun telles Yaoundé, Maroua. https://fr.wikipedia.org › wiki › Inondations_de_2020_... inondations 2 Inondations de 2020 à Douala organic https://fr.wikipedia.org/wiki/Inondations_de_2020_%C3%A0_Douala Wikipédia"
scrapers-data/apify_yaounde/apify_export_yaounde_2020.csv,GOOGLE_SEARCH_RESULT,"row 4, organicResults/2",Centre division; Centre locality,Mfoundi; Yaoundé,inondations,NONE_FOUND,UNKNOWN_REQUIRES_MANUAL_REVIEW,UNKNOWN_REQUIRES_MANUAL_REVIEW,FLOOD_EVIDENCE_NEEDS_DATE,UNASSESSED,"le centre-ville de Yaoundé, l'avenue Kennedy et le marché de Mfoundi ont été gravement touchés par des inondations en 2018 et 2019, à la ... https://www.afdb.org › success-stories › oublie-la-pluie-y... inondations 3 à Yaoundé, capitale du Cameroun, un projet de gestion ... organic https://www.afdb.org/fr/success-stories/oublie-la-pluie-yaounde-capitale-du-cameroun-un-projet-de-gestion-de-leau-pare-aux-inondations-53739 African Develop"
scrapers-data/apify_yaounde/apify_export_yaounde_2020.csv,GOOGLE_SEARCH_RESULT,"row 6, organicResults/0",Yaoundé quartier/arrondissement,Mvog-Ada,inondation,NONE_FOUND,UNKNOWN_REQUIRES_MANUAL_REVIEW,UNKNOWN_REQUIRES_MANUAL_REVIEW,FLOOD_EVIDENCE_NEEDS_DATE,UNASSESSED,"mmunauté ... https://www.nss-journal.org › nss190003 › nss190003 inondation Mvog Ada de F Saha · 2018 · Cité 24 fois — Le risque d'inondation est la principale menace d'origine naturelle sur les villes équatoriales. ... Mvog-Ada est illustratif. En effet, en 2015 la communauté ... 1 naturels » dans les grands centres urbains du Cameroun organic https://www.nss-journal.org/fr/articles/nss/full_html/2018/04/nss190003/nss190003.html Nature"
scrapers-data/apify_yaounde/apify_export_yaounde_2020.csv,GOOGLE_SEARCH_RESULT,"row 6, organicResults/3",Centre locality,Yaoundé,Inondations; inondations,NONE_FOUND,UNKNOWN_REQUIRES_MANUAL_REVIEW,UNKNOWN_REQUIRES_MANUAL_REVIEW,FLOOD_EVIDENCE_NEEDS_DATE,UNASSESSED,"Les inondations sont un phénomène récurrent à Douala , ,, comme dans certaines autres grandes villes du Cameroun telles Yaoundé, Maroua. https://fr.wikipedia.org › wiki › Inondations_de_2020_... inondations 4 Inondations de 2020 à Douala organic https://fr.wikipedia.org/wiki/Inondations_de_2020_%C3%A0_Douala Wikipédia"
scrapers-data/apify_yaounde/apify_export_yaounde_2020.csv,GOOGLE_SEARCH_RESULT,"row 6, organicResults/5",Yaoundé quartier/arrondissement,Nkolbisson; Mvog-Ada,inondations,NONE_FOUND,UNKNOWN_REQUIRES_MANUAL_REVIEW,UNKNOWN_REQUIRES_MANUAL_REVIEW,FLOOD_EVIDENCE_NEEDS_DATE,UNASSESSED,aires de Mvog-Ada et les populations du quartier ont libéré les buses encombrées par les ordures ... https://archives.yusiip.cm › actualite_presentation › titre... Mvog Ada 6 Comment prévenir des inondations au quartier Nkolbisson ... organic https://archives.yusiip.cm/actualite_presentation.php?actualite=56&titre=Comment%20pr%C3%A9venir%20des%20inondations%20au%20quartier%20Nkolbisson%20%C3%A0%20Yaound%C3%A9%20? Yusiip
scrapers-data/apify_yaounde/apify_export_yaounde_2020.csv,GOOGLE_SEARCH_RESULT,"row 7, organicResults/0",Centre locality; Yaoundé quartier/arrondissement,Yaoundé; Etoug-Ebe,Inondation,NONE_FOUND,UNKNOWN_REQUIRES_MANUAL_REVIEW,UNKNOWN_REQUIRES_MANUAL_REVIEW,FLOOD_EVIDENCE_NEEDS_DATE,UNASSESSED,uite d'une bousculade au Lycée Bilingue d'Etoug-Ebe à Yaoundé. En effet l'entrée des retardataires dans l'enceinte de ... 5 commentaires · il y a 7 ans 21 élèves blessés à la suite d'une bousculade au Lycée Bilingue d'Etoug-Ebe 1 Inondation hier en mi - journée à Etoug-ebe lieu dit école ... organic https://www.facebook.com/groups/1509066946081280/posts/2158001644521137/ Facebook · plate forme praticienne de réduction de risque de cat
scrapers-data/apify_yaounde/apify_export_yaounde_2020.csv,GOOGLE_SEARCH_RESULT,"row 7, organicResults/2",Yaoundé quartier/arrondissement,Biyem-Assi; Etoug-Ebe,inondations,NONE_FOUND,UNKNOWN_REQUIRES_MANUAL_REVIEW,UNKNOWN_REQUIRES_MANUAL_REVIEW,FLOOD_EVIDENCE_NEEDS_DATE,UNASSESSED,"êtes de terrain ... 2020, soit une augmentation de 47,36% en dix ans seulement (entre 2010 ... https://revues.imist.ma › EGSM › article › download Etoug Ebé 2020 de M CHINDJI · 2023 · Cité 1 fois — Etoug-Ebé. 55. Melèn –Biyem-assi. 50. Total. 150. Source : Enquêtes de terrain ... 2020, soit une augmentation de 47,36% en dix ans seulement (entre 2010 ... 3 les inondations dans les bas-fonds de la commune de organic https://revues.imist.m"
scrapers-data/apify_yaounde/apify_export_yaounde_2020.csv,GOOGLE_SEARCH_RESULT,"row 9, organicResults/0",Centre locality; Yaoundé quartier/arrondissement,Yaoundé; Biyem-Assi,INONDATIONS,NONE_FOUND,UNKNOWN_REQUIRES_MANUAL_REVIEW,UNKNOWN_REQUIRES_MANUAL_REVIEW,FLOOD_EVIDENCE_NEEDS_DATE,UNASSESSED,"mme l'illustre si bien la vidéo ci-dessous, le quartier Biyem-Assi ( situé l'arrondissement de Yaoundé 6 qui a récemment animé l'actualité ... Plus de 200 réactions · il y a 6 ans Biyem Assi 1 VENDREDI D'INONDATIONS À YAOUNDÉ [ VIDÉO, ... organic https://www.facebook.com/Paulchouta/posts/vendredi-dinondations-%C3%A0-yaound%C3%A9-vid%C3%A9o-photos-apr%C3%A8s-le-passage-dune-pluie-diluvie/2536569733070289/ Facebook · Le TGV de l'info"
scrapers-data/apify_yaounde/apify_export_yaounde_2020.csv,GOOGLE_SEARCH_RESULT,"row 9, organicResults/1",Centre locality; Yaoundé quartier/arrondissement,Yaoundé; Biyem-Assi,Inondations,NONE_FOUND,UNKNOWN_REQUIRES_MANUAL_REVIEW,UNKNOWN_REQUIRES_MANUAL_REVIEW,FLOOD_EVIDENCE_NEEDS_DATE,UNASSESSED,"2020-09-16T12:00:00.000Z Le retour des pluies est sans pitié pour les populations de Yaoundé 6 en particulier et celles de Biyem-Assi lac et Tam-tam weekend. Ici, l'on ... https://ecomatin.net › Accueil › Décryptages et Analyses Biyem Assi 2 Inondations : la course contre la montre organic https://ecomatin.net/inondations-la-course-contre-la"
scrapers-data/apify_yaounde/apify_export_yaounde_2020.csv,GOOGLE_SEARCH_RESULT,"row 9, organicResults/2",Centre locality; Yaoundé quartier/arrondissement,Yaoundé; Biyem-Assi,inondations,NONE_FOUND,UNKNOWN_REQUIRES_MANUAL_REVIEW,UNKNOWN_REQUIRES_MANUAL_REVIEW,FLOOD_EVIDENCE_NEEDS_DATE,UNASSESSED,uies est toujours redoutée par les habitants de Biyem-assi (B-A) école des sources. Ce quartier de Yaoundé n'est pas ... https://fr.allafrica.com › stories L'arrivée des pluies est toujours redoutée par les habitants de Biyem-assi 3 Les populations de Biyem-assi à la merci des inondations organic https://fr.allafrica.com/stories/201310220517.html allAfrica.fr
scrapers-data/apify_yaounde/apify_export_yaounde_2020.csv,GOOGLE_SEARCH_RESULT,"row 9, organicResults/3",Centre locality,Yaoundé,inondations,NONE_FOUND,UNKNOWN_REQUIRES_MANUAL_REVIEW,UNKNOWN_REQUIRES_MANUAL_REVIEW,FLOOD_EVIDENCE_NEEDS_DATE,UNASSESSED,nence des inondations. Par ... https://revues.imist.ma › EGSM › article › download inondations de M CHINDJI · 2023 · Cité 1 fois — Les principaux résultats indiquent que le milieu physique des bas-fonds de la Commune de Yaoundé 6 est fragile face à la permanence des inondations. Par ... 4 les inondations dans les bas-fonds de la commune de organic https://revues.imist.ma/index.php/EGSM/article/download/37958/19583 Portail des Revues Sci
scrapers-data/apify_yaounde/apify_export_yaounde_2021.csv,GOOGLE_SEARCH_RESULT,"row 10, organicResults/1",Yaoundé quartier/arrondissement,Ngousso,inondation,NONE_FOUND,UNKNOWN_REQUIRES_MANUAL_REVIEW,UNKNOWN_REQUIRES_MANUAL_REVIEW,FLOOD_EVIDENCE_NEEDS_DATE,UNASSESSED,ie s'échappant du cratère ont causé l'inondation des habitations voisines avec d'importants dégâts ... https://fr.journalducameroun.com › cameroun-une-con... inondation 2 une conduite d'eau se casse et sème la panique à Ngousso organic https://fr.journalducameroun.com/cameroun-une-conduite-deau-se-casse-et-seme-la-panique-a-ngousso/ Journalducameroun.com
scrapers-data/apify_yaounde/apify_export_yaounde_2021.csv,GOOGLE_SEARCH_RESULT,"row 10, organicResults/2",Centre locality; Yaoundé quartier/arrondissement,Yaoundé; Ngousso,inondations,NONE_FOUND,UNKNOWN_REQUIRES_MANUAL_REVIEW,UNKNOWN_REQUIRES_MANUAL_REVIEW,FLOOD_EVIDENCE_NEEDS_DATE,UNASSESSED,"De fortes inondations ont de nouveau paralysé les abords de la Poste centrale et de l'avenue Kennedy, deux zones stratégiques de la capitale ... Plus de 570 réactions · il y a 4 ans inondations 3 🔴🔴🔴SOCIÉTÉ-YAOUNDE : NGOUSSO PRIVÉE D'EAU ... organic https://www.facebook.com/Paulchouta/posts/soci%C3%A9t%C3%A9-yaounde-ngousso-priv%C3%A9e-deau-depuis-02-mois-les-populations-veulent-paral/5447826465277920/ Facebook · Le TGV de l'info"
scrapers-data/apify_yaounde/apify_export_yaounde_2021.csv,GOOGLE_SEARCH_RESULT,"row 12, organicResults/0",Centre locality,Yaoundé,inondations,NONE_FOUND,UNKNOWN_REQUIRES_MANUAL_REVIEW,UNKNOWN_REQUIRES_MANUAL_REVIEW,FLOOD_EVIDENCE_NEEDS_DATE,UNASSESSED,é 1 fois — Les principaux résultats indiquent que le milieu physique des bas-fonds de la Commune de Yaoundé 6 est fragile face à la permanence des inondations. Par ... https://revues.imist.ma › EGSM › article › download Yaoundé inondations de M CHINDJI · 2023 · Cité 1 fois — Les principaux résultats indiquent que le milieu physique des bas-fonds de la Commune de Yaoundé 6 est fragile face à la permanence des inondations. Par ... 1 les i
scrapers-data/apify_yaounde/apify_export_yaounde_2021.csv,GOOGLE_SEARCH_RESULT,"row 12, organicResults/1",Centre locality,Yaoundé,inondations,NONE_FOUND,UNKNOWN_REQUIRES_MANUAL_REVIEW,UNKNOWN_REQUIRES_MANUAL_REVIEW,FLOOD_EVIDENCE_NEEDS_DATE,UNASSESSED,2023-10-02T12:00:00.000Z Les inondations constituent un danger pour les populations riveraines des bas-fonds de la Commune de Yaoundé 6 au Cameroun. https://www.researchgate.net › publication › 37437373... inondations Yaoundé 2 les inondations dans les bas-fonds de la commune ... organic https://www.researchgate.net/publication/374373731_LES_INONDATIONS_DANS_LES_BAS-FONDS_DE_LA_COMMUNE_DE_YAOUNDE_6_CENTRE-CAMEROUN_ETAT_DES_LIEUX_ET_PE
scrapers-data/apify_yaounde/apify_export_yaounde_2021.csv,GOOGLE_SEARCH_RESULT,"row 12, organicResults/2",Centre locality,Yaoundé,Inondations; inondations,7 juin 2021; 2021/06/10,UNKNOWN_REQUIRES_MANUAL_REVIEW,UNKNOWN_REQUIRES_MANUAL_REVIEW,POSSIBLE_DUPLICATE_REVIEW_REQUIRED,UNASSESSED,"ont provoqué l'effondrement de l'ouvrage sous l'eau. L'on apprend alors que ... https://actucameroun.com › Actualités Inondations causées par les fortes averses du lundi 7 juin 2021 3 Après les inondations, la mairie de Yaoundé 7 fermée organic https://actucameroun.com/2021/06/10/apres-les-inondations-la-mairie-de-yaounde-7-fermee/ Actu Cameroun"
scrapers-data/apify_yaounde/apify_export_yaounde_2021.csv,GOOGLE_SEARCH_RESULT,"row 12, organicResults/3",Centre division; Centre locality,Mfoundi; Yaoundé,inondations,NONE_FOUND,UNKNOWN_REQUIRES_MANUAL_REVIEW,UNKNOWN_REQUIRES_MANUAL_REVIEW,FLOOD_EVIDENCE_NEEDS_DATE,UNASSESSED,"uil. 2022 — Dans le centre-ville de Yaoundé, l'avenue Kennedy et le marché de Mfoundi ont été gravement touchés par des inondations en 2018 et 2019, à la ... https://www.afdb.org › success-stories › oublie-la-pluie-y... Yaoundé inondations 4 à Yaoundé, capitale du Cameroun, un projet de gestion ... organic https://www.afdb.org/fr/success-stories/oublie-la-pluie-yaounde-capitale-du-cameroun-un-projet-de-gestion-de-leau-pare-aux-inondatio"
scrapers-data/apify_yaounde/apify_export_yaounde_2021.csv,GOOGLE_SEARCH_RESULT,"row 12, organicResults/4",Centre division; Centre locality,Mfoundi; Yaoundé,Inondations; inondations,NONE_FOUND,UNKNOWN_REQUIRES_MANUAL_REVIEW,UNKNOWN_REQUIRES_MANUAL_REVIEW,FLOOD_EVIDENCE_NEEDS_DATE,UNASSESSED,"la voirie municipale, le canal du Mfoundi en contre bas du marché éponyme, l'exutoire des eaux au niveau de centre artisanal ... https://www.minhdu.gov.cm › inondations-au-centre-vill... 5 Inondations au centre-ville de Yaoundé organic https://www.minhdu.gov.cm/inondations-au-centre-ville-de-yaounde-le-minhdu-en-quete-des-solutions-durables/ - MINHDU"
scrapers-data/apify_yaounde/apify_export_yaounde_2021.csv,GOOGLE_SEARCH_RESULT,"row 12, organicResults/6",Centre locality,Yaoundé,inondations,12/07/2018,UNKNOWN_REQUIRES_MANUAL_REVIEW,UNKNOWN_REQUIRES_MANUAL_REVIEW,POSSIBLE_DUPLICATE_REVIEW_REQUIRED,UNASSESSED,"Schéma simplifié des causes des inondations à Yaoundé. Ajouté le 12/07/2018. Auteur : Martin Luther Djatcheu, habillage JBB, Géoconfluences 2018. https://geoconfluences.ens-lyon.fr › img-djatcheu › view inondations Yaoundé 7 Schéma simplifié des causes des inondations à Yaoundé organic https://geoconfluences.ens-lyon.fr/images/articles/img-djatcheu/fig10-schema-inondations-yaounde.png/view Géoconfluences"
scrapers-data/apify_yaounde/apify_export_yaounde_2021.csv,GOOGLE_SEARCH_RESULT,"row 12, organicResults/8",Centre locality,Yaoundé,inondations,30 juin 2023,UNKNOWN_REQUIRES_MANUAL_REVIEW,UNKNOWN_REQUIRES_MANUAL_REVIEW,POSSIBLE_DUPLICATE_REVIEW_REQUIRED,UNASSESSED,"30 juin 2023 — Mediebou, C. (2023). Les inondations dans les bas-fonds de la commune de Yaounde 6 (Centre-Cameroun) Etat des lieux et perspectives. https://www.scirp.org › reference inondations Yaounde 9 Mediebou, C. (2023). Les inondations dans les bas-fonds ... organic https://www.scirp.org/reference/referencespapers?referenceid=3508698 SCIRP Open Access"
scrapers-data/apify_yaounde/apify_export_yaounde_2021.csv,GOOGLE_SEARCH_RESULT,"row 13, organicResults/0",Centre locality,Yaoundé,inondations,NONE_FOUND,UNKNOWN_REQUIRES_MANUAL_REVIEW,UNKNOWN_REQUIRES_MANUAL_REVIEW,FLOOD_EVIDENCE_NEEDS_DATE,UNASSESSED,"21, Yaoundé retenait son souffle à chaque saison des pluies. Les inondations étaient récurrentes dans la capitale camerounaise, ... Plus de 30 réactions · il y a 5 mois 2021 Yaoundé inondations 1 African - Avant 2021, Yaoundé retenait son souffle ... organic https://www.facebook.com/AfDBGroup/photos/avant-2021-yaound%C3%A9-retenait-son-souffle-%C3%A0-chaque-saison-des-pluies-les-inondatio/1365109632313372/ Facebook · African Developme"
scrapers-data/apify_yaounde/apify_export_yaounde_2021.csv,GOOGLE_SEARCH_RESULT,"row 13, organicResults/1",Centre locality,Yaoundé,Inondations; inondations,7 juin 2021; 2021/06/10,UNKNOWN_REQUIRES_MANUAL_REVIEW,UNKNOWN_REQUIRES_MANUAL_REVIEW,POSSIBLE_DUPLICATE_REVIEW_REQUIRED,UNASSESSED,"ont provoqué l'effondrement de l'ouvrage sous l'eau. L'on apprend alors que ... https://actucameroun.com › Actualités Inondations causées par les fortes averses du lundi 7 juin 2021 2 Après les inondations, la mairie de Yaoundé 7 fermée organic https://actucameroun.com/2021/06/10/apres-les-inondations-la-mairie-de-yaounde-7-fermee/ Actu Cameroun"
scrapers-data/apify_yaounde/apify_export_yaounde_2021.csv,GOOGLE_SEARCH_RESULT,"row 13, organicResults/2",Centre locality,Yaoundé,inondations,NONE_FOUND,UNKNOWN_REQUIRES_MANUAL_REVIEW,UNKNOWN_REQUIRES_MANUAL_REVIEW,FLOOD_EVIDENCE_NEEDS_DATE,UNASSESSED,ois — Résumé : Les inondations constituent un danger pour les populations riveraines des bas-fonds de la Commune de Yaoundé 6 au Cameroun. Les populations. https://revues.imist.ma › EGSM › article › download inondations Yaoundé de M CHINDJI · 2023 · Cité 1 fois — Résumé : Les inondations constituent un danger pour les populations riveraines des bas-fonds de la Commune de Yaoundé 6 au Cameroun. Les populations. 3 les inondations dans les
scrapers-data/apify_yaounde/apify_export_yaounde_2021.csv,GOOGLE_SEARCH_RESULT,"row 13, organicResults/3",Centre locality,Yaoundé,inondations,12/07/2018,UNKNOWN_REQUIRES_MANUAL_REVIEW,UNKNOWN_REQUIRES_MANUAL_REVIEW,POSSIBLE_DUPLICATE_REVIEW_REQUIRED,UNASSESSED,"Schéma simplifié des causes des inondations à Yaoundé. Ajouté le 12/07/2018. Auteur : Martin Luther Djatcheu, habillage JBB, Géoconfluences 2018. https://geoconfluences.ens-lyon.fr › img-djatcheu › view inondations Yaoundé 4 Schéma simplifié des causes des inondations à Yaoundé organic https://geoconfluences.ens-lyon.fr/images/articles/img-djatcheu/fig10-schema-inondations-yaounde.png/view Géoconfluences"
scrapers-data/apify_yaounde/apify_export_yaounde_2021.csv,GOOGLE_SEARCH_RESULT,"row 13, organicResults/4",Centre division; Centre locality,Mfoundi; Yaoundé,inondations,NONE_FOUND,UNKNOWN_REQUIRES_MANUAL_REVIEW,UNKNOWN_REQUIRES_MANUAL_REVIEW,FLOOD_EVIDENCE_NEEDS_DATE,UNASSESSED,"uil. 2022 — Dans le centre-ville de Yaoundé, l'avenue Kennedy et le marché de Mfoundi ont été gravement touchés par des inondations en 2018 et 2019, à la ... https://www.afdb.org › success-stories › oublie-la-pluie-y... Yaoundé inondations 5 à Yaoundé, capitale du Cameroun, un projet de gestion ... organic https://www.afdb.org/fr/success-stories/oublie-la-pluie-yaounde-capitale-du-cameroun-un-projet-de-gestion-de-leau-pare-aux-inondatio"
scrapers-data/apify_yaounde/apify_export_yaounde_2021.csv,GOOGLE_SEARCH_RESULT,"row 13, organicResults/6",Centre locality,Yaoundé,inondations,NONE_FOUND,UNKNOWN_REQUIRES_MANUAL_REVIEW,UNKNOWN_REQUIRES_MANUAL_REVIEW,FLOOD_EVIDENCE_NEEDS_DATE,UNASSESSED,2023-10-02T12:00:00.000Z Les inondations constituent un danger pour les populations riveraines des bas-fonds de la Commune de Yaoundé 6 au Cameroun. https://www.researchgate.net › publication › 37437373... inondations Yaoundé 7 les inondations dans les bas-fonds de la commune ... organic https://www.researchgate.net/publication/374373731_LES_INONDATIONS_DANS_LES_BAS-FONDS_DE_LA_COMMUNE_DE_YAOUNDE_6_CENTRE-CAMEROUN_ETAT_DES_LIEUX_ET_PE
scrapers-data/apify_yaounde/apify_export_yaounde_2021.csv,GOOGLE_SEARCH_RESULT,"row 13, organicResults/7",Centre division; Centre locality,Mfoundi; Yaoundé,Inondations; inondations,NONE_FOUND,UNKNOWN_REQUIRES_MANUAL_REVIEW,UNKNOWN_REQUIRES_MANUAL_REVIEW,FLOOD_EVIDENCE_NEEDS_DATE,UNASSESSED,"la voirie municipale, le canal du Mfoundi en contre bas du marché éponyme, l'exutoire des eaux au niveau de centre artisanal ... https://www.minhdu.gov.cm › inondations-au-centre-vill... 8 Inondations au centre-ville de Yaoundé organic https://www.minhdu.gov.cm/inondations-au-centre-ville-de-yaounde-le-minhdu-en-quete-des-solutions-durables/ - MINHDU"
scrapers-data/apify_yaounde/apify_export_yaounde_2021.csv,GOOGLE_SEARCH_RESULT,"row 2, organicResults/0",Centre locality,Yaoundé,inondations,NONE_FOUND,UNKNOWN_REQUIRES_MANUAL_REVIEW,UNKNOWN_REQUIRES_MANUAL_REVIEW,FLOOD_EVIDENCE_NEEDS_DATE,UNASSESSED,ulations. https://revues.imist.ma › EGSM › article › download inondations de M CHINDJI · 2023 · Cité 1 fois — Résumé : Les inondations constituent un danger pour les populations riveraines des bas-fonds de la Commune de Yaoundé 6 au Cameroun. Les populations. 1 les inondations dans les bas-fonds de la commune de organic https://revues.imist.ma/index.php/EGSM/article/download/37958/19583 Portail des Revues Scientifiques Marocaines
scrapers-data/apify_yaounde/apify_export_yaounde_2021.csv,GOOGLE_SEARCH_RESULT,"row 2, organicResults/1",Centre locality; Yaoundé quartier/arrondissement,Yaoundé; Biyem-Assi,INONDATIONS,NONE_FOUND,UNKNOWN_REQUIRES_MANUAL_REVIEW,UNKNOWN_REQUIRES_MANUAL_REVIEW,FLOOD_EVIDENCE_NEEDS_DATE,UNASSESSED,"mme l'illustre si bien la vidéo ci-dessous, le quartier Biyem-Assi ( situé l'arrondissement de Yaoundé 6 qui a récemment animé l'actualité ... Plus de 200 réactions · il y a 6 ans Biyem Assi 2 VENDREDI D'INONDATIONS À YAOUNDÉ [ VIDÉO, ... organic https://www.facebook.com/Paulchouta/posts/vendredi-dinondations-%C3%A0-yaound%C3%A9-vid%C3%A9o-photos-apr%C3%A8s-le-passage-dune-pluie-diluvie/2536569733070289/ Facebook · Le TGV de l'info"
scrapers-data/apify_yaounde/apify_export_yaounde_2021.csv,GOOGLE_SEARCH_RESULT,"row 2, organicResults/2",Centre locality; Yaoundé quartier/arrondissement,Yaoundé; Biyem-Assi,inondations,NONE_FOUND,UNKNOWN_REQUIRES_MANUAL_REVIEW,UNKNOWN_REQUIRES_MANUAL_REVIEW,FLOOD_EVIDENCE_NEEDS_DATE,UNASSESSED,uies est toujours redoutée par les habitants de Biyem-assi (B-A) école des sources. Ce quartier de Yaoundé n'est pas ... https://fr.allafrica.com › stories L'arrivée des pluies est toujours redoutée par les habitants de Biyem-assi 3 Les populations de Biyem-assi à la merci des inondations organic https://fr.allafrica.com/stories/201310220517.html allAfrica.fr
scrapers-data/apify_yaounde/apify_export_yaounde_2021.csv,GOOGLE_SEARCH_RESULT,"row 2, organicResults/3",Centre locality; Yaoundé quartier/arrondissement,Yaoundé; Biyem-Assi,Inondations,NONE_FOUND,UNKNOWN_REQUIRES_MANUAL_REVIEW,UNKNOWN_REQUIRES_MANUAL_REVIEW,FLOOD_EVIDENCE_NEEDS_DATE,UNASSESSED,"2020-09-16T12:00:00.000Z Le retour des pluies est sans pitié pour les populations de Yaoundé 6 en particulier et celles de Biyem-Assi lac et Tam-tam weekend. Ici, l'on ... https://ecomatin.net › Accueil › Décryptages et Analyses Biyem Assi 4 Inondations : la course contre la montre organic https://ecomatin.net/inondations-la-course-contre-la"
scrapers-data/apify_yaounde/apify_export_yaounde_2021.csv,GOOGLE_SEARCH_RESULT,"row 2, organicResults/7",Centre division; Centre locality,Mfoundi; Yaoundé,inondation,NONE_FOUND,UNKNOWN_REQUIRES_MANUAL_REVIEW,UNKNOWN_REQUIRES_MANUAL_REVIEW,FLOOD_EVIDENCE_NEEDS_DATE,UNASSESSED,20 juil. 2022 — L'objectif de cette contribution est de produire la carte de l'aléa inondation dans le bassin versant du Mfoundi à Yaoundé. La méthode utilisée ... https://www.researchgate.net › ... › AHP inondation 8 Contribution à la cartographie de l'aléa inondation dans le ... organic https://www.researchgate.net/publication/362135365_Contributi
scrapers-data/apify_yaounde/apify_export_yaounde_2021.csv,GOOGLE_SEARCH_RESULT,"row 4, organicResults/3",Centre locality,Yaoundé,inondations,10 juin 2021,UNKNOWN_REQUIRES_MANUAL_REVIEW,UNKNOWN_REQUIRES_MANUAL_REVIEW,POSSIBLE_DUPLICATE_REVIEW_REQUIRED,UNASSESSED,"— C'est un fait, la mairie de Yaoundé 7 est provisoirement fermée à partir de ce jeudi 10 juin 2021. Une décision prise après les graves. https://actucameroun.com › Actualités 2021 4 Après les inondations, la mairie de Yaoundé 7 fermée organic https://actucameroun.com/2021/06/10/apres-les-inondations-la-mairie-de-yaounde-7-fermee/ Actu Cameroun"
scrapers-data/apify_yaounde/apify_export_yaounde_2021.csv,GOOGLE_SEARCH_RESULT,"row 4, organicResults/5",Centre locality,Yaoundé,inondations,NONE_FOUND,UNKNOWN_REQUIRES_MANUAL_REVIEW,UNKNOWN_REQUIRES_MANUAL_REVIEW,FLOOD_EVIDENCE_NEEDS_DATE,UNASSESSED,ulations. https://revues.imist.ma › EGSM › article › download inondations de M CHINDJI · 2023 · Cité 1 fois — Résumé : Les inondations constituent un danger pour les populations riveraines des bas-fonds de la Commune de Yaoundé 6 au Cameroun. Les populations. 6 les inondations dans les bas-fonds de la commune de organic https://revues.imist.ma/index.php/EGSM/article/download/37958/19583 Portail des Revues Scientifiques Marocaines
scrapers-data/apify_yaounde/apify_export_yaounde_2021.csv,GOOGLE_SEARCH_RESULT,"row 6, organicResults/0",Yaoundé quartier/arrondissement,Nkolbisson,inondations,NONE_FOUND,UNKNOWN_REQUIRES_MANUAL_REVIEW,UNKNOWN_REQUIRES_MANUAL_REVIEW,FLOOD_EVIDENCE_NEEDS_DATE,UNASSESSED,"Selon la construction, le niveau atteint la moitié de la porte ou les fenêtres. La route est envahie par les ... https://fr.allafrica.com › stories L'eau est à plus d'un mètre du sol 1 Cameroun: Encore des inondations à Nkolbisson organic https://fr.allafrica.com/stories/201204161377.html allAfrica.fr"
scrapers-data/apify_yaounde/apify_export_yaounde_2021.csv,GOOGLE_SEARCH_RESULT,"row 6, organicResults/2",Centre locality; Yaoundé quartier/arrondissement,Yaoundé; Nkolbisson,inondations,NONE_FOUND,UNKNOWN_REQUIRES_MANUAL_REVIEW,UNKNOWN_REQUIRES_MANUAL_REVIEW,FLOOD_EVIDENCE_NEEDS_DATE,UNASSESSED,Cameroun – Yaoundé: Les inondations persistent au quartier Nkolbisson. Les déchets plastiques et organiques ont bloqué la buse métallique qui ... https://actucameroun.com › Société Les inondations persistent au quartier Nkolbisson 3 Yaoundé: Les inondations persistent au quartier Nkolbisson organic https://actucameroun.com/2017/09/12/cameroun-yaounde-les-inondations-persistent-au-quartier-nkolbisson/ Actu Cameroun
scrapers-data/apify_yaounde/apify_export_yaounde_2021.csv,GOOGLE_SEARCH_RESULT,"row 6, organicResults/4",Centre locality; Yaoundé quartier/arrondissement,Yaoundé; Nkolbisson,inondation,NONE_FOUND,UNKNOWN_REQUIRES_MANUAL_REVIEW,UNKNOWN_REQUIRES_MANUAL_REVIEW,FLOOD_EVIDENCE_NEEDS_DATE,UNASSESSED,Moins d'une heure de pluie au quartier Nkolbisson et les familles sont aux abois. Yaoundé 7 est sous les eaux comme vous pouvez le voir dans ... 5 réactions · il y a 5 ans Moins d'une heure de pluie au quartier Nkolbisson 5 Moins d'une heure de pluie au quartier Nkolbisson et les ... organic https://www.facebook.com/GrioteTV/videos/inondation-%C3%A0-yaounde-7/381797099929435/ Facebook · Griote
scrapers-data/apify_yaounde/apify_export_yaounde_2021.csv,GOOGLE_SEARCH_RESULT,"row 6, organicResults/5",Centre locality,Yaoundé,inondations,7 juin 2021,UNKNOWN_REQUIRES_MANUAL_REVIEW,UNKNOWN_REQUIRES_MANUAL_REVIEW,POSSIBLE_DUPLICATE_REVIEW_REQUIRED,UNASSESSED,"son d'importants dommages causés par les fortes averses du lundi 7 juin 2021, lesquelles ont plongé la structure sous les eaux. Le ... https://www.africa-press.net › Accueil › Communauté 2021 6 Catastrophe: La mairie de Yaoundé 7 perd 80% de ses ... organic https://www.africa-press.net/cameroun/toutes-les-actualites/catastrophe-la-mairie-de-yaounde-7-perd-80-de-ses-archives-a-cause-des-inondations Africa Press English"
scrapers-data/apify_yaounde/apify_export_yaounde_2021.csv,GOOGLE_SEARCH_RESULT,"row 6, organicResults/6",Centre locality; Yaoundé quartier/arrondissement,Yaoundé; Nkolbisson,débordements; inondations,NONE_FOUND,UNKNOWN_REQUIRES_MANUAL_REVIEW,UNKNOWN_REQUIRES_MANUAL_REVIEW,FLOOD_EVIDENCE_NEEDS_DATE,UNASSESSED,"Yaoundé: Nkolbisson sous la menace des inondations ... Après celles enregistrées le 21 juin dernier, les populations craignent de nouveaux débordements des eaux. https://cameroun24.net › actualite-cameroun-Yioind_C... Nkolbisson inondations 7 Yaoundé: Nkolbisson sous la menace des inondations organic https://cameroun24.net/actualite-cameroun-Yioind_C3_A9_3A_Nkolbisson_sois_li_mUniiU_dUs_inondiiion-1-1-40016.html Cameroun24"
scrapers-data/apify_yaounde/apify_export_yaounde_2021.csv,GOOGLE_SEARCH_RESULT,"row 6, organicResults/7",Centre locality,Yaoundé,Inondations; inondations,13 juin 2021,UNKNOWN_REQUIRES_MANUAL_REVIEW,UNKNOWN_REQUIRES_MANUAL_REVIEW,POSSIBLE_DUPLICATE_REVIEW_REQUIRED,UNASSESSED,"13 juin 2021 — Des pluies diluviennes se sont abattues cette semaine sur la cité capitale du pays, entraînant des inondations dans les quartiers comme ... https://237actu.com › inondations-a-yaounde-ketcha-co... inondations 8 Inondations à Yaoundé : Ketcha Courtès accuse l'incivisme ... organic https://237actu.com/inondations-a-yaounde-ketcha-courtes-accuse-l-incivisme-des-populations/ 237 Actu"
scrapers-data/apify_yaounde/apify_export_yaounde_2021.csv,GOOGLE_SEARCH_RESULT,"row 6, organicResults/8",Centre locality,Yaoundé,inondation,NONE_FOUND,UNKNOWN_REQUIRES_MANUAL_REVIEW,UNKNOWN_REQUIRES_MANUAL_REVIEW,FLOOD_EVIDENCE_NEEDS_DATE,UNASSESSED,Risques d'inondation et vulnérabilité des populations des zones précaires de Yaoundé aux maladies hydriques. L'exemple des quartiers du bassin versant de ... https://www.researchgate.net › publication › 35107618... inondation 9 Risques d'inondation et vulnérabilité des populations des ... organic
scrapers-data/apify_yaounde/apify_export_yaounde_2021.csv,GOOGLE_SEARCH_RESULT,"row 6, organicResults/9",Centre locality,Yaoundé,inondations,NONE_FOUND,UNKNOWN_REQUIRES_MANUAL_REVIEW,UNKNOWN_REQUIRES_MANUAL_REVIEW,FLOOD_EVIDENCE_NEEDS_DATE,UNASSESSED,ulations. https://revues.imist.ma › EGSM › article › download inondations de M CHINDJI · 2023 · Cité 1 fois — Résumé : Les inondations constituent un danger pour les populations riveraines des bas-fonds de la Commune de Yaoundé 6 au Cameroun. Les populations. 10 les inondations dans les bas-fonds de la commune de organic https://revues.imist.ma/index.php/EGSM/article/download/37958/19583 Portail des Revues Scientifiques Marocaines
scrapers-data/apify_yaounde/apify_export_yaounde_2021.csv,GOOGLE_SEARCH_RESULT,"row 7, organicResults/0",Yaoundé quartier/arrondissement,Biyem-Assi; Etoug-Ebe,Inondations,NONE_FOUND,UNKNOWN_REQUIRES_MANUAL_REVIEW,UNKNOWN_REQUIRES_MANUAL_REVIEW,FLOOD_EVIDENCE_NEEDS_DATE,UNASSESSED,". Source : Enquêtes de terrain ... (2021). Inondations : causes et conséquences, in www.projetecolo.com. https://revues.imist.ma › EGSM › article › download Etoug Ebé 2021 Inondations de M CHINDJI · 2023 · Cité 1 fois — Etoug-Ebé. 55. Melèn –Biyem-assi. 50. Total. 150. Source : Enquêtes de terrain ... (2021). Inondations : causes et conséquences, in www.projetecolo.com. 1 les inondations dans les bas-fonds de la commune de organic https"
scrapers-data/apify_yaounde/apify_export_yaounde_2021.csv,GOOGLE_SEARCH_RESULT,"row 9, organicResults/3",Centre locality,Yaoundé,inondations,30 juin 2023,UNKNOWN_REQUIRES_MANUAL_REVIEW,UNKNOWN_REQUIRES_MANUAL_REVIEW,POSSIBLE_DUPLICATE_REVIEW_REQUIRED,UNASSESSED,"30 juin 2023 — Mediebou, C. (2023). Les inondations dans les bas-fonds de la commune de Yaounde 6 (Centre-Cameroun) Etat des lieux et perspectives. https://www.scirp.org › reference inondations 4 Mediebou, C. (2023). Les inondations dans les bas-fonds ... organic https://www.scirp.org/reference/referencespa"
scrapers-data/apify_yaounde/apify_export_yaounde_2021.csv,GOOGLE_SEARCH_RESULT,"row 9, organicResults/5",Centre locality,Yaoundé,inondations,7 juin 2021,UNKNOWN_REQUIRES_MANUAL_REVIEW,UNKNOWN_REQUIRES_MANUAL_REVIEW,POSSIBLE_DUPLICATE_REVIEW_REQUIRED,UNASSESSED,"son d'importants dommages causés par les fortes averses du lundi 7 juin 2021, lesquelles ont plongé la structure sous les eaux. Le ... https://www.africa-press.net › Accueil › Communauté 2021 6 Catastrophe: La mairie de Yaoundé 7 perd 80% de ses ... organic https://www.africa-press.net/cameroun/toutes-les-actualites/catastrophe-la-mairie-de-yaounde-7-perd-80-de-ses-archives-a-cause-des-inondations Africa Press English"
scrapers-data/apify_yaounde/apify_export_yaounde_2021.csv,GOOGLE_SEARCH_RESULT,"row 9, organicResults/6",Centre locality,Yaoundé,inondations,12/07/2018,UNKNOWN_REQUIRES_MANUAL_REVIEW,UNKNOWN_REQUIRES_MANUAL_REVIEW,POSSIBLE_DUPLICATE_REVIEW_REQUIRED,UNASSESSED,"à Yaoundé. Ajouté le 12/07/2018. Auteur : Martin Luther Djatcheu, habillage JBB, Géoconfluences 2018. https://geoconfluences.ens-lyon.fr › img-djatcheu › view inondations 7 Schéma simplifié des causes des inondations à Yaoundé organic https://geoconfluences.ens-lyon.fr/images/articles/img-djatcheu/fig10-schema-inondations-yaounde.png/view Géoconfluences"
scrapers-data/apify_yaounde/apify_export_yaounde_2022.csv,GOOGLE_SEARCH_RESULT,"row 10, organicResults/1",Centre locality; Yaoundé quartier/arrondissement,Yaoundé; Ngousso,inondations,NONE_FOUND,UNKNOWN_REQUIRES_MANUAL_REVIEW,UNKNOWN_REQUIRES_MANUAL_REVIEW,FLOOD_EVIDENCE_NEEDS_DATE,UNASSESSED,"De fortes inondations ont de nouveau paralysé les abords de la Poste centrale et de l'avenue Kennedy, deux zones stratégiques de la capitale ... Plus de 570 réactions · il y a 4 ans inondations 2 🔴🔴🔴SOCIÉTÉ-YAOUNDE : NGOUSSO PRIVÉE D'EAU ... organic https://www.facebook.com/Paulchouta/posts/soci%C3%A9t%C3%A9-yaounde-ngousso-priv%C3%A9e-deau-depuis-02-mois-les-populations-veulent-paral/5447826465277920/ Facebook · Le TGV de l'info"
scrapers-data/apify_yaounde/apify_export_yaounde_2022.csv,GOOGLE_SEARCH_RESULT,"row 10, organicResults/4",Yaoundé quartier/arrondissement,Ngousso,inondation,NONE_FOUND,UNKNOWN_REQUIRES_MANUAL_REVIEW,UNKNOWN_REQUIRES_MANUAL_REVIEW,FLOOD_EVIDENCE_NEEDS_DATE,UNASSESSED,ie s'échappant du cratère ont causé l'inondation des habitations voisines avec d'importants dégâts ... https://fr.journalducameroun.com › cameroun-une-con... inondation 5 une conduite d'eau se casse et sème la panique à Ngousso organic https://fr.journalducameroun.com/cameroun-une-conduite-deau-se-casse-et-seme-la-panique-a-ngousso/ Journalducameroun.com
scrapers-data/apify_yaounde/apify_export_yaounde_2022.csv,GOOGLE_SEARCH_RESULT,"row 11, organicResults/0",Centre locality,Yaoundé,inondations,NONE_FOUND,UNKNOWN_REQUIRES_MANUAL_REVIEW,UNKNOWN_REQUIRES_MANUAL_REVIEW,FLOOD_EVIDENCE_NEEDS_DATE,UNASSESSED,é 1 fois — Les principaux résultats indiquent que le milieu physique des bas-fonds de la Commune de Yaoundé 6 est fragile face à la permanence des inondations. Par ... https://revues.imist.ma › EGSM › article › download Yaoundé inondations de M CHINDJI · 2023 · Cité 1 fois — Les principaux résultats indiquent que le milieu physique des bas-fonds de la Commune de Yaoundé 6 est fragile face à la permanence des inondations. Par ... 1 les i
scrapers-data/apify_yaounde/apify_export_yaounde_2022.csv,GOOGLE_SEARCH_RESULT,"row 11, organicResults/1",Centre locality,Yaoundé,inondations,NONE_FOUND,UNKNOWN_REQUIRES_MANUAL_REVIEW,UNKNOWN_REQUIRES_MANUAL_REVIEW,FLOOD_EVIDENCE_NEEDS_DATE,UNASSESSED,2023-10-02T12:00:00.000Z Les inondations constituent un danger pour les populations riveraines des bas-fonds de la Commune de Yaoundé 6 au Cameroun. https://www.researchgate.net › publication › 37437373... inondations Yaoundé 2 les inondations dans les bas-fonds de la commune ... organic https://www.researchgate.net/publication/374373731_LES_INONDATIONS_DANS_LES_BAS-FONDS_DE_LA_COMMUNE_DE_YAOUNDE_6_CENTRE-CAMEROUN_ETAT_DES_LIEUX_ET_PE
scrapers-data/apify_yaounde/apify_export_yaounde_2022.csv,GOOGLE_SEARCH_RESULT,"row 11, organicResults/2",Centre division; Centre locality,Mfoundi; Yaoundé,Inondations; inondations,NONE_FOUND,UNKNOWN_REQUIRES_MANUAL_REVIEW,UNKNOWN_REQUIRES_MANUAL_REVIEW,FLOOD_EVIDENCE_NEEDS_DATE,UNASSESSED,"la voirie municipale, le canal du Mfoundi en contre bas du marché éponyme, l'exutoire des eaux au niveau de centre artisanal ... https://www.minhdu.gov.cm › inondations-au-centre-vill... 3 Inondations au centre-ville de Yaoundé organic https://www.minhdu.gov.cm/inondations-au-centre-ville-de-yaounde-le-minhdu-en-quete-des-solutions-durables/ - MINHDU"
scrapers-data/apify_yaounde/apify_export_yaounde_2022.csv,GOOGLE_SEARCH_RESULT,"row 11, organicResults/3",Centre locality,Yaoundé,inondations,NONE_FOUND,UNKNOWN_REQUIRES_MANUAL_REVIEW,UNKNOWN_REQUIRES_MANUAL_REVIEW,FLOOD_EVIDENCE_NEEDS_DATE,UNASSESSED,"capitale du Cameroun, un projet de gestion de l'eau pare aux inondations · juillet 25, 2022 · 7:34. https://adf.afdb.org › success-stories › on-a-oublie-la-pl... Yaoundé inondations 2022 4 « On a oublié la pluie » : à Yaoundé, capitale du ... organic https://adf.afdb.org/fr/success-stories/%E2%80%89on-a-oublie-la-pluie%E2%80%89-a-yaounde-capitale-du-cameroun-un-projet-de-gestion-de-leau-pare-aux-inondations/ African Development Bank G"
scrapers-data/apify_yaounde/apify_export_yaounde_2022.csv,GOOGLE_SEARCH_RESULT,"row 11, organicResults/5",Centre locality; Yaoundé quartier/arrondissement,Yaoundé; Nkolbisson,inondations,NONE_FOUND,UNKNOWN_REQUIRES_MANUAL_REVIEW,UNKNOWN_REQUIRES_MANUAL_REVIEW,FLOOD_EVIDENCE_NEEDS_DATE,UNASSESSED,venue Kennedy à Yaoundé. Les unes aussi impressionnantes que les autres. Deux à Oyom-Abang et Nkolbisson. Le ... https://www.cameroon-tribune.cm › article.html › fr.html Trois inondations en un mois à l'Avenue Kennedy à Yaoundé 6 Inondations à Yaoundé : le grand chantier du drainage organic https://www.cameroon-tribune.cm/article.html/49460/fr.html/inondations-yaounde-le-grand-chantier Cameroon-Tribune
scrapers-data/apify_yaounde/apify_export_yaounde_2022.csv,GOOGLE_SEARCH_RESULT,"row 11, organicResults/7",Centre locality,Yaoundé,inondations,12/07/2018,UNKNOWN_REQUIRES_MANUAL_REVIEW,UNKNOWN_REQUIRES_MANUAL_REVIEW,POSSIBLE_DUPLICATE_REVIEW_REQUIRED,UNASSESSED,"Schéma simplifié des causes des inondations à Yaoundé. Ajouté le 12/07/2018. Auteur : Martin Luther Djatcheu, habillage JBB, Géoconfluences 2018. https://geoconfluences.ens-lyon.fr › img-djatcheu › view inondations Yaoundé 8 Schéma simplifié des causes des inondations à Yaoundé organic https://geoconfluences.ens-lyon.fr/images/articles/img-djatcheu/fig10-schema-inondations-yaounde.png/view Géoconfluences"
scrapers-data/apify_yaounde/apify_export_yaounde_2022.csv,GOOGLE_SEARCH_RESULT,"row 11, organicResults/8",Centre locality,Yaoundé,inondations,NONE_FOUND,UNKNOWN_REQUIRES_MANUAL_REVIEW,UNKNOWN_REQUIRES_MANUAL_REVIEW,FLOOD_EVIDENCE_NEEDS_DATE,UNASSESSED,". 2018 — À Yaoundé, les inondations détruisent régulièrement les logements, polluent les nappes phréatiques et sont la cause de nombreux décès, notamment ... https://www.afd.fr › carte-des-projets › lutter-contre-les... Yaoundé inondations 9 Lutter contre les inondations à Yaoundé organic https://www.afd.fr/fr/carte-des-projets/lutter-contre-les-inondations-yaounde AFD - Agence Française de Développement"
scrapers-data/apify_yaounde/apify_export_yaounde_2022.csv,GOOGLE_SEARCH_RESULT,"row 11, organicResults/9",Centre locality,Yaoundé,inondations,NONE_FOUND,UNKNOWN_REQUIRES_MANUAL_REVIEW,UNKNOWN_REQUIRES_MANUAL_REVIEW,FLOOD_EVIDENCE_NEEDS_DATE,UNASSESSED,2-10-26T12:00:00.000Z Cameroun : pourquoi Abuja accuse Yaoundé d'avoir provoqué des inondations dramatiques. Victime d'inondations records dans ses régions du ... https://www.jeuneafrique.com › politique › cameroun-p... Yaoundé inondations inondations 10 Cameroun : pourquoi Abuja accuse Yaoundé d'avoir ... organic https://www.jeuneafrique.com/1387972/politique/cameroun-pourquoi-abuja-accuse-yaounde-davoir-provoque-des-inondations-dramat
scrapers-data/apify_yaounde/apify_export_yaounde_2022.csv,GOOGLE_SEARCH_RESULT,"row 12, organicResults/0",Centre division; Centre locality,Mfoundi; Yaoundé,Inondations; inondations,NONE_FOUND,UNKNOWN_REQUIRES_MANUAL_REVIEW,UNKNOWN_REQUIRES_MANUAL_REVIEW,FLOOD_EVIDENCE_NEEDS_DATE,UNASSESSED,"la voirie municipale, le canal du Mfoundi en contre bas du marché éponyme, l'exutoire des eaux au niveau de centre artisanal ... https://www.minhdu.gov.cm › inondations-au-centre-vill... 1 Inondations au centre-ville de Yaoundé organic https://www.minhdu.gov.cm/inondations-au-centre-ville-de-yaounde-le-minhdu-en-quete-des-solutions-durables/ - MINHDU"
scrapers-data/apify_yaounde/apify_export_yaounde_2022.csv,GOOGLE_SEARCH_RESULT,"row 12, organicResults/1",Centre locality,Yaoundé,inondations,NONE_FOUND,UNKNOWN_REQUIRES_MANUAL_REVIEW,UNKNOWN_REQUIRES_MANUAL_REVIEW,FLOOD_EVIDENCE_NEEDS_DATE,UNASSESSED,". 2022 — « Le projet d'assainissement de Yaoundé a permis de diviser par cinq le nombre d'inondations dans la capitale camerounaise (de 15 à 3), mais la ... https://adf.afdb.org › success-stories › on-a-oublie-la-pl... Yaoundé inondations 2 « On a oublié la pluie » : à Yaoundé, capitale du ... organic https://adf.afdb.org/fr/success-stories/%E2%80%89on-a-oublie-la-pluie%E2%80%89-a-yaounde-capitale-du-cameroun-un-projet-de-gestion-de-le"
scrapers-data/apify_yaounde/apify_export_yaounde_2022.csv,GOOGLE_SEARCH_RESULT,"row 12, organicResults/2",Centre locality,Yaoundé,inondations,NONE_FOUND,UNKNOWN_REQUIRES_MANUAL_REVIEW,UNKNOWN_REQUIRES_MANUAL_REVIEW,FLOOD_EVIDENCE_NEEDS_DATE,UNASSESSED,ois — Résumé : Les inondations constituent un danger pour les populations riveraines des bas-fonds de la Commune de Yaoundé 6 au Cameroun. Les populations. https://revues.imist.ma › EGSM › article › download inondations Yaoundé de M CHINDJI · 2023 · Cité 1 fois — Résumé : Les inondations constituent un danger pour les populations riveraines des bas-fonds de la Commune de Yaoundé 6 au Cameroun. Les populations. 3 les inondations dans les
scrapers-data/apify_yaounde/apify_export_yaounde_2022.csv,GOOGLE_SEARCH_RESULT,"row 12, organicResults/3",Centre locality,Yaoundé,inondations,NONE_FOUND,UNKNOWN_REQUIRES_MANUAL_REVIEW,UNKNOWN_REQUIRES_MANUAL_REVIEW,FLOOD_EVIDENCE_NEEDS_DATE,UNASSESSED,2023-10-02T12:00:00.000Z Les inondations constituent un danger pour les populations riveraines des bas-fonds de la Commune de Yaoundé 6 au Cameroun. https://www.researchgate.net › publication › 37437373... inondations Yaoundé 4 les inondations dans les bas-fonds de la commune ... organic https://www.researchgate.net/publication/374373731_LES_INONDATIONS_DANS_LES_BAS-FONDS_DE_LA_COMMUNE_DE_YAOUNDE_6_CENTRE-CAMEROUN_ETAT_DES_LIEUX_ET_PE
scrapers-data/apify_yaounde/apify_export_yaounde_2022.csv,GOOGLE_SEARCH_RESULT,"row 12, organicResults/4",Centre locality,Yaoundé,inondations,12/07/2018,UNKNOWN_REQUIRES_MANUAL_REVIEW,UNKNOWN_REQUIRES_MANUAL_REVIEW,POSSIBLE_DUPLICATE_REVIEW_REQUIRED,UNASSESSED,"Schéma simplifié des causes des inondations à Yaoundé. Ajouté le 12/07/2018. Auteur : Martin Luther Djatcheu, habillage JBB, Géoconfluences 2018. https://geoconfluences.ens-lyon.fr › img-djatcheu › view inondations Yaoundé 5 Schéma simplifié des causes des inondations à Yaoundé organic https://geoconfluences.ens-lyon.fr/images/articles/img-djatcheu/fig10-schema-inondations-yaounde.png/view Géoconfluences"
scrapers-data/apify_yaounde/apify_export_yaounde_2022.csv,GOOGLE_SEARCH_RESULT,"row 12, organicResults/5",Centre locality,Yaoundé,inondation,NONE_FOUND,UNKNOWN_REQUIRES_MANUAL_REVIEW,UNKNOWN_REQUIRES_MANUAL_REVIEW,FLOOD_EVIDENCE_NEEDS_DATE,UNASSESSED,"Nos équipes se sont rendues à Elig- Edzoa et Manguiers, deux quartiers classés zones à haut risque d'inondation où l'angoisse est palpable, les ... Facebook › CRTVweb il y a 1 an 6 Plus de 110 réactions Yaoundé, les précipitations sont de retour et avec elles, le ... organic https://www.facebook.com/CRTVweb/videos/yaound%C3%A9-les-pr%C3%A9cipitations-sont-de-retour-et-avec-elles-le-calvaire-des-inondati/1702190983772626"
scrapers-data/apify_yaounde/apify_export_yaounde_2022.csv,GOOGLE_SEARCH_RESULT,"row 12, organicResults/6",Centre locality,Yaoundé,inondations,NONE_FOUND,UNKNOWN_REQUIRES_MANUAL_REVIEW,UNKNOWN_REQUIRES_MANUAL_REVIEW,FLOOD_EVIDENCE_NEEDS_DATE,UNASSESSED,". 2018 — À Yaoundé, les inondations détruisent régulièrement les logements, polluent les nappes phréatiques et sont la cause de nombreux décès, notamment ... https://www.afd.fr › carte-des-projets › lutter-contre-les... Yaoundé inondations 7 Lutter contre les inondations à Yaoundé organic https://www.afd.fr/fr/carte-des-projets/lutter-contre-les-inondations-yaounde AFD - Agence Française de Développement"
scrapers-data/apify_yaounde/apify_export_yaounde_2022.csv,GOOGLE_SEARCH_RESULT,"row 12, organicResults/7",Centre locality,Yaoundé,inondation; inondations,NONE_FOUND,UNKNOWN_REQUIRES_MANUAL_REVIEW,UNKNOWN_REQUIRES_MANUAL_REVIEW,FLOOD_EVIDENCE_NEEDS_DATE,UNASSESSED,"Luc Messi Atangana présente les solutions en cours et futures pour résorber le problème d'inondation au centre de la cap ... https://www.africa-press.net › Accueil › Communauté inondation 8 inondations à Yaoundé, les solutions du maire de ville organic https://www.africa-press.net/cameroun/toutes-les-actualites/cameroun-inondations-a-yaounde-les-solutions-du-maire-de-ville Africa Press English"
scrapers-data/apify_yaounde/apify_export_yaounde_2022.csv,GOOGLE_SEARCH_RESULT,"row 12, organicResults/8",Centre locality,Yaoundé,inondation,NONE_FOUND,UNKNOWN_REQUIRES_MANUAL_REVIEW,UNKNOWN_REQUIRES_MANUAL_REVIEW,FLOOD_EVIDENCE_NEEDS_DATE,UNASSESSED,· 2026 — Etude de la vulnérabilité sociale face aux risques d'inondation dans la ville de Yaoundé-Cameroun : cas de l'arrondissement de Yaoundé 7 ... https://revue-irsi.com › index.php › home › article › view inondation Yaoundé Yaoundé de WGF NJOMO · 2026 — Etude de la vulnérabilité sociale face aux risques d'inondation dans la ville de Yaoundé-Cameroun : cas de l'arrondissement de Yaoundé 7 ... 9 Etude de la vulnérabilité sociale face
scrapers-data/apify_yaounde/apify_export_yaounde_2022.csv,GOOGLE_SEARCH_RESULT,"row 13, organicResults/4",Centre division; Centre locality,Mfoundi; Yaoundé,Inondations; inondations,NONE_FOUND,UNKNOWN_REQUIRES_MANUAL_REVIEW,UNKNOWN_REQUIRES_MANUAL_REVIEW,FLOOD_EVIDENCE_NEEDS_DATE,UNASSESSED,"la voirie municipale, le canal du Mfoundi en contre bas du marché éponyme, l'exutoire des eaux au niveau de centre artisanal ... https://www.minhdu.gov.cm › inondations-au-centre-vill... 5 Inondations au centre-ville de Yaoundé organic https://www.minhdu.gov.cm/inondations-au-centre-ville-de-yaounde-le-minhdu-en-quete-des-solutions-durables/ - MINHDU"
scrapers-data/apify_yaounde/apify_export_yaounde_2022.csv,GOOGLE_SEARCH_RESULT,"row 13, organicResults/8",Centre locality,Yaoundé,inondation; inondations,NONE_FOUND,UNKNOWN_REQUIRES_MANUAL_REVIEW,UNKNOWN_REQUIRES_MANUAL_REVIEW,FLOOD_EVIDENCE_NEEDS_DATE,UNASSESSED,"6 juil. 2022 — Luc Messi Atangana présente les solutions en cours et futures pour résorber le problème d'inondation au centre de la cap ... https://www.africa-press.net › Accueil › Communauté inondation 9 inondations à Yaoundé, les solutions du maire de ville organic https://www.africa-press.net/cameroun/toutes-les-actualites/cameroun-inondations-a-yaounde-les-solutions-du-maire-de-ville Africa Press English"
scrapers-data/apify_yaounde/apify_export_yaounde_2022.csv,GOOGLE_SEARCH_RESULT,"row 13, organicResults/9",Centre locality,Yaoundé,inondations,NONE_FOUND,UNKNOWN_REQUIRES_MANUAL_REVIEW,UNKNOWN_REQUIRES_MANUAL_REVIEW,FLOOD_EVIDENCE_NEEDS_DATE,UNASSESSED,oir provoqué des inondations dramatiques. Victime d'inondations records dans ses régions du Centre ... https://www.jeuneafrique.com › politique › cameroun-p... inondations inondations 10 Cameroun : pourquoi Abuja accuse Yaoundé d'avoir ... organic https://www.jeuneafrique.com/1387972/politique/cameroun-pourquoi-abuja-accuse-yaounde-davoir-provoque-des-inondations-dramatiques/ Jeune Afrique
scrapers-data/apify_yaounde/apify_export_yaounde_2022.csv,GOOGLE_SEARCH_RESULT,"row 2, organicResults/5",Centre division; Centre locality,Mfoundi; Yaoundé,Inondations; inondations,NONE_FOUND,UNKNOWN_REQUIRES_MANUAL_REVIEW,UNKNOWN_REQUIRES_MANUAL_REVIEW,FLOOD_EVIDENCE_NEEDS_DATE,UNASSESSED,"la voirie municipale, le canal du Mfoundi en contre bas du marché éponyme, l'exutoire des eaux au niveau de centre artisanal ... https://www.minhdu.gov.cm › inondations-au-centre-vill... 6 Inondations au centre-ville de Yaoundé organic https://www.minhdu.gov.cm/inondations-au-centre-ville-de-yaounde-le-minhdu-en-quete-des-solutions-durables/ - MINHDU"
scrapers-data/apify_yaounde/apify_export_yaounde_2022.csv,GOOGLE_SEARCH_RESULT,"row 2, organicResults/9",Centre locality,Yaoundé,Inondation; inondations,17 mai 2022,UNKNOWN_REQUIRES_MANUAL_REVIEW,UNKNOWN_REQUIRES_MANUAL_REVIEW,POSSIBLE_DUPLICATE_REVIEW_REQUIRED,UNASSESSED,"Les fortes pluies qui se sont abattues sur Yaoundé, ce mardi 17 mai 2022, ont provoqué des inondations dans plusieurs parties de la capitale. Mais […] 17 mai ... https://actucameroun.com › Inondation 2022 inondations 10 Inondation - Page 2 organic https://actucam"
scrapers-data/apify_yaounde/apify_export_yaounde_2022.csv,GOOGLE_SEARCH_RESULT,"row 5, organicResults/1",Centre locality; Yaoundé quartier/arrondissement,Yaoundé; Etoug-Ebe,Inondation,NONE_FOUND,UNKNOWN_REQUIRES_MANUAL_REVIEW,UNKNOWN_REQUIRES_MANUAL_REVIEW,FLOOD_EVIDENCE_NEEDS_DATE,UNASSESSED,"Dans les communes d'Athiémé, de Lokossa et de Dogbo ( arrondissement de Dévé), plusieurs villages et écoles sont sous les eaux et des plantation ... 5 commentaires · il y a 7 ans 2 Inondation hier en mi - journée à Etoug-ebe lieu dit école ... organic https://www.facebook.com/groups/1509066946081280/posts/2158001644521137/ Facebook · plate forme praticienne de réduction de risque de catastrophe a yaoundé 6"
scrapers-data/apify_yaounde/apify_export_yaounde_2022.csv,GOOGLE_SEARCH_RESULT,"row 5, organicResults/3",Yaoundé quartier/arrondissement,Biyem-Assi; Etoug-Ebe,inondations,NONE_FOUND,UNKNOWN_REQUIRES_MANUAL_REVIEW,UNKNOWN_REQUIRES_MANUAL_REVIEW,FLOOD_EVIDENCE_NEEDS_DATE,UNASSESSED,errain ... Source : Enquêtes de terrain (2022). Figure 11 : habitat précaire endommagé par ... https://revues.imist.ma › EGSM › article › download Etoug Ebé 2022 de M CHINDJI · 2023 · Cité 1 fois — Etoug-Ebé. 55. Melèn –Biyem-assi. 50. Total. 150. Source : Enquêtes de terrain ... Source : Enquêtes de terrain (2022). Figure 11 : habitat précaire endommagé par ... 4 les inondations dans les bas-fonds de la commune de organic https://revue
scrapers-data/apify_yaounde/apify_export_yaounde_2022.csv,GOOGLE_SEARCH_RESULT,"row 6, organicResults/0",Centre locality; Yaoundé quartier/arrondissement,Yaoundé; Biyem-Assi,inondations,NONE_FOUND,UNKNOWN_REQUIRES_MANUAL_REVIEW,UNKNOWN_REQUIRES_MANUAL_REVIEW,FLOOD_EVIDENCE_NEEDS_DATE,UNASSESSED,uies est toujours redoutée par les habitants de Biyem-assi (B-A) école des sources. Ce quartier de Yaoundé n'est pas ... https://fr.allafrica.com › stories L'arrivée des pluies est toujours redoutée par les habitants de Biyem-assi 1 Les populations de Biyem-assi à la merci des inondations organic https://fr.allafrica.com/stories/201310220517.html allAfrica.fr
scrapers-data/apify_yaounde/apify_export_yaounde_2022.csv,GOOGLE_SEARCH_RESULT,"row 6, organicResults/1",Centre locality,Yaoundé,inondations,NONE_FOUND,UNKNOWN_REQUIRES_MANUAL_REVIEW,UNKNOWN_REQUIRES_MANUAL_REVIEW,FLOOD_EVIDENCE_NEEDS_DATE,UNASSESSED,ulations. https://revues.imist.ma › EGSM › article › download inondations de M CHINDJI · 2023 · Cité 1 fois — Résumé : Les inondations constituent un danger pour les populations riveraines des bas-fonds de la Commune de Yaoundé 6 au Cameroun. Les populations. 2 les inondations dans les bas-fonds de la commune de organic https://revues.imist.ma/index.php/EGSM/article/download/37958/19583 Portail des Revues Scientifiques Marocaines
scrapers-data/apify_yaounde/apify_export_yaounde_2022.csv,GOOGLE_SEARCH_RESULT,"row 6, organicResults/3",Centre locality,Yaoundé,INONDATIONS,27 mai 2022,UNKNOWN_REQUIRES_MANUAL_REVIEW,UNKNOWN_REQUIRES_MANUAL_REVIEW,POSSIBLE_DUPLICATE_REVIEW_REQUIRED,UNASSESSED,"( situé l'arrondissement de Yaoundé 6 qui a récemment ... Plusieurs familles désormais sans abri ce vendredi 27 mai 2022 au quartier ... Plus de 200 réactions · il y a 6 ans Biyem Assi 2022 4 VENDREDI D'INONDATIONS À YAOUNDÉ [ VIDÉO, ... organic https://www.facebook.com/Paulchouta/posts/vendredi-dinondations-%C3%A0-yaound%C3%A9-vid%C3%A9o-photos-apr%C3%A8s-le-passage-dune-pluie-diluvie/2536569733070289/ Facebook · Le TGV de l'info"
scrapers-data/apify_yaounde/apify_export_yaounde_2022.csv,GOOGLE_SEARCH_RESULT,"row 7, organicResults/9",Yaoundé quartier/arrondissement,Nkolbisson; Mvog-Ada,inondations,NONE_FOUND,UNKNOWN_REQUIRES_MANUAL_REVIEW,UNKNOWN_REQUIRES_MANUAL_REVIEW,FLOOD_EVIDENCE_NEEDS_DATE,UNASSESSED,ires de Mvog-Ada et les populations du quartier ont libéré les buses encombrées par les ordures ... https://archives.yusiip.cm › actualite_presentation › titre... Mvog Ada 10 Comment prévenir des inondations au quartier Nkolbisson ... organic https://archives.yusiip.cm/actualite_presentation.php?actualite=56&titre=Comment%20pr%C3%A9venir%20des%20inondations%20au%20quartier%20Nkolbisson%20%C3%A0%20Yaound%C3%A9%20? Yusiip
scrapers-data/apify_yaounde/apify_export_yaounde_2022.csv,GOOGLE_SEARCH_RESULT,"row 8, organicResults/0",Yaoundé quartier/arrondissement,Nkolbisson,inondations,NONE_FOUND,UNKNOWN_REQUIRES_MANUAL_REVIEW,UNKNOWN_REQUIRES_MANUAL_REVIEW,FLOOD_EVIDENCE_NEEDS_DATE,UNASSESSED,par la mauvaise gestion des déchets urbains notamment les ordures ... https://archives.yusiip.cm › actualite_presentation › titre... Le quartier est exposé aux inondations 1 Comment prévenir des inondations au quartier Nkolbisson ... organic https://archives.yusiip.cm/actualite_presentation.php?actualite=56&titre=Comment%20pr%C3%A9venir%20des%20inondations%20au%20quartier%20Nkolbisson%20%C3%A0%20Yaound%C3%A9%20? Yusiip
scrapers-data/apify_yaounde/apify_export_yaounde_2022.csv,GOOGLE_SEARCH_RESULT,"row 8, organicResults/1",Centre locality; Yaoundé quartier/arrondissement,Yaoundé; Nkolbisson,débordements; inondations,NONE_FOUND,UNKNOWN_REQUIRES_MANUAL_REVIEW,UNKNOWN_REQUIRES_MANUAL_REVIEW,FLOOD_EVIDENCE_NEEDS_DATE,UNASSESSED,"Yaoundé: Nkolbisson sous la menace des inondations ... Après celles enregistrées le 21 juin dernier, les populations craignent de nouveaux débordements des eaux. https://cameroun24.net › article › 40016-Yaound_C3_... Nkolbisson inondations 2 Yaoundé: Nkolbisson sous la menace des inondations organic https://cameroun24.net/article/40016-Yaound_C3_A9_3A_Nkolbisson_sous_la_menace_des_inondation.html?pr=51093&lang=fr Cameroun24"
scrapers-data/apify_yaounde/apify_export_yaounde_2022.csv,GOOGLE_SEARCH_RESULT,"row 8, organicResults/3",Centre locality; Yaoundé quartier/arrondissement; Yaoundé gazetteer locality,Yaoundé; Nkolbisson; Yaoundé VII,inondations,NONE_FOUND,UNKNOWN_REQUIRES_MANUAL_REVIEW,UNKNOWN_REQUIRES_MANUAL_REVIEW,FLOOD_EVIDENCE_NEEDS_DATE,UNASSESSED,"2012 — Dans la nuit de vendredi à samedi, certains habitants du quartier Nkolbisson, dans l'arrondissement de Yaoundé VII, ont été brusquement sortis ... https://fr.allafrica.com › stories certains habitants du quartier Nkolbisson 4 Cameroun: Encore des inondations à Nkolbisson organic https://fr.allafrica.com/stories/201204161377.html allAfrica.fr"
scrapers-data/apify_yaounde/apify_export_yaounde_2022.csv,GOOGLE_SEARCH_RESULT,"row 8, organicResults/7",Centre locality; Yaoundé quartier/arrondissement,Yaoundé; Nkolbisson,inondations,NONE_FOUND,UNKNOWN_REQUIRES_MANUAL_REVIEW,UNKNOWN_REQUIRES_MANUAL_REVIEW,FLOOD_EVIDENCE_NEEDS_DATE,UNASSESSED,Cameroun – Yaoundé: Les inondations persistent au quartier Nkolbisson. Les déchets plastiques et organiques ont bloqué la buse métallique qui ... https://actucameroun.com › Société Les inondations persistent au quartier Nkolbisson 8 Yaoundé: Les inondations persistent au quartier Nkolbisson organic https://actucameroun.com/2017/09/12/cameroun-yaounde-les-inondations-persistent-au-quartier-nkolbisson/ Actu Cameroun
scrapers-data/apify_yaounde/apify_export_yaounde_2022.csv,GOOGLE_SEARCH_RESULT,"row 9, organicResults/7",Centre division; Centre locality,Mfoundi; Yaoundé,Inondations; inondations,NONE_FOUND,UNKNOWN_REQUIRES_MANUAL_REVIEW,UNKNOWN_REQUIRES_MANUAL_REVIEW,FLOOD_EVIDENCE_NEEDS_DATE,UNASSESSED,"la voirie municipale, le canal du Mfoundi en contre bas du marché éponyme, l'exutoire des eaux au niveau de centre artisanal ... https://www.minhdu.gov.cm › inondations-au-centre-vill... 8 Inondations au centre-ville de Yaoundé organic https://www.minhdu.gov.cm/inondations-au-centre-ville-de-yaounde-le-minhdu-en-quete-des-solutions-durables/ - MINHDU"
scrapers-data/apify_yaounde/apify_export_yaounde_2023.csv,GOOGLE_SEARCH_RESULT,"row 10, organicResults/0",Centre division; Centre locality,Mfoundi; Yaoundé,Inondations; inondations,NONE_FOUND,UNKNOWN_REQUIRES_MANUAL_REVIEW,UNKNOWN_REQUIRES_MANUAL_REVIEW,FLOOD_EVIDENCE_NEEDS_DATE,UNASSESSED,"la voirie municipale, le canal du Mfoundi en contre bas du marché éponyme, l'exutoire des eaux au niveau de centre artisanal ... https://www.minhdu.gov.cm › inondations-au-centre-vill... 1 Inondations au centre-ville de Yaoundé organic https://www.minhdu.gov.cm/inondations-au-centre-ville-de-yaounde-le-minhdu-en-quete-des-solutions-durables/ - MINHDU"
scrapers-data/apify_yaounde/apify_export_yaounde_2023.csv,GOOGLE_SEARCH_RESULT,"row 10, organicResults/1",Centre locality,Yaoundé,inondations,NONE_FOUND,UNKNOWN_REQUIRES_MANUAL_REVIEW,UNKNOWN_REQUIRES_MANUAL_REVIEW,FLOOD_EVIDENCE_NEEDS_DATE,UNASSESSED,"l. 2022 — « Le projet d'assainissement de Yaoundé a permis de diviser par cinq le nombre d'inondations dans la capitale camerounaise (de 15 à 3), mais la ... https://www.afdb.org › success-stories › oublie-la-pluie-y... Yaoundé inondations 2 à Yaoundé, capitale du Cameroun, un projet de gestion ... organic https://www.afdb.org/fr/success-stories/oublie-la-pluie-yaounde-capitale-du-cameroun-un-projet-de-gestion-de-leau-pare-aux-inondatio"
scrapers-data/apify_yaounde/apify_export_yaounde_2023.csv,GOOGLE_SEARCH_RESULT,"row 10, organicResults/2",Centre locality,Yaoundé,inondations,NONE_FOUND,UNKNOWN_REQUIRES_MANUAL_REVIEW,UNKNOWN_REQUIRES_MANUAL_REVIEW,FLOOD_EVIDENCE_NEEDS_DATE,UNASSESSED,2023-10-02T12:00:00.000Z Les inondations constituent un danger pour les populations riveraines des bas-fonds de la Commune de Yaoundé 6 au Cameroun. https://www.researchgate.net › publication › 37437373... inondations Yaoundé 3 les inondations dans les bas-fonds de la commune ... organic https://www.researchgate.net/publication/374373731_LES_INONDATIONS_DANS_LES_BAS-FONDS_DE_LA_COMMUNE_DE_YAOUNDE_6_CENTRE-CAMEROUN_ETAT_DES_LIEUX_ET_PE
scrapers-data/apify_yaounde/apify_export_yaounde_2023.csv,GOOGLE_SEARCH_RESULT,"row 10, organicResults/3",Centre locality,Yaoundé,inondation,NONE_FOUND,UNKNOWN_REQUIRES_MANUAL_REVIEW,UNKNOWN_REQUIRES_MANUAL_REVIEW,FLOOD_EVIDENCE_NEEDS_DATE,UNASSESSED,"isait à identifier quelques indicateurs de la vulnérabilité sociale (les personnes ... https://revue-irsi.com › index.php › home › article › view Yaoundé de WGF NJOMO · 2026 — Cet article centré dans l'arrondissement de Yaoundé 7, visait à identifier quelques indicateurs de la vulnérabilité sociale (les personnes ... 4 Etude de la vulnérabilité sociale face aux risques d'inondation ... organic https://revue-irsi.com/index.php/home/artic"
scrapers-data/apify_yaounde/apify_export_yaounde_2023.csv,GOOGLE_SEARCH_RESULT,"row 10, organicResults/4",Centre locality,Yaoundé,inondations,NONE_FOUND,UNKNOWN_REQUIRES_MANUAL_REVIEW,UNKNOWN_REQUIRES_MANUAL_REVIEW,FLOOD_EVIDENCE_NEEDS_DATE,UNASSESSED,é des causes des inondations à Yaoundé ; Nature : Organigramme ; Echelle : Locale ; Droit d'auteur : Licence Creative Commons (CC BY-NC-SA 3.0 FR) ... https://geoconfluences.ens-lyon.fr › img-djatcheu › view inondations Yaoundé 5 Schéma simplifié des causes des inondations à Yaoundé organic https://geoconfluences.ens-lyon.fr/images/articles/img-djatcheu/fig10-schema-inondations-yaounde.png/view Géoconfluences
scrapers-data/apify_yaounde/apify_export_yaounde_2023.csv,GOOGLE_SEARCH_RESULT,"row 10, organicResults/5",Centre locality,Yaoundé,inondations,30 juin 2023,UNKNOWN_REQUIRES_MANUAL_REVIEW,UNKNOWN_REQUIRES_MANUAL_REVIEW,POSSIBLE_DUPLICATE_REVIEW_REQUIRED,UNASSESSED,"30 juin 2023 — Mediebou, C. (2023). Les inondations dans les bas-fonds de la commune de Yaounde 6 (Centre-Cameroun) Etat des lieux et perspectives. https://www.scirp.org › reference 2023 inondations Yaounde 6 Mediebou, C. (2023). Les inondations dans les bas-fonds ... organic https://www.scirp.org/reference/referencespapers?referenceid=3508698 SCIRP Open Access"
scrapers-data/apify_yaounde/apify_export_yaounde_2023.csv,GOOGLE_SEARCH_RESULT,"row 10, organicResults/7",Centre locality,Yaoundé,inondations,NONE_FOUND,UNKNOWN_REQUIRES_MANUAL_REVIEW,UNKNOWN_REQUIRES_MANUAL_REVIEW,FLOOD_EVIDENCE_NEEDS_DATE,UNASSESSED,é 1 fois — Les principaux résultats indiquent que le milieu physique des bas-fonds de la Commune de Yaoundé 6 est fragile face à la permanence des inondations. Par ... https://revues.imist.ma › EGSM › article › download Yaoundé inondations de M CHINDJI · 2023 · Cité 1 fois — Les principaux résultats indiquent que le milieu physique des bas-fonds de la Commune de Yaoundé 6 est fragile face à la permanence des inondations. Par ... 8 les i
scrapers-data/apify_yaounde/apify_export_yaounde_2023.csv,GOOGLE_SEARCH_RESULT,"row 10, organicResults/8",Centre locality,Yaoundé,inondations,10 juin 2021,UNKNOWN_REQUIRES_MANUAL_REVIEW,UNKNOWN_REQUIRES_MANUAL_REVIEW,POSSIBLE_DUPLICATE_REVIEW_REQUIRED,UNASSESSED,"10 juin 2021 — C'est un fait, la mairie de Yaoundé 7 est provisoirement fermée à partir de ce jeudi 10 juin 2021. Une décision prise après les graves. https://actucameroun.com › Actualités Yaoundé 9 Après les inondations, la mairie de Yaoundé 7 fermée organic https://actucameroun.com/2021/06/10/apres-les-inondations-la-mairie-de-yaounde-7-fermee/ Actu Cameroun"
scrapers-data/apify_yaounde/apify_export_yaounde_2023.csv,GOOGLE_SEARCH_RESULT,"row 10, organicResults/9",Centre locality,Yaoundé,inondations,NONE_FOUND,UNKNOWN_REQUIRES_MANUAL_REVIEW,UNKNOWN_REQUIRES_MANUAL_REVIEW,FLOOD_EVIDENCE_NEEDS_DATE,UNASSESSED,". 2018 — À Yaoundé, les inondations détruisent régulièrement les logements, polluent les nappes phréatiques et sont la cause de nombreux décès, notamment ... https://www.afd.fr › carte-des-projets › lutter-contre-les... Yaoundé inondations 10 Lutter contre les inondations à Yaoundé organic https://www.afd.fr/fr/carte-des-projets/lutter-contre-les-inondations-yaounde AFD - Agence Française de Développement"
scrapers-data/apify_yaounde/apify_export_yaounde_2023.csv,GOOGLE_SEARCH_RESULT,"row 11, organicResults/2",Centre locality,Yaoundé,Floods; floods,NONE_FOUND,UNKNOWN_REQUIRES_MANUAL_REVIEW,UNKNOWN_REQUIRES_MANUAL_REVIEW,FLOOD_EVIDENCE_NEEDS_DATE,UNASSESSED,://floodlist.com › africa › cameroon-floods-mudslid... 30 people had lost their lives 3 30 Dead After Floods and Mudslides in Mbankolo District ... organic https://floodlist.com/africa/cameroon-floods-mudslides-mbankolo-yaounde-october-2023 FloodList
scrapers-data/apify_yaounde/apify_export_yaounde_2023.csv,GOOGLE_SEARCH_RESULT,"row 11, organicResults/4",Centre locality,Yaoundé,inondations,NONE_FOUND,UNKNOWN_REQUIRES_MANUAL_REVIEW,UNKNOWN_REQUIRES_MANUAL_REVIEW,FLOOD_EVIDENCE_NEEDS_DATE,UNASSESSED,"2023-06-30T12:00:00.000Z Mediebou, C. (2023). Les inondations dans les bas-fonds de la commune de Yaounde 6 (Centre-Cameroun) Etat des lieux et perspectives. https://www.scirp.org › reference › referencespapers 2023 inondations 5 Mediebou, C. (2023). Les inondations dans les bas-fonds ... organic https://www.scirp.or"
scrapers-data/apify_yaounde/apify_export_yaounde_2023.csv,GOOGLE_SEARCH_RESULT,"row 12, organicResults/1",Centre locality,Yaoundé,Floods; floods,NONE_FOUND,UNKNOWN_REQUIRES_MANUAL_REVIEW,UNKNOWN_REQUIRES_MANUAL_REVIEW,FLOOD_EVIDENCE_NEEDS_DATE,UNASSESSED,. https://floodlist.com › africa › cameroon-floods-mudslid... late on 08 October 2023 2 30 Dead After Floods and Mudslides in Mbankolo District ... organic https://floodlist.com/africa/cameroon-floods-mudslides-mbankolo-yaounde-october-2023 FloodList
scrapers-data/apify_yaounde/apify_export_yaounde_2023.csv,GOOGLE_SEARCH_RESULT,"row 12, organicResults/5",Centre locality,Yaoundé,flood; floods,NONE_FOUND,UNKNOWN_REQUIRES_MANUAL_REVIEW,UNKNOWN_REQUIRES_MANUAL_REVIEW,FLOOD_EVIDENCE_NEEDS_DATE,UNASSESSED,"ol Etam, which in turn triggered a torrent of mud and flood https://www.vaticannews.va › church › news › 2023-10 heavy rain and run-off which destroyed a water retention dam at Nkol Etam 6 Cameroon floods: Archbishop of Yaounde prays for victims organic https://www.vaticannews.va/en/church/news/2023-10/archbishiop-of-yaounde-prays-for-victims-of-cameroon-floods.html Vatican News"
scrapers-data/apify_yaounde/apify_export_yaounde_2023.csv,GOOGLE_SEARCH_RESULT,"row 13, organicResults/0",Centre locality,Yaoundé,inondations,NONE_FOUND,UNKNOWN_REQUIRES_MANUAL_REVIEW,UNKNOWN_REQUIRES_MANUAL_REVIEW,FLOOD_EVIDENCE_NEEDS_DATE,UNASSESSED,2023-10-02T12:00:00.000Z Les inondations constituent un danger pour les populations riveraines des bas-fonds de la Commune de Yaoundé 6 au Cameroun. https://www.researchgate.net › publication › 37437373... inondations Yaoundé 1 les inondations dans les bas-fonds de la commune ... organic https://www.researchgate.net/publication/374373731_LES_INONDATIONS_DANS_LES_BAS-FONDS_DE_LA_COMMUNE_DE_YAOUNDE_6_CENTRE-CAMEROUN_ETAT_DES_LIEUX_ET_PE
scrapers-data/apify_yaounde/apify_export_yaounde_2023.csv,GOOGLE_SEARCH_RESULT,"row 13, organicResults/1",Centre locality,Yaoundé,inondations,NONE_FOUND,UNKNOWN_REQUIRES_MANUAL_REVIEW,UNKNOWN_REQUIRES_MANUAL_REVIEW,FLOOD_EVIDENCE_NEEDS_DATE,UNASSESSED,é 1 fois — Les principaux résultats indiquent que le milieu physique des bas-fonds de la Commune de Yaoundé 6 est fragile face à la permanence des inondations. Par ... https://revues.imist.ma › EGSM › article › download Yaoundé inondations de M CHINDJI · 2023 · Cité 1 fois — Les principaux résultats indiquent que le milieu physique des bas-fonds de la Commune de Yaoundé 6 est fragile face à la permanence des inondations. Par ... 2 les i
scrapers-data/apify_yaounde/apify_export_yaounde_2023.csv,GOOGLE_SEARCH_RESULT,"row 13, organicResults/2",Centre locality,Yaoundé,inondations,30 juin 2023,UNKNOWN_REQUIRES_MANUAL_REVIEW,UNKNOWN_REQUIRES_MANUAL_REVIEW,POSSIBLE_DUPLICATE_REVIEW_REQUIRED,UNASSESSED,"ons dans les bas-fonds de la commune de Yaounde 6 (Centre-Cameroun): Etat des lieux et perspectives. Revue espace géographique et ... https://www.scirp.org › reference Les inondations dans les bas-fonds de la commune de Yaounde 6 3 Mediebou, C. (2023). Les inondations dans les bas-fonds ... organic https://www.scirp.org/reference/referencespapers?referenceid=3508698 SCIRP Open Access"
scrapers-data/apify_yaounde/apify_export_yaounde_2023.csv,GOOGLE_SEARCH_RESULT,"row 13, organicResults/3",Centre division; Centre locality,Mfoundi; Yaoundé,Inondations; inondations,NONE_FOUND,UNKNOWN_REQUIRES_MANUAL_REVIEW,UNKNOWN_REQUIRES_MANUAL_REVIEW,FLOOD_EVIDENCE_NEEDS_DATE,UNASSESSED,"la voirie municipale, le canal du Mfoundi en contre bas du marché éponyme, l'exutoire des eaux au niveau de centre artisanal ... https://www.minhdu.gov.cm › inondations-au-centre-vill... 4 Inondations au centre-ville de Yaoundé organic https://www.minhdu.gov.cm/inondations-au-centre-ville-de-yaounde-le-minhdu-en-quete-des-solutions-durables/ - MINHDU"
scrapers-data/apify_yaounde/apify_export_yaounde_2023.csv,GOOGLE_SEARCH_RESULT,"row 13, organicResults/4",Centre locality,Yaoundé,inondations,NONE_FOUND,UNKNOWN_REQUIRES_MANUAL_REVIEW,UNKNOWN_REQUIRES_MANUAL_REVIEW,FLOOD_EVIDENCE_NEEDS_DATE,UNASSESSED,"l. 2022 — « Le projet d'assainissement de Yaoundé a permis de diviser par cinq le nombre d'inondations dans la capitale camerounaise (de 15 à 3), mais la ... https://www.afdb.org › success-stories › oublie-la-pluie-y... Yaoundé inondations 5 à Yaoundé, capitale du Cameroun, un projet de gestion ... organic https://www.afdb.org/fr/success-stories/oublie-la-pluie-yaounde-capitale-du-cameroun-un-projet-de-gestion-de-leau-pare-aux-inondatio"
scrapers-data/apify_yaounde/apify_export_yaounde_2023.csv,GOOGLE_SEARCH_RESULT,"row 13, organicResults/6",Centre locality,Yaoundé,inondation,30 juin 2022,UNKNOWN_REQUIRES_MANUAL_REVIEW,UNKNOWN_REQUIRES_MANUAL_REVIEW,POSSIBLE_DUPLICATE_REVIEW_REQUIRED,UNASSESSED,"2022-09-30T12:00:00.000Z Une pluie diluvienne s'est abattue dans la ville de Yaoundé le 30 juin 2022 entraînant une énième inondation. Bien que déjà habitués à ce ... https://datacameroon.com › yaounde-lutte-contre-les-ino... Yaoundé inondation 7 15,8 milliards F Cfa pour lutter contre les inondations organic https://datacameroon.com/yaounde-lutte-contre-les-inondations-158/ DataCameroon"
scrapers-data/apify_yaounde/apify_export_yaounde_2023.csv,GOOGLE_SEARCH_RESULT,"row 2, organicResults/0",Centre locality,Yaoundé,inondations,30 juin 2023,UNKNOWN_REQUIRES_MANUAL_REVIEW,UNKNOWN_REQUIRES_MANUAL_REVIEW,POSSIBLE_DUPLICATE_REVIEW_REQUIRED,UNASSESSED,"30 juin 2023 — Mediebou, C. (2023). Les inondations dans les bas-fonds de la commune de Yaounde 6 (Centre-Cameroun) Etat des lieux et perspectives. https://www.scirp.org › reference 2023 inondations 1 Mediebou, C. (2023). Les inondations dans les bas-fonds ... organic https://www.scirp.org/reference/referen"
scrapers-data/apify_yaounde/apify_export_yaounde_2023.csv,GOOGLE_SEARCH_RESULT,"row 3, organicResults/2",Centre locality; Yaoundé quartier/arrondissement,Yaoundé; Ngousso,inondations,NONE_FOUND,UNKNOWN_REQUIRES_MANUAL_REVIEW,UNKNOWN_REQUIRES_MANUAL_REVIEW,FLOOD_EVIDENCE_NEEDS_DATE,UNASSESSED,"De fortes inondations ont de nouveau paralysé les abords de la Poste centrale et de l'avenue Kennedy, deux zones stratégiques de la capitale ... Plus de 570 réactions · il y a 4 ans inondations 3 🔴🔴🔴SOCIÉTÉ-YAOUNDE : NGOUSSO PRIVÉE D'EAU ... organic https://www.facebook.com/Paulchouta/posts/soci%C3%A9t%C3%A9-yaounde-ngousso-priv%C3%A9e-deau-depuis-02-mois-les-populations-veulent-paral/5447826465277920/ Facebook · Le TGV de l'info"
scrapers-data/apify_yaounde/apify_export_yaounde_2023.csv,GOOGLE_SEARCH_RESULT,"row 4, organicResults/0",Centre locality,Yaoundé,INONDATIONS,NONE_FOUND,UNKNOWN_REQUIRES_MANUAL_REVIEW,UNKNOWN_REQUIRES_MANUAL_REVIEW,FLOOD_EVIDENCE_NEEDS_DATE,UNASSESSED,Plus de 60 réactions · il y a 6 ans 1 VENDREDI D'INONDATIONS À YAOUNDÉ [ VIDÉO ] ACTE 2 ... organic https://www.facebook.com/Paulchouta/posts/vendredi-dinondations-%C3%A0-yaound%C3%A9-vid%C3%A9o-acte-2-apr%C3%A8s-le-passage-dune-pluie-diluvie/2536587853068477/ Facebook · Le TGV de l
scrapers-data/apify_yaounde/apify_export_yaounde_2023.csv,GOOGLE_SEARCH_RESULT,"row 4, organicResults/1",Centre locality,Yaoundé,inondations,30 juin 2023,UNKNOWN_REQUIRES_MANUAL_REVIEW,UNKNOWN_REQUIRES_MANUAL_REVIEW,POSSIBLE_DUPLICATE_REVIEW_REQUIRED,UNASSESSED,"30 juin 2023 — Les inondations dans les bas-fonds de la commune de Yaounde 6 (Centre-Cameroun): Etat des lieux et perspectives. Revue espace géographique et ... https://www.scirp.org › reference inondations 2 Mediebou, C. (2023). Les inondations dans les bas-fonds ... organic https://ww"
scrapers-data/apify_yaounde/apify_export_yaounde_2023.csv,GOOGLE_SEARCH_RESULT,"row 4, organicResults/3",Centre locality,Yaoundé,INONDATIONS; inondations,NONE_FOUND,UNKNOWN_REQUIRES_MANUAL_REVIEW,UNKNOWN_REQUIRES_MANUAL_REVIEW,FLOOD_EVIDENCE_NEEDS_DATE,UNASSESSED,"ondations ont certainement été envoyées par les esprits maléfiques tapis dans l'ombre pour déstabiliser le Cameroun. D'aucuns vous diront ... Plus de 200 réactions · il y a 6 ans inondations 4 VENDREDI D'INONDATIONS À YAOUNDÉ [ VIDÉO, ... organic https://www.facebook.com/Paulchouta/posts/vendredi-dinondations-%C3%A0-yaound%C3%A9-vid%C3%A9o-photos-apr%C3%A8s-le-passage-dune-pluie-diluvie/2536569733070289/ Facebook · Le TGV de l'info"
scrapers-data/apify_yaounde/apify_export_yaounde_2023.csv,GOOGLE_SEARCH_RESULT,"row 5, organicResults/2",Centre locality,Yaoundé,inondations,30 juin 2023,UNKNOWN_REQUIRES_MANUAL_REVIEW,UNKNOWN_REQUIRES_MANUAL_REVIEW,POSSIBLE_DUPLICATE_REVIEW_REQUIRED,UNASSESSED,"30 juin 2023 — Mediebou, C. (2023). Les inondations dans les bas-fonds de la commune de Yaounde 6 (Centre-Cameroun) Etat des lieux et perspectives. https://www.scirp.org › reference 2023 inondations 3 Mediebou, C. (2023). Les inondations dans les bas-fonds ... organic https://www.scirp.org/reference/referen"
scrapers-data/apify_yaounde/apify_export_yaounde_2023.csv,GOOGLE_SEARCH_RESULT,"row 5, organicResults/4",Centre locality; Yaoundé quartier/arrondissement,Yaoundé; Etoug-Ebe,Inondation,NONE_FOUND,UNKNOWN_REQUIRES_MANUAL_REVIEW,UNKNOWN_REQUIRES_MANUAL_REVIEW,FLOOD_EVIDENCE_NEEDS_DATE,UNASSESSED,uite d'une bousculade au Lycée Bilingue d'Etoug-Ebe à Yaoundé. En effet l'entrée des retardataires dans l'enceinte de ... 5 commentaires · il y a 7 ans 21 élèves blessés à la suite d'une bousculade au Lycée Bilingue d'Etoug-Ebe 5 Inondation hier en mi - journée à Etoug-ebe lieu dit école ... organic https://www.facebook.com/groups/1509066946081280/posts/2158001644521137/ Facebook · plate forme praticienne de réduction de risque de cat
scrapers-data/apify_yaounde/apify_export_yaounde_2023.csv,GOOGLE_SEARCH_RESULT,"row 6, organicResults/0",Centre locality,Yaoundé,inondations,30 juin 2023,UNKNOWN_REQUIRES_MANUAL_REVIEW,UNKNOWN_REQUIRES_MANUAL_REVIEW,POSSIBLE_DUPLICATE_REVIEW_REQUIRED,UNASSESSED,"30 juin 2023 — Mediebou, C. (2023). Les inondations dans les bas-fonds de la commune de Yaounde 6 (Centre-Cameroun) Etat des lieux et perspectives. https://www.scirp.org › reference 2023 inondations 1 Mediebou, C. (2023). Les inondations dans les bas-fonds ... organic https://www.scirp.org/reference/referen"
scrapers-data/apify_yaounde/apify_export_yaounde_2023.csv,GOOGLE_SEARCH_RESULT,"row 6, organicResults/3",Centre locality,Yaoundé,Floods; floods,NONE_FOUND,UNKNOWN_REQUIRES_MANUAL_REVIEW,UNKNOWN_REQUIRES_MANUAL_REVIEW,FLOOD_EVIDENCE_NEEDS_DATE,UNASSESSED,ited the affected ... https://floodlist.com › africa › cam... late on 08 October 2023 4 30 Dead After Floods and Mudslides in Mbankolo District ... organic https://floodlist.com/africa/cameroon-floods-mudslides-mbankolo-yaounde-october-2023 FloodList
scrapers-data/apify_yaounde/apify_export_yaounde_2023.csv,GOOGLE_SEARCH_RESULT,"row 6, organicResults/7",Centre locality,Yaoundé,inondations,NONE_FOUND,UNKNOWN_REQUIRES_MANUAL_REVIEW,UNKNOWN_REQUIRES_MANUAL_REVIEW,FLOOD_EVIDENCE_NEEDS_DATE,UNASSESSED,Centre-Cameroun): État des lieux et perspectives · Auteur/ices · DOI :. https://revues.imist.ma › EGSM › article › view inondations de M CHINDJI · 2023 · Cité 1 fois — Les inondations dans les bas-fonds de la Commune de Yaoundé 6(Centre-Cameroun): État des lieux et perspectives · Auteur/ices · DOI :. 8 Les inondations dans les bas-fonds de la Commune ... organic https://revues.imist.ma/index.php/EGSM/article/view/37958 Portail des Revue
scrapers-data/apify_yaounde/apify_export_yaounde_2023.csv,GOOGLE_SEARCH_RESULT,"row 6, organicResults/8",Centre locality,Yaoundé,Inondations; inondations,23 mars 2023; 21 mars 2023,UNKNOWN_REQUIRES_MANUAL_REVIEW,UNKNOWN_REQUIRES_MANUAL_REVIEW,POSSIBLE_DUPLICATE_REVIEW_REQUIRED,UNASSESSED,"st un fait, les pluies qui se sont abattues à Yaoundé le 21 mars 2023 ont provoqué de graves inondations dans plusieurs quartiers, plus ... https://actucameroun.com › Actualités 2023 inondations 9 Alerte - Inondations à Yaoundé : Risques élevés du 21 au ... organic https://actucameroun.com/2023/03/23/alerte-inondations-a-yaounde-le-pire-annonce-pour-les-habitants-du-21-au-30-mars-2023/ Actu Cameroun"
scrapers-data/apify_yaounde/apify_export_yaounde_2023.csv,GOOGLE_SEARCH_RESULT,"row 6, organicResults/9",Centre locality,Yaoundé,Inondations; inondation; inondations,NONE_FOUND,UNKNOWN_REQUIRES_MANUAL_REVIEW,UNKNOWN_REQUIRES_MANUAL_REVIEW,FLOOD_EVIDENCE_NEEDS_DATE,UNASSESSED,— C'était à la suite de la troisième inondation du mois survenue à l'Avenue Kennedy et au rond-point de la poste centrale ... https://fr.journalducameroun.com › cameroun-inondati... inondation 10 Cameroun Inondations A Yaounde Les Solutions Du Maire ... organic https://fr.journalducameroun.com/cameroun-inondations-a-yaounde-les-solutions-du-maire-de-ville/ Journalducameroun.com
scrapers-data/apify_yaounde/apify_export_yaounde_2023.csv,GOOGLE_SEARCH_RESULT,"row 8, organicResults/0",Centre locality,Yaoundé,inondations,30 juin 2023,UNKNOWN_REQUIRES_MANUAL_REVIEW,UNKNOWN_REQUIRES_MANUAL_REVIEW,POSSIBLE_DUPLICATE_REVIEW_REQUIRED,UNASSESSED,"30 juin 2023 — Mediebou, C. (2023). Les inondations dans les bas-fonds de la commune de Yaounde 6 (Centre-Cameroun) Etat des lieux et perspectives. https://www.scirp.org › reference 2023 inondations 1 Mediebou, C. (2023). Les inondations dans les bas-fonds ... organic https://www.scirp.org/reference/referen"
scrapers-data/apify_yaounde/apify_export_yaounde_2023.csv,GOOGLE_SEARCH_RESULT,"row 8, organicResults/4",Centre locality,Yaoundé,Floods; floods,NONE_FOUND,UNKNOWN_REQUIRES_MANUAL_REVIEW,UNKNOWN_REQUIRES_MANUAL_REVIEW,FLOOD_EVIDENCE_NEEDS_DATE,UNASSESSED,"tanga Nji Paul, visited the affected ... https://floodlist.com › africa › cam... 2023 5 30 Dead After Floods and Mudslides in Mbankolo District ... organic https://floodlist.com/africa/cameroon-floods-mudslides-mbankolo-yaounde-october-2023 FloodList"
scrapers-data/apify_yaounde/apify_export_yaounde_2023.csv,GOOGLE_SEARCH_RESULT,"row 8, organicResults/6",Yaoundé quartier/arrondissement,Nkolbisson; Mvog-Ada,inondations,NONE_FOUND,UNKNOWN_REQUIRES_MANUAL_REVIEW,UNKNOWN_REQUIRES_MANUAL_REVIEW,FLOOD_EVIDENCE_NEEDS_DATE,UNASSESSED,aires de Mvog-Ada et les populations du quartier ont libéré les buses encombrées par les ordures ... https://archives.yusiip.cm › actualite_presentation › titre... Mvog Ada 7 Comment prévenir des inondations au quartier Nkolbisson ... organic https://archives.yusiip.cm/actualite_presentation.php?actualite=56&titre=Comment%20pr%C3%A9venir%20des%20inondations%20au%20quartier%20Nkolbisson%20%C3%A0%20Yaound%C3%A9%20? Yusiip
scrapers-data/apify_yaounde/apify_export_yaounde_2023.csv,GOOGLE_SEARCH_RESULT,"row 9, organicResults/0",Centre locality,Yaoundé,inondations,30 juin 2023,UNKNOWN_REQUIRES_MANUAL_REVIEW,UNKNOWN_REQUIRES_MANUAL_REVIEW,POSSIBLE_DUPLICATE_REVIEW_REQUIRED,UNASSESSED,"30 juin 2023 — Les inondations dans les bas-fonds de la commune de Yaounde 6 (Centre-Cameroun): Etat des lieux et perspectives. Revue espace géographique et ... https://www.scirp.org › reference inondations 1 Mediebou, C. (2023). Les inondations dans les bas-fonds ... organic https://ww"
scrapers-data/apify_yaounde/apify_export_yaounde_2023.csv,GOOGLE_SEARCH_RESULT,"row 9, organicResults/3",Centre locality,Yaoundé,Floods; floods,NONE_FOUND,UNKNOWN_REQUIRES_MANUAL_REVIEW,UNKNOWN_REQUIRES_MANUAL_REVIEW,FLOOD_EVIDENCE_NEEDS_DATE,UNASSESSED,ited the affected ... https://floodlist.com › africa › cam... late on 08 October 2023 4 30 Dead After Floods and Mudslides in Mbankolo District ... organic https://floodlist.com/africa/cameroon-floods-mudslides-mbankolo-yaounde-october-2023 FloodList
scrapers-data/apify_yaounde/apify_export_yaounde_2023.csv,GOOGLE_SEARCH_RESULT,"row 9, organicResults/5",Centre locality,Yaoundé,inondations,NONE_FOUND,UNKNOWN_REQUIRES_MANUAL_REVIEW,UNKNOWN_REQUIRES_MANUAL_REVIEW,FLOOD_EVIDENCE_NEEDS_DATE,UNASSESSED,Centre-Cameroun): État des lieux et perspectives · Auteur/ices · DOI :. https://revues.imist.ma › EGSM › article › view inondations de M CHINDJI · 2023 · Cité 1 fois — Les inondations dans les bas-fonds de la Commune de Yaoundé 6(Centre-Cameroun): État des lieux et perspectives · Auteur/ices · DOI :. 6 Les inondations dans les bas-fonds de la Commune ... organic https://revues.imist.ma/index.php/EGSM/article/view/37958 Portail des Revue
scrapers-data/apify_yaounde/apify_export_yaounde_2024.csv,GOOGLE_SEARCH_RESULT,"row 11, organicResults/1",Centre division; Centre locality,Mfoundi; Yaoundé,Inondations; inondations,NONE_FOUND,UNKNOWN_REQUIRES_MANUAL_REVIEW,UNKNOWN_REQUIRES_MANUAL_REVIEW,FLOOD_EVIDENCE_NEEDS_DATE,UNASSESSED,"la voirie municipale, le canal du Mfoundi en contre bas du marché éponyme, l'exutoire des eaux au niveau de centre artisanal ... https://www.minhdu.gov.cm › inondations-au-centre-vill... 2 Inondations au centre-ville de Yaoundé organic https://www.minhdu.gov.cm/inondations-au-centre-ville-de-yaounde-le-minhdu-en-quete-des-solutions-durables/ - MINHDU"
scrapers-data/apify_yaounde/apify_export_yaounde_2024.csv,GOOGLE_SEARCH_RESULT,"row 11, organicResults/3",Centre locality,Yaoundé,inondations,NONE_FOUND,UNKNOWN_REQUIRES_MANUAL_REVIEW,UNKNOWN_REQUIRES_MANUAL_REVIEW,FLOOD_EVIDENCE_NEEDS_DATE,UNASSESSED,é 1 fois — Les principaux résultats indiquent que le milieu physique des bas-fonds de la Commune de Yaoundé 6 est fragile face à la permanence des inondations. Par ... https://revues.imist.ma › EGSM › article › download Yaoundé inondations de M CHINDJI · 2023 · Cité 1 fois — Les principaux résultats indiquent que le milieu physique des bas-fonds de la Commune de Yaoundé 6 est fragile face à la permanence des inondations. Par ... 4 les i
scrapers-data/apify_yaounde/apify_export_yaounde_2024.csv,GOOGLE_SEARCH_RESULT,"row 11, organicResults/5",Centre division; Centre locality,Mfoundi; Yaoundé,inondations,NONE_FOUND,UNKNOWN_REQUIRES_MANUAL_REVIEW,UNKNOWN_REQUIRES_MANUAL_REVIEW,FLOOD_EVIDENCE_NEEDS_DATE,UNASSESSED,"uil. 2022 — Dans le centre-ville de Yaoundé, l'avenue Kennedy et le marché de Mfoundi ont été gravement touchés par des inondations en 2018 et 2019, à la ... https://www.afdb.org › success-stories › oublie-la-pluie-y... Yaoundé inondations 6 à Yaoundé, capitale du Cameroun, un projet de gestion ... organic https://www.afdb.org/fr/success-stories/oublie-la-pluie-yaounde-capitale-du-cameroun-un-projet-de-gestion-de-leau-pare-aux-inondatio"
scrapers-data/apify_yaounde/apify_export_yaounde_2024.csv,GOOGLE_SEARCH_RESULT,"row 12, organicResults/1",Centre locality,Yaoundé,Inondation; inondations,27 septembre 2024,UNKNOWN_REQUIRES_MANUAL_REVIEW,UNKNOWN_REQUIRES_MANUAL_REVIEW,POSSIBLE_DUPLICATE_REVIEW_REQUIRED,UNASSESSED,"4 dans l'arrondissement de Fokoué.Read more https://revue-irsi.com › home › article › download Inondation Yaoundé 7 inondations 2024 by WGF NJOMO · 2026 — Mots clés : Vulnérabilité sociale, Inondation, Arrondissement de Yaoundé 7, Cameroun. ... aux inondations du 27 septembre 2024 dans l'arrondissement de Fokoué.Read more 2 Etude de la vulnérabilité sociale face aux risques d'inondation ... organic https://revue-irsi.com/index.php/home/"
scrapers-data/apify_yaounde/apify_export_yaounde_2024.csv,GOOGLE_SEARCH_RESULT,"row 12, organicResults/2",Centre locality,Yaoundé,inondations,26 juin 2024,UNKNOWN_REQUIRES_MANUAL_REVIEW,UNKNOWN_REQUIRES_MANUAL_REVIEW,POSSIBLE_DUPLICATE_REVIEW_REQUIRED,UNASSESSED,"2024-06-27T12:00:00.000Z Yaoundé le 26 juin 2024 ・ le calvaire des habitants de quartiers difficiles ・ des inondations ici, un élève âgé de 7 ans, résilient face au ... https://www.voaafrique.com › ca... Yaoundé 2024 inondations 7 3 Cameroun : le calvaire des habitants de quartiers de ... organic https://www.voaafrique.com/a/cameroun-le-calvaire-des-habitants-de-quartiers-de-yaound%C3%A9-difficiles-d-acc%C3%A8s/7675842.h"
scrapers-data/apify_yaounde/apify_export_yaounde_2024.csv,GOOGLE_SEARCH_RESULT,"row 12, organicResults/3",Centre division; Centre locality,Mfoundi; Yaoundé,Inondations,NONE_FOUND,UNKNOWN_REQUIRES_MANUAL_REVIEW,UNKNOWN_REQUIRES_MANUAL_REVIEW,FLOOD_EVIDENCE_NEEDS_DATE,UNASSESSED,"alot situé à la voirie municipale, le canal du Mfoundi en contre bas du marché éponyme, l'exutoire des eaux au niveau de centre artisanal ...Read more https://www.minhdu.gov.cm › inon... 4 Inondations au centre-ville de Yaoundé organic https://www.minhdu.gov.cm/inondations-au-centre-ville-de-yaounde-le-minhdu-en-quete-des-solutions-durables/ - MINHDU"
scrapers-data/apify_yaounde/apify_export_yaounde_2024.csv,GOOGLE_SEARCH_RESULT,"row 12, organicResults/4",Centre locality,Yaoundé,inondations,NONE_FOUND,UNKNOWN_REQUIRES_MANUAL_REVIEW,UNKNOWN_REQUIRES_MANUAL_REVIEW,FLOOD_EVIDENCE_NEEDS_DATE,UNASSESSED,— Les principaux résultats indiquent que le milieu physique des bas-fonds de la Commune de Yaoundé 6 est fragile face à la permanence des inondations. Par ...Read more https://revues.imist.ma › EGSM › article › download Yaoundé inondations by M CHINDJI · 2023 · Cited by 1 — Les principaux résultats indiquent que le milieu physique des bas-fonds de la Commune de Yaoundé 6 est fragile face à la permanence des inondations. Par ...Read more
scrapers-data/apify_yaounde/apify_export_yaounde_2024.csv,GOOGLE_SEARCH_RESULT,"row 12, organicResults/6",Centre locality,Yaoundé,inondations,NONE_FOUND,UNKNOWN_REQUIRES_MANUAL_REVIEW,UNKNOWN_REQUIRES_MANUAL_REVIEW,FLOOD_EVIDENCE_NEEDS_DATE,UNASSESSED,"Z Le projet d'assainissement de Yaoundé a permis de diviser par cinq le nombre d'inondations dans la capitale camerounaise (de 15 à 3), mais la ...Read more https://www.afdb.org › success-stories Yaoundé inondations 7 à Yaoundé, capitale du Cameroun, un projet de gestion ... organic https://www.afdb.org/fr/success-stories/oublie-la-pluie-yaounde-capitale-du-cameroun-un-projet-de-gestion-de-leau-pare-aux-inondations-53739 African Develop"
scrapers-data/apify_yaounde/apify_export_yaounde_2024.csv,GOOGLE_SEARCH_RESULT,"row 12, organicResults/7",Centre locality,Yaoundé,Inondations; inondations,NONE_FOUND,UNKNOWN_REQUIRES_MANUAL_REVIEW,UNKNOWN_REQUIRES_MANUAL_REVIEW,FLOOD_EVIDENCE_NEEDS_DATE,UNASSESSED,4.Read more https://www.afd.fr › projets › prog... Inondations 2024 8 Programme de Lutte contre les Inondations à Douala et à ... organic https://www.afd.fr/fr/projets/programme-de-lutte-contre-les-inondations-douala-et-yaounde-plidy AFD - Agence Française de Développement
scrapers-data/apify_yaounde/apify_export_yaounde_2024.csv,GOOGLE_SEARCH_RESULT,"row 12, organicResults/9",Centre locality,Yaoundé,inondations,10 juin 2021,UNKNOWN_REQUIRES_MANUAL_REVIEW,UNKNOWN_REQUIRES_MANUAL_REVIEW,POSSIBLE_DUPLICATE_REVIEW_REQUIRED,UNASSESSED,"2021-06-10T12:00:00.000Z C'est un fait, la mairie de Yaoundé 7 est provisoirement fermée à partir de ce jeudi 10 juin 2021. Une décision prise après les graves. https://actucameroun.com › apres-... Yaoundé 7 10 Après les inondations, la mairie de Yaoundé 7 fermée organic https://actucameroun.com/2021/06/10/apres-les-inondations-la-mairie-de-yaounde-7-fermee/ Actu Cameroun"
scrapers-data/apify_yaounde/apify_export_yaounde_2024.csv,GOOGLE_SEARCH_RESULT,"row 13, organicResults/6",Centre Region phrase; Centre locality,Région du Centre; Yaoundé,inondations,27 septembre 2024,UNKNOWN_REQUIRES_MANUAL_REVIEW,UNKNOWN_REQUIRES_MANUAL_REVIEW,POSSIBLE_DUPLICATE_REVIEW_REQUIRED,UNASSESSED,s en reste et c'est la ville de Yaoundé (capitale du ... https://revue-irsi.com › home › article › download inondations 2024 de WGF NJOMO · 2026 — aux inondations du 27 septembre 2024 dans l'arrondissement de Fokoué. La région du Centre n'est pas en reste et c'est la ville de Yaoundé (capitale du ... 7 Etude de la vulnérabilité sociale face aux risques d'inondation ... organic https://revue-irsi.com/index.php/home/article/download/426/2
scrapers-data/apify_yaounde/apify_export_yaounde_2024.csv,GOOGLE_SEARCH_RESULT,"row 13, organicResults/7",Centre Region phrase; Centre locality; Yaoundé quartier/arrondissement,Région du Centre; Yaoundé; Nkolbisson,inondations,NONE_FOUND,UNKNOWN_REQUIRES_MANUAL_REVIEW,UNKNOWN_REQUIRES_MANUAL_REVIEW,FLOOD_EVIDENCE_NEEDS_DATE,UNASSESSED,"00Z Il y a donc un risque d'inondations dans la région du Centre. A Yaoundé particulièrement, les habitants des quartiers Nkolbisson, Nkolmesseng, ... https://www.cameroon-tribune.cm › article.html › fr.html inondations Nkolbisson 8 Climat : des risques persistants d'inondation organic https://www.cameroon-tribune.cm/article.html/67619/fr.html/climat-risques-persistants-dinondation Cameroon-Tribune"
scrapers-data/apify_yaounde/apify_export_yaounde_2024.csv,GOOGLE_SEARCH_RESULT,"row 13, organicResults/8",Centre locality,Yaoundé,inondations,NONE_FOUND,UNKNOWN_REQUIRES_MANUAL_REVIEW,UNKNOWN_REQUIRES_MANUAL_REVIEW,FLOOD_EVIDENCE_NEEDS_DATE,UNASSESSED,Plus de 90 réactions · il y a 1 an 9 Yaoundé étouffe sous les inondations : une crise humanitaire ... organic https://www.facebook.com/mymediaprime/videos/yaound%C3%A9-%C3%A9touffe-sous-les-inondations-une-crise-humanitaire-en-pleine-expansionde/16356653037
scrapers-data/apify_yaounde/apify_export_yaounde_2024.csv,GOOGLE_SEARCH_RESULT,"row 13, organicResults/9",Centre locality; Yaoundé quartier/arrondissement,Yaoundé; Nkolbisson,inondation,04 novembre 2024,UNKNOWN_REQUIRES_MANUAL_REVIEW,UNKNOWN_REQUIRES_MANUAL_REVIEW,POSSIBLE_DUPLICATE_REVIEW_REQUIRED,UNASSESSED,Grande pluie ce 04 novembre 2024 et inondation à Nkolbisson à la montée du Cresa forêt bois Yaoundé. L'environnement nous parle ! Plus de 20 réactions · il y a 1 an Grande pluie ce 04 novembre 2024 et inondation à Nkolbisson 10 Grande pluie ce 04 novembre 2024 et inondation à ... organic https://www.facebook.com/gpacamervolgroup/videos/grande-pluie-ce-04-novembre-2024-et-inondation-%C3%A0-nkolbisson-%C3%A0-la-mont%C3%A9e-du-cresa/
scrapers-data/apify_yaounde/apify_export_yaounde_2024.csv,GOOGLE_SEARCH_RESULT,"row 3, organicResults/6",Centre locality,Yaoundé,INONDATIONS,NONE_FOUND,UNKNOWN_REQUIRES_MANUAL_REVIEW,UNKNOWN_REQUIRES_MANUAL_REVIEW,FLOOD_EVIDENCE_NEEDS_DATE,UNASSESSED,Plus de 60 réactions · il y a 6 ans 7 VENDREDI D'INONDATIONS À YAOUNDÉ [ VIDÉO ] ACTE 2 ... organic https://www.facebook.com/Paulchouta/posts/vendredi-dinondations-%C3%A0-yaound%C3%A9-vid%C3%A9o-acte-2-apr%C3%A8s-le-passage-dune-pluie-diluvie/2536587853068477/ Facebook · Le TGV de l
scrapers-data/apify_yaounde/apify_export_yaounde_2024.csv,GOOGLE_SEARCH_RESULT,"row 3, organicResults/7",Centre locality; Yaoundé quartier/arrondissement,Yaoundé; Biyem-Assi,Inondations,NONE_FOUND,UNKNOWN_REQUIRES_MANUAL_REVIEW,UNKNOWN_REQUIRES_MANUAL_REVIEW,FLOOD_EVIDENCE_NEEDS_DATE,UNASSESSED,"2020-09-16T12:00:00.000Z Le retour des pluies est sans pitié pour les populations de Yaoundé 6 en particulier et celles de Biyem-Assi lac et Tam-tam weekend. Ici, l'on ... https://ecomatin.net › Accueil › Décryptages et Analyses Biyem Assi 8 Inondations : la course contre la montre organic https://ecomatin.net/inondations-la-course-contre-la"
scrapers-data/apify_yaounde/apify_export_yaounde_2024.csv,GOOGLE_SEARCH_RESULT,"row 5, organicResults/7",Centre locality,Yaoundé,inondations,NONE_FOUND,UNKNOWN_REQUIRES_MANUAL_REVIEW,UNKNOWN_REQUIRES_MANUAL_REVIEW,FLOOD_EVIDENCE_NEEDS_DATE,UNASSESSED,Plus de 90 réactions · il y a 1 an 8 Yaoundé étouffe sous les inondations : une crise humanitaire ... organic https://www.facebook.com/mymediaprime/videos/yaound%C3%A9-%C3%A9touffe-sous-les-inondations-une-crise-humanitaire-en-pleine-expansionde/16356653037
scrapers-data/apify_yaounde/apify_export_yaounde_2024.csv,GOOGLE_SEARCH_RESULT,"row 9, organicResults/8",Centre locality,Yaoundé,inondations,4 avril 2024,UNKNOWN_REQUIRES_MANUAL_REVIEW,UNKNOWN_REQUIRES_MANUAL_REVIEW,POSSIBLE_DUPLICATE_REVIEW_REQUIRED,UNASSESSED,"La ville de #Yaounde a connu une journée difficile ce jeudi 4 avril 2024, suite à des inondations persistantes provoquées par une forte pluie ... Plus de 90 réactions · il y a 2 ans 2024 inondations 9 La ville de #Yaounde a connu une journée difficile ce jeudi ... organic https://www.facebook.com/61556648015228/posts/la-ville-de-yaounde-a-connu-une-journ%C3%A9e-difficile-ce-jeudi-4-avril-2024-suite-%C3%A0-/122128649372221600/ Face"
scrapers-data/dataset_google-search-scraper_2026-08-26_12-40-44-349.csv,GOOGLE_SEARCH_RESULT,"row 16, organicResults/6",Centre locality,Bafia,inondations,NONE_FOUND,UNKNOWN_REQUIRES_MANUAL_REVIEW,UNKNOWN_REQUIRES_MANUAL_REVIEW,FLOOD_EVIDENCE_NEEDS_DATE,UNASSESSED,SECTION RDPC/CPDM MBAM ET INOUBOU 1 CENRE (BAFIA) 800 km de routes bitumées. les inondations survenues dans la région Facebook › CRTVweb 1 year ago 7 190+ reactions CRTVweb organic https://www.facebook.com/CRTVweb/posts/dans-le-koup%C3%A9-manengouba-r%C3%A9gion-d
scrapers-data/dataset_google-search-scraper_2026-08-26_12-40-44-349.csv,GOOGLE_SEARCH_RESULT,"row 2, organicResults/0",Centre division; Centre locality,Mfoundi; Yaoundé,inondations,NONE_FOUND,UNKNOWN_REQUIRES_MANUAL_REVIEW,UNKNOWN_REQUIRES_MANUAL_REVIEW,FLOOD_EVIDENCE_NEEDS_DATE,UNASSESSED,"2 — Dans le centre-ville de Yaoundé, l'avenue Kennedy et le marché de Mfoundi ont été gravement touchés par des inondations en 2018 et 2019, à la ... https://www.afdb.org › success-stories › oublie-la-pluie-y... Yaoundé Mfoundi inondations 1 à Yaoundé, capitale du Cameroun, un projet de gestion ... organic https://www.afdb.org/fr/success-stories/oublie-la-pluie-yaounde-capitale-du-cameroun-un-projet-de-gestion-de-leau-pare-aux-inondatio"
scrapers-data/dataset_google-search-scraper_2026-08-26_12-40-44-349.csv,GOOGLE_SEARCH_RESULT,"row 2, organicResults/1",Centre division; Centre locality,Mfoundi; Yaoundé,Inondations; inondations,NONE_FOUND,UNKNOWN_REQUIRES_MANUAL_REVIEW,UNKNOWN_REQUIRES_MANUAL_REVIEW,FLOOD_EVIDENCE_NEEDS_DATE,UNASSESSED,"En ce qui concerne le Canal de Mfoundi, au niveau du marché, l'incivisme des populations qui déversent les déchets sur le drain qui canalise les eaux est la ... https://www.minhdu.gov.cm › inondations-au-centre-vill... Mfoundi 2 Inondations au centre-ville de Yaoundé organic https://www.minhdu.gov.cm/inondations-au-centre-ville-de-yaounde-le-minhdu-en-quete-des-solutions-durables/ - MINHDU"
scrapers-data/dataset_google-search-scraper_2026-08-26_12-40-44-349.csv,GOOGLE_SEARCH_RESULT,"row 2, organicResults/2",Centre division,Mfoundi,inondations,NONE_FOUND,UNKNOWN_REQUIRES_MANUAL_REVIEW,UNKNOWN_REQUIRES_MANUAL_REVIEW,FLOOD_EVIDENCE_NEEDS_DATE,UNASSESSED,"r les populations à faibles revenus, sont particulièrement exposées aux risques naturels tels que les inondations, les glissements ... https://www.researchgate.net › Lo... inondations 3 Localisation du bassin versant du Mfoundi. Location of the ... organic https://www.researchgate.net/figure/Localisation-du-bassin-versant-du-Mfoundi-Location-of-the-Mfoundi-watershed_fig1_362135365 ResearchGate"
scrapers-data/dataset_google-search-scraper_2026-08-26_12-40-44-349.csv,GOOGLE_SEARCH_RESULT,"row 2, organicResults/3",Centre locality; Yaoundé quartier/arrondissement,Yaoundé; Nkolbisson,inondations,NONE_FOUND,UNKNOWN_REQUIRES_MANUAL_REVIEW,UNKNOWN_REQUIRES_MANUAL_REVIEW,FLOOD_EVIDENCE_NEEDS_DATE,UNASSESSED,venue Kennedy à Yaoundé. Les unes aussi impressionnantes que les autres. Deux à Oyom-Abang et Nkolbisson. Le ... https://www.cameroon-tribune.cm › article.html › fr.html Trois inondations en un mois à l'Avenue Kennedy à Yaoundé 4 Inondations à Yaoundé : le grand chantier du drainage organic https://www.cameroon-tribune.cm/article.html/49460/fr.html/inondations-yaounde-le-grand-chantier Cameroon-Tribune
scrapers-data/dataset_google-search-scraper_2026-08-26_12-40-44-349.csv,GOOGLE_SEARCH_RESULT,"row 2, organicResults/4",Centre division,Mfoundi,inondations,NONE_FOUND,UNKNOWN_REQUIRES_MANUAL_REVIEW,UNKNOWN_REQUIRES_MANUAL_REVIEW,FLOOD_EVIDENCE_NEEDS_DATE,UNASSESSED,"2022-09-03T12:00:00.000Z Ce travail engagé par le député du Mfoundi I part du lieu-dit Ntaba, où les populations avaient été déguerpies il y a quelques années. https://www.237online.com › lit-du-fleuve-mfoundi-un... Mfoundi 5 Lit du fleuve Mfoundi : Une opération drainage contre les ... organic https://www.237online.com/lit-du-fleuve-mfoundi-une-operation-drainage-contre-les-inondations/ 237online.com"
scrapers-data/dataset_google-search-scraper_2026-08-26_12-40-44-349.csv,GOOGLE_SEARCH_RESULT,"row 3, organicResults/3",Centre locality,Yaoundé,inondation; inondations,NONE_FOUND,UNKNOWN_REQUIRES_MANUAL_REVIEW,UNKNOWN_REQUIRES_MANUAL_REVIEW,FLOOD_EVIDENCE_NEEDS_DATE,UNASSESSED,"5 Ce mémoire présente la création d'une carte web pour visualiser les zones à risque d'inondations et de glissements de terrain à Yaoundé, afin d'améliorer ... https://fr.scribd.com › document › Memoire inondations 2 4 Webmapping des risques d'inondation à Yaoundé | PDF organic https://fr.scribd.com/document/862518094/Memoire Scribd"
scrapers-data/dataset_google-search-scraper_2026-08-26_12-40-44-349.csv,GOOGLE_SEARCH_RESULT,"row 6, organicResults/9",Centre locality,Obala,inondations,14 septembre 2022,UNKNOWN_REQUIRES_MANUAL_REVIEW,UNKNOWN_REQUIRES_MANUAL_REVIEW,POSSIBLE_DUPLICATE_REVIEW_REQUIRED,UNASSESSED,14 septembre 2022 | Alexandre L. Paul et Chantal Biya volent au secours des victimes des inondations à Obala (Centre). Actualités. Paul et Chantal Biya ... https://actucameroun.com › Chantal Biya 2022 inondations 10 Chantal Biya - Page 14 organic https://www.google.cm/goto?url=CAESagHrOzAV2IwM521bB5yWyWRdR0thgqpJGXla29axB
scrapers-data/dataset_google-search-scraper_2026-08-26_12-40-44-349.csv,GOOGLE_SEARCH_RESULT,"row 8, organicResults/4",Centre division; Centre locality,Lékié; Obala,inondations,NONE_FOUND,UNKNOWN_REQUIRES_MANUAL_REVIEW,UNKNOWN_REQUIRES_MANUAL_REVIEW,FLOOD_EVIDENCE_NEEDS_DATE,UNASSESSED,Obala: Quelques 75 familles touchées par les inondations de mai dernier ont bénéficié de l'aide de l'État. Le MINAT Paul ATANGA NJI à Obala dans la Lékié. https://yusiip.cm › actualite_presentation inondations Lékié 5 Le MINAT Paul ATANGA NJI à Obala dans la Lékié organic https://yusiip.cm/actualite_presentation.php?actualite=1278 Yusiip
scrapers-data/dataset_google-search-scraper_2026-08-26_12-40-44-349.csv,GOOGLE_SEARCH_RESULT,"row 9, organicResults/0",Centre division; Centre locality,Lékié; Obala,inondations,2022/09/13,UNKNOWN_REQUIRES_MANUAL_REVIEW,UNKNOWN_REQUIRES_MANUAL_REVIEW,POSSIBLE_DUPLICATE_REVIEW_REQUIRED,UNASSESSED,"Le couple présidentiel a apporté son soutien aux victimes des inondations du 18 mai à Obala, dans le département de la Lékié. https://actucameroun.com › Une inondations Obala Lékié 1 Paul et Chantal Biya volent au secours des victimes des ... organic https://actucameroun.com/2022/09/13/paul-et-chantal-biya-volent-au-secours-des-victimes-des-inondations-a-obala-centre/ Actu Cameroun"
scrapers-data/dataset_google-search-scraper_2026-08-26_12-40-44-349.csv,GOOGLE_SEARCH_RESULT,"row 9, organicResults/1",Centre division; Centre locality,Lékié; Obala,inondations,NONE_FOUND,UNKNOWN_REQUIRES_MANUAL_REVIEW,UNKNOWN_REQUIRES_MANUAL_REVIEW,FLOOD_EVIDENCE_NEEDS_DATE,UNASSESSED,illes touchées par les inondations de mai dernier ont bénéficié de l'aide de l'État. Le MINAT Paul ATANGA NJI à Obala dans la Lékié. https://archives.yusiip.cm › actualite_presentation › titre... Obala inondations Obala Lékié 2 Obala: Quelques 75 familles touchées par les inondations ... organic https://archives.yusiip.cm/actualite_presentation.php?actualite=1278&titre=Obala:%20Quelques%2075%20familles%20touch%C3%A9es%20par%20les%20inon
scrapers-data/dataset_google-search-scraper_2026-08-26_12-40-44-349.csv,GOOGLE_SEARCH_RESULT,"row 9, organicResults/3",Centre division; Centre locality,Lékié; Obala,inondations,NONE_FOUND,UNKNOWN_REQUIRES_MANUAL_REVIEW,UNKNOWN_REQUIRES_MANUAL_REVIEW,FLOOD_EVIDENCE_NEEDS_DATE,UNASSESSED,"besoin d'aide, partageons la publication pour toucher des âmes de bonne volonté. Facebook › Inside Lékié Les sinistrés des inondations d'Obala ont besoin d'aide il y a 4 ans 4 8 réactions Les sinistrés des inondations d'Obala ont besoin d'aide ... organic https://www.facebook.com/100063985274712/videos/les-sinistr%C3%A9s-des-inondations-dobala-ont-besoin-daide-partageons-la-publication-/5464071630290229/ Facebook · Inside Lékié"
scrapers-data/dataset_google-search-scraper_2026-08-26_12-40-44-349.csv,GOOGLE_SEARCH_RESULT,"row 9, organicResults/4",Centre division; Centre locality,Lékié; Obala,inondations,13 septembre 2022,UNKNOWN_REQUIRES_MANUAL_REVIEW,UNKNOWN_REQUIRES_MANUAL_REVIEW,POSSIBLE_DUPLICATE_REVIEW_REQUIRED,UNASSESSED,"13 septembre 2022 | ... Le couple présidentiel a apporté son soutien aux victimes des inondations du 18 mai à Obala, dans le département de la Lékié. https://actucameroun.com › Obala 2022 inondations Obala Lékié 5 Obala - Page 3 organic https://actucameroun.com/tag/obala/page/3/ Actu Cameroun"
scrapers-data/dataset_google-search-scraper_2026-08-26_12-40-44-349.csv,GOOGLE_SEARCH_RESULT,"row 9, organicResults/5",Centre locality,Obala,inondations,NONE_FOUND,UNKNOWN_REQUIRES_MANUAL_REVIEW,UNKNOWN_REQUIRES_MANUAL_REVIEW,FLOOD_EVIDENCE_NEEDS_DATE,UNASSESSED,lavitrinedelalekie › photos › i... Plusieurs habitations ont été inondées 6 Des kits de secours remis aux sinistrés par le Minat cinq mois ... organic https://m.facebook.com/lavitrinedelalekie/photos/inondations-%C3%A0-obala-des-kits-de-secours-remis-aux-sinistr%C3%A9s-par-le-minat-cinq-mo/536657451598078/ Facebook
scrapers-data/dataset_google-search-scraper_2026-08-26_12-40-44-349.csv,GOOGLE_SEARCH_RESULT,"row 9, organicResults/6",Centre division; Centre locality,Lékié; Obala,Inondations; inondations,NONE_FOUND,UNKNOWN_REQUIRES_MANUAL_REVIEW,UNKNOWN_REQUIRES_MANUAL_REVIEW,FLOOD_EVIDENCE_NEEDS_DATE,UNASSESSED,2022-09-15T12:00:00.000Z Près de 75 familles victimes par les inondations à Obala dans le département de la Lékié ont reçu un important matériel de secours compant 75 ... https://afrikinfo.net › cameroun-inondations-a-obala-le-... Près de 75 familles victimes par les inondations à Obala 7 Cameroun- Inondations à OBALA : Le chef de l'État au chevet ... organic https://afrikinfo.net/cameroun-inondations-a-obala-le-chef-de-letat-au-cheve
scrapers-data/dataset_google-search-scraper_2026-08-26_12-40-44-349.csv,GOOGLE_SEARCH_RESULT,"row 9, organicResults/7",Centre division; Centre locality,Lékié; Obala,inondation,NONE_FOUND,UNKNOWN_REQUIRES_MANUAL_REVIEW,UNKNOWN_REQUIRES_MANUAL_REVIEW,FLOOD_EVIDENCE_NEEDS_DATE,UNASSESSED,"Michel Mevo ▻ LÉKIÉ INFO. "" O'NKOUL ÉTSEU "". 24w · Public · J'ai fait le tour hier à Obala tôt le matin pour constater l'ampleur les dégâts ... Facebook › CRTVweb il y a 10 mois 8 Plus de 110 réactions Face aux risques d'inondation, les habitants du quartier Elig ... organic https://www.facebook.com/CRTV"
scrapers-data/dataset_google-search-scraper_2026-08-26_12-40-44-349.csv,GOOGLE_SEARCH_RESULT,"row 9, organicResults/8",Centre division; Centre locality,Lékié; Obala,inondations,NONE_FOUND,UNKNOWN_REQUIRES_MANUAL_REVIEW,UNKNOWN_REQUIRES_MANUAL_REVIEW,FLOOD_EVIDENCE_NEEDS_DATE,UNASSESSED,Obala: Quelques 75 familles touchées par les inondations de mai dernier ont bénéficié de l'aide de l'État. Le MINAT Paul ATANGA NJI à Obala dans la Lékié. https://yusiip.cm › actualite_presentation Obala inondations Obala Lékié 9 Le MINAT Paul ATANGA NJI à Obala dans la Lékié organic https://yusiip.cm/actualite_presentation.php?actualite=1278 Yusiip
scrapers-data/dataset_google-search-scraper_2026-08-26_12-42-44-173 (1).csv,GOOGLE_SEARCH_RESULT,"row 14, organicResults/0",Centre division; Centre locality,Mfoundi; Yaoundé,Inondations,NONE_FOUND,UNKNOWN_REQUIRES_MANUAL_REVIEW,UNKNOWN_REQUIRES_MANUAL_REVIEW,FLOOD_EVIDENCE_NEEDS_DATE,UNASSESSED,"Le MINHDU a visité le dalot situé à la voirie municipale, le canal du Mfoundi en contre bas du marché éponyme, l'exutoire des eaux au niveau de centre artisanal ...Read more https://www.minhdu.gov.cm › inon... Mfoundi 1 Inondations au centre-ville de Yaoundé organic https://www.minhdu.gov.cm/inondations-au-centre-ville-de-yaounde-le-minhdu-en-quete-des-solutions-durables/ - MINHDU"
scrapers-data/dataset_google-search-scraper_2026-08-26_12-42-44-173 (1).csv,GOOGLE_SEARCH_RESULT,"row 14, organicResults/1",Centre division; Centre locality,Mfoundi; Yaoundé,inondations,NONE_FOUND,UNKNOWN_REQUIRES_MANUAL_REVIEW,UNKNOWN_REQUIRES_MANUAL_REVIEW,FLOOD_EVIDENCE_NEEDS_DATE,UNASSESSED,"-25T12:00:00.000Z Dans le centre-ville de Yaoundé, l'avenue Kennedy et le marché de Mfoundi ont été gravement touchés par des inondations en 2018 et 2019, à la ...Read more https://adf.afdb.org › success-stories Yaoundé Mfoundi inondations 2 « On a oublié la pluie » : à Yaoundé, capitale du ... organic https://adf.afdb.org/fr/success-stories/%E2%80%89on-a-oublie-la-pluie%E2%80%89-a-yaounde-capitale-du-cameroun-un-projet-de-gestion-de-le"
scrapers-data/dataset_google-search-scraper_2026-08-26_12-42-44-173 (1).csv,GOOGLE_SEARCH_RESULT,"row 14, organicResults/2",Centre division; Centre locality,Mfoundi; Yaoundé,inondation,NONE_FOUND,UNKNOWN_REQUIRES_MANUAL_REVIEW,UNKNOWN_REQUIRES_MANUAL_REVIEW,FLOOD_EVIDENCE_NEEDS_DATE,UNASSESSED,7-20T12:00:00.000Z L'objectif de cette contribution est de produire la carte de l'aléa inondation dans le bassin versant du Mfoundi à Yaoundé. ... 2025; EUR J ...Read more https://www.researchgate.net › 36... inondation Mfoundi Yaoundé 2025 3 Contribution à la cartographie de l'aléa inondation dans le ... organic https://www.researchgate.net/publication/362135365_Contribution_a_la_cartographie_de_l'alea_inondation_dans_le_bassin_versant
scrapers-data/dataset_google-search-scraper_2026-08-26_12-42-44-173 (1).csv,GOOGLE_SEARCH_RESULT,"row 14, organicResults/3",Centre division; Centre locality,Mfoundi; Yaoundé,inondation,NONE_FOUND,UNKNOWN_REQUIRES_MANUAL_REVIEW,UNKNOWN_REQUIRES_MANUAL_REVIEW,FLOOD_EVIDENCE_NEEDS_DATE,UNASSESSED,"nes à risques d'inondation à Yaoundé : application au bassin versant du Mfoundi. [Mémoire de master, Université de Liège]. [33]. Zogning ...Read more https://revue-irsi.com › home › article › download inondation Yaoundé Mfoundi by WGF NJOMO · 2026 — cartographie des zones à risques d'inondation à Yaoundé : application au bassin versant du Mfoundi. [Mémoire de master, Université de Liège]. [33]. Zogning ...Read more 4 Etude de la vulnéra"
scrapers-data/dataset_google-search-scraper_2026-08-26_12-42-44-173 (1).csv,GOOGLE_SEARCH_RESULT,"row 14, organicResults/4",Centre division; Centre locality,Mfoundi; Yaoundé,inondations,NONE_FOUND,UNKNOWN_REQUIRES_MANUAL_REVIEW,UNKNOWN_REQUIRES_MANUAL_REVIEW,FLOOD_EVIDENCE_NEEDS_DATE,UNASSESSED,"2026-08-11T12:00:00.000Z Yaoundé (Pady), le Mfoundi, réduisant la fréquence des inondations. Le lan cement des programmes d'envergure en 2025, à l'instar du Programme ... https://www.cameroon-tribune.cm › ... Yaoundé Mfoundi inondations 2025 5 Gestion des risques d'inondations: Entre solutions et limites organic https://www.cameroon-tribune.cm/article.html/79610/fr.html/gestion-risques-dinondations-entre-solutions-limites Cameroon-Tr"
scrapers-data/dataset_google-search-scraper_2026-08-26_12-42-44-173 (1).csv,GOOGLE_SEARCH_RESULT,"row 14, organicResults/6",Centre division; Centre locality,Mfoundi; Yaoundé,Inondations; inondations,NONE_FOUND,UNKNOWN_REQUIRES_MANUAL_REVIEW,UNKNOWN_REQUIRES_MANUAL_REVIEW,FLOOD_EVIDENCE_NEEDS_DATE,UNASSESSED,"2026-01-23T12:00:00.000Z En 2018 et 2019, l'avenue Kennedy et le marché du Mfoundi ont été sévèrement touchés par des inondations liées à des pluies exceptionnelles et à ...Read more https://www.stopblablacam.com › 2... Mfoundi inondations 7 Inondations : l'AFD met 98,4 milliards de FCFA sur la table ... organic https://www.stopblablacam.com/societe/2301-15662-inondations-l-afd-met-98-4-milliards-de-fcfa-sur-la-table-pour-renforcer-la-p"
scrapers-data/dataset_google-search-scraper_2026-08-26_12-42-44-173 (1).csv,GOOGLE_SEARCH_RESULT,"row 14, organicResults/7",Centre division,Mfoundi,inondations,NONE_FOUND,UNKNOWN_REQUIRES_MANUAL_REVIEW,UNKNOWN_REQUIRES_MANUAL_REVIEW,FLOOD_EVIDENCE_NEEDS_DATE,UNASSESSED,"nettoyage des drains, l'exécutif poursuit ses chantiers d'assainissement avec la construction des dalots et ponts pour faciliter la ...Read more http://journal.rdpcpdm.cm › lutte-... 8 Lutte contre les inondations : Le Mfoundi fait sa toilette organic http://journal.rdpcpdm.cm/2022/09/lutte-contre-les-inondations-le-mfoundi-fait-sa-toilette/ rdpcpdm.cm"
scrapers-data/dataset_google-search-scraper_2026-08-26_12-42-44-173 (1).csv,GOOGLE_SEARCH_RESULT,"row 14, organicResults/8",Centre locality,Yaoundé,Inondations; inondations,NONE_FOUND,UNKNOWN_REQUIRES_MANUAL_REVIEW,UNKNOWN_REQUIRES_MANUAL_REVIEW,FLOOD_EVIDENCE_NEEDS_DATE,UNASSESSED,"2022-07-06T12:00:00.000Z Les travaux de construction de l'autoroute ont entraîné des poussées de boue qui font qu'après le canal, le lit du ...Read more https://fr.journalducameroun.com › ... 9 Cameroun Inondations A Yaounde Les Solutions Du Maire ... organic https://fr.journalducameroun.com/cameroun-inondations-a-yaounde-les-solutions-du-maire-de-ville/ Journalducameroun.com"
scrapers-data/dataset_google-search-scraper_2026-08-26_12-42-44-173 (1).csv,GOOGLE_SEARCH_RESULT,"row 2, organicResults/0",Centre locality,Mbalmayo,débordement; inondations,NONE_FOUND,UNKNOWN_REQUIRES_MANUAL_REVIEW,UNKNOWN_REQUIRES_MANUAL_REVIEW,FLOOD_EVIDENCE_NEEDS_DATE,UNASSESSED,"Elles peuvent provoquer des inondations par ruissellement et par débordement des cours d'eau, mais aussi des glissements de terrain, des coulées de boues et des ... https://meteofrance.com › meteo-monde › mbalmayo inondations 1 METEO Mbalmayo organic https://meteofrance.com/meteo-monde/mbalmayo/2228079 METEO France"
scrapers-data/dataset_google-search-scraper_2026-08-26_12-42-44-173 (1).csv,GOOGLE_SEARCH_RESULT,"row 2, organicResults/1",Centre locality,Yaoundé; Mbalmayo,inondations,NONE_FOUND,UNKNOWN_REQUIRES_MANUAL_REVIEW,UNKNOWN_REQUIRES_MANUAL_REVIEW,FLOOD_EVIDENCE_NEEDS_DATE,UNASSESSED,"Après les fortes pluies, Lomé fait face à des inondations. Éc... Apr 1, 2026 · 328 views. Dans un décret ... Facebook › CRTVweb il y a 7 ans 2 Plus de 50 réactions Coupures d'eau à Yaoundé et Mbalmayo. Le ministre de l' ... organic https://www.facebook.com/CRTVweb/videos/coupures-deau-%C3%A0-yaound%C3%A9-et-mbalmayo-le-ministre-de-l%C3%A9nergie-et-de-leau-%C3%A0-la-rech/599857660503323/ Facebook · CRTVweb"
scrapers-data/dataset_google-search-scraper_2026-08-26_12-42-44-173 (1).csv,GOOGLE_SEARCH_RESULT,"row 2, organicResults/4",Centre locality,Yaoundé,inondation; inondations,NONE_FOUND,UNKNOWN_REQUIRES_MANUAL_REVIEW,UNKNOWN_REQUIRES_MANUAL_REVIEW,FLOOD_EVIDENCE_NEEDS_DATE,UNASSESSED,"5 Ce mémoire présente la création d'une carte web pour visualiser les zones à risque d'inondations et de glissements de terrain à Yaoundé, afin d'améliorer ... https://fr.scribd.com › document › Memoire inondations 2 5 Webmapping des risques d'inondation à Yaoundé | PDF organic https://fr.scribd.com/document/862518094/Memoire Scribd"
scrapers-data/dataset_google-search-scraper_2026-08-26_12-42-44-173 (1).csv,GOOGLE_SEARCH_RESULT,"row 6, organicResults/0",Centre division; Centre locality,Lékié; Obala,inondations,2022/09/13,UNKNOWN_REQUIRES_MANUAL_REVIEW,UNKNOWN_REQUIRES_MANUAL_REVIEW,POSSIBLE_DUPLICATE_REVIEW_REQUIRED,UNASSESSED,"2022-09-13T12:00:00.000Z Le couple présidentiel a apporté son soutien aux victimes des inondations du 18 mai à Obala, dans le département de la Lékié. https://actucameroun.com › Une inondations Obala Lékié 1 Paul et Chantal Biya volent au secours des victimes des ... organic https://actucameroun.com/2022/09/13/paul-et-chantal-biya-volent-au-secours-des-victimes-des-inondations-a-obala-centre/ Actu Cameroun"
scrapers-data/dataset_google-search-scraper_2026-08-26_12-42-44-173 (1).csv,GOOGLE_SEARCH_RESULT,"row 6, organicResults/1",Centre locality,Obala,inondation,NONE_FOUND,UNKNOWN_REQUIRES_MANUAL_REVIEW,UNKNOWN_REQUIRES_MANUAL_REVIEW,FLOOD_EVIDENCE_NEEDS_DATE,UNASSESSED,"J'ai fait le tour hier à Obala tôt le matin pour constater l'ampleur ... 2025 Comparées aux catastrophes des années précédentes, les ... Facebook › CRTVweb il y a 10 mois 2 Plus de 110 réactions Face aux risques d'inondation, les habitants du qu"
scrapers-data/dataset_google-search-scraper_2026-08-26_12-42-44-173 (1).csv,GOOGLE_SEARCH_RESULT,"row 6, organicResults/3",Centre locality,Obala,Inondations,NONE_FOUND,UNKNOWN_REQUIRES_MANUAL_REVIEW,UNKNOWN_REQUIRES_MANUAL_REVIEW,FLOOD_EVIDENCE_NEEDS_DATE,UNASSESSED,Obala et Foumban renforcent leurs liens d'amitié et de fraternité · Des Travaux pour Prévenir les Inondations et Éboulements à Miskine · Lancement du Programme ... https://obala.cm › blog › page Obala Inondations 4 Actualités - Page 12 sur 12 - Commune d'Obala organic https://obala.cm/blog/page/12/ obala.cm
scrapers-data/dataset_google-search-scraper_2026-08-26_12-42-44-173 (1).csv,GOOGLE_SEARCH_RESULT,"row 6, organicResults/5",Centre locality,Obala,Inondation; Inondations; inondations,NONE_FOUND,UNKNOWN_REQUIRES_MANUAL_REVIEW,UNKNOWN_REQUIRES_MANUAL_REVIEW,FLOOD_EVIDENCE_NEEDS_DATE,UNASSESSED,2022-09-15T12:00:00.000Z Inondation qui a causé de nombreuses pertes en matériel. Près de 75 familles victimes par les inondations à Obala dans le département de la ... https://afrikinfo.net › cameroun-inondations-a-obala-le-... Inondation inondations Obala 6 Cameroun- Inondations à OBALA : Le chef de l'État au chevet ... organic https://afrikinfo.net/cameroun-inondations-a-obala-le-chef-de-letat-au-chevet-des-sinistres/ afrikinfo.n
scrapers-data/dataset_google-search-scraper_2026-08-26_12-42-44-173.csv,GOOGLE_SEARCH_RESULT,"row 14, organicResults/0",Centre division; Centre locality,Mfoundi; Yaoundé,Inondations,NONE_FOUND,UNKNOWN_REQUIRES_MANUAL_REVIEW,UNKNOWN_REQUIRES_MANUAL_REVIEW,FLOOD_EVIDENCE_NEEDS_DATE,UNASSESSED,"Le MINHDU a visité le dalot situé à la voirie municipale, le canal du Mfoundi en contre bas du marché éponyme, l'exutoire des eaux au niveau de centre artisanal ...Read more https://www.minhdu.gov.cm › inon... Mfoundi 1 Inondations au centre-ville de Yaoundé organic https://www.minhdu.gov.cm/inondations-au-centre-ville-de-yaounde-le-minhdu-en-quete-des-solutions-durables/ - MINHDU"
scrapers-data/dataset_google-search-scraper_2026-08-26_12-42-44-173.csv,GOOGLE_SEARCH_RESULT,"row 14, organicResults/1",Centre division; Centre locality,Mfoundi; Yaoundé,inondations,NONE_FOUND,UNKNOWN_REQUIRES_MANUAL_REVIEW,UNKNOWN_REQUIRES_MANUAL_REVIEW,FLOOD_EVIDENCE_NEEDS_DATE,UNASSESSED,"-25T12:00:00.000Z Dans le centre-ville de Yaoundé, l'avenue Kennedy et le marché de Mfoundi ont été gravement touchés par des inondations en 2018 et 2019, à la ...Read more https://adf.afdb.org › success-stories Yaoundé Mfoundi inondations 2 « On a oublié la pluie » : à Yaoundé, capitale du ... organic https://adf.afdb.org/fr/success-stories/%E2%80%89on-a-oublie-la-pluie%E2%80%89-a-yaounde-capitale-du-cameroun-un-projet-de-gestion-de-le"
scrapers-data/dataset_google-search-scraper_2026-08-26_12-42-44-173.csv,GOOGLE_SEARCH_RESULT,"row 14, organicResults/2",Centre division; Centre locality,Mfoundi; Yaoundé,inondation,NONE_FOUND,UNKNOWN_REQUIRES_MANUAL_REVIEW,UNKNOWN_REQUIRES_MANUAL_REVIEW,FLOOD_EVIDENCE_NEEDS_DATE,UNASSESSED,7-20T12:00:00.000Z L'objectif de cette contribution est de produire la carte de l'aléa inondation dans le bassin versant du Mfoundi à Yaoundé. ... 2025; EUR J ...Read more https://www.researchgate.net › 36... inondation Mfoundi Yaoundé 2025 3 Contribution à la cartographie de l'aléa inondation dans le ... organic https://www.researchgate.net/publication/362135365_Contribution_a_la_cartographie_de_l'alea_inondation_dans_le_bassin_versant
scrapers-data/dataset_google-search-scraper_2026-08-26_12-42-44-173.csv,GOOGLE_SEARCH_RESULT,"row 14, organicResults/3",Centre division; Centre locality,Mfoundi; Yaoundé,inondation,NONE_FOUND,UNKNOWN_REQUIRES_MANUAL_REVIEW,UNKNOWN_REQUIRES_MANUAL_REVIEW,FLOOD_EVIDENCE_NEEDS_DATE,UNASSESSED,"nes à risques d'inondation à Yaoundé : application au bassin versant du Mfoundi. [Mémoire de master, Université de Liège]. [33]. Zogning ...Read more https://revue-irsi.com › home › article › download inondation Yaoundé Mfoundi by WGF NJOMO · 2026 — cartographie des zones à risques d'inondation à Yaoundé : application au bassin versant du Mfoundi. [Mémoire de master, Université de Liège]. [33]. Zogning ...Read more 4 Etude de la vulnéra"
scrapers-data/dataset_google-search-scraper_2026-08-26_12-42-44-173.csv,GOOGLE_SEARCH_RESULT,"row 14, organicResults/4",Centre division; Centre locality,Mfoundi; Yaoundé,inondations,NONE_FOUND,UNKNOWN_REQUIRES_MANUAL_REVIEW,UNKNOWN_REQUIRES_MANUAL_REVIEW,FLOOD_EVIDENCE_NEEDS_DATE,UNASSESSED,"2026-08-11T12:00:00.000Z Yaoundé (Pady), le Mfoundi, réduisant la fréquence des inondations. Le lan cement des programmes d'envergure en 2025, à l'instar du Programme ... https://www.cameroon-tribune.cm › ... Yaoundé Mfoundi inondations 2025 5 Gestion des risques d'inondations: Entre solutions et limites organic https://www.cameroon-tribune.cm/article.html/79610/fr.html/gestion-risques-dinondations-entre-solutions-limites Cameroon-Tr"
scrapers-data/dataset_google-search-scraper_2026-08-26_12-42-44-173.csv,GOOGLE_SEARCH_RESULT,"row 14, organicResults/6",Centre division; Centre locality,Mfoundi; Yaoundé,Inondations; inondations,NONE_FOUND,UNKNOWN_REQUIRES_MANUAL_REVIEW,UNKNOWN_REQUIRES_MANUAL_REVIEW,FLOOD_EVIDENCE_NEEDS_DATE,UNASSESSED,"2026-01-23T12:00:00.000Z En 2018 et 2019, l'avenue Kennedy et le marché du Mfoundi ont été sévèrement touchés par des inondations liées à des pluies exceptionnelles et à ...Read more https://www.stopblablacam.com › 2... Mfoundi inondations 7 Inondations : l'AFD met 98,4 milliards de FCFA sur la table ... organic https://www.stopblablacam.com/societe/2301-15662-inondations-l-afd-met-98-4-milliards-de-fcfa-sur-la-table-pour-renforcer-la-p"
scrapers-data/dataset_google-search-scraper_2026-08-26_12-42-44-173.csv,GOOGLE_SEARCH_RESULT,"row 14, organicResults/7",Centre division,Mfoundi,inondations,NONE_FOUND,UNKNOWN_REQUIRES_MANUAL_REVIEW,UNKNOWN_REQUIRES_MANUAL_REVIEW,FLOOD_EVIDENCE_NEEDS_DATE,UNASSESSED,"nettoyage des drains, l'exécutif poursuit ses chantiers d'assainissement avec la construction des dalots et ponts pour faciliter la ...Read more http://journal.rdpcpdm.cm › lutte-... 8 Lutte contre les inondations : Le Mfoundi fait sa toilette organic http://journal.rdpcpdm.cm/2022/09/lutte-contre-les-inondations-le-mfoundi-fait-sa-toilette/ rdpcpdm.cm"
scrapers-data/dataset_google-search-scraper_2026-08-26_12-42-44-173.csv,GOOGLE_SEARCH_RESULT,"row 14, organicResults/8",Centre locality,Yaoundé,Inondations; inondations,NONE_FOUND,UNKNOWN_REQUIRES_MANUAL_REVIEW,UNKNOWN_REQUIRES_MANUAL_REVIEW,FLOOD_EVIDENCE_NEEDS_DATE,UNASSESSED,"2022-07-06T12:00:00.000Z Les travaux de construction de l'autoroute ont entraîné des poussées de boue qui font qu'après le canal, le lit du ...Read more https://fr.journalducameroun.com › ... 9 Cameroun Inondations A Yaounde Les Solutions Du Maire ... organic https://fr.journalducameroun.com/cameroun-inondations-a-yaounde-les-solutions-du-maire-de-ville/ Journalducameroun.com"
scrapers-data/dataset_google-search-scraper_2026-08-26_12-42-44-173.csv,GOOGLE_SEARCH_RESULT,"row 2, organicResults/0",Centre locality,Mbalmayo,débordement; inondations,NONE_FOUND,UNKNOWN_REQUIRES_MANUAL_REVIEW,UNKNOWN_REQUIRES_MANUAL_REVIEW,FLOOD_EVIDENCE_NEEDS_DATE,UNASSESSED,"Elles peuvent provoquer des inondations par ruissellement et par débordement des cours d'eau, mais aussi des glissements de terrain, des coulées de boues et des ... https://meteofrance.com › meteo-monde › mbalmayo inondations 1 METEO Mbalmayo organic https://meteofrance.com/meteo-monde/mbalmayo/2228079 METEO France"
scrapers-data/dataset_google-search-scraper_2026-08-26_12-42-44-173.csv,GOOGLE_SEARCH_RESULT,"row 2, organicResults/1",Centre locality,Yaoundé; Mbalmayo,inondations,NONE_FOUND,UNKNOWN_REQUIRES_MANUAL_REVIEW,UNKNOWN_REQUIRES_MANUAL_REVIEW,FLOOD_EVIDENCE_NEEDS_DATE,UNASSESSED,"Après les fortes pluies, Lomé fait face à des inondations. Éc... Apr 1, 2026 · 328 views. Dans un décret ... Facebook › CRTVweb il y a 7 ans 2 Plus de 50 réactions Coupures d'eau à Yaoundé et Mbalmayo. Le ministre de l' ... organic https://www.facebook.com/CRTVweb/videos/coupures-deau-%C3%A0-yaound%C3%A9-et-mbalmayo-le-ministre-de-l%C3%A9nergie-et-de-leau-%C3%A0-la-rech/599857660503323/ Facebook · CRTVweb"
scrapers-data/dataset_google-search-scraper_2026-08-26_12-42-44-173.csv,GOOGLE_SEARCH_RESULT,"row 2, organicResults/4",Centre locality,Yaoundé,inondation; inondations,NONE_FOUND,UNKNOWN_REQUIRES_MANUAL_REVIEW,UNKNOWN_REQUIRES_MANUAL_REVIEW,FLOOD_EVIDENCE_NEEDS_DATE,UNASSESSED,"5 Ce mémoire présente la création d'une carte web pour visualiser les zones à risque d'inondations et de glissements de terrain à Yaoundé, afin d'améliorer ... https://fr.scribd.com › document › Memoire inondations 2 5 Webmapping des risques d'inondation à Yaoundé | PDF organic https://fr.scribd.com/document/862518094/Memoire Scribd"
scrapers-data/dataset_google-search-scraper_2026-08-26_12-42-44-173.csv,GOOGLE_SEARCH_RESULT,"row 6, organicResults/0",Centre division; Centre locality,Lékié; Obala,inondations,2022/09/13,UNKNOWN_REQUIRES_MANUAL_REVIEW,UNKNOWN_REQUIRES_MANUAL_REVIEW,POSSIBLE_DUPLICATE_REVIEW_REQUIRED,UNASSESSED,"2022-09-13T12:00:00.000Z Le couple présidentiel a apporté son soutien aux victimes des inondations du 18 mai à Obala, dans le département de la Lékié. https://actucameroun.com › Une inondations Obala Lékié 1 Paul et Chantal Biya volent au secours des victimes des ... organic https://actucameroun.com/2022/09/13/paul-et-chantal-biya-volent-au-secours-des-victimes-des-inondations-a-obala-centre/ Actu Cameroun"
scrapers-data/dataset_google-search-scraper_2026-08-26_12-42-44-173.csv,GOOGLE_SEARCH_RESULT,"row 6, organicResults/1",Centre locality,Obala,inondation,NONE_FOUND,UNKNOWN_REQUIRES_MANUAL_REVIEW,UNKNOWN_REQUIRES_MANUAL_REVIEW,FLOOD_EVIDENCE_NEEDS_DATE,UNASSESSED,"J'ai fait le tour hier à Obala tôt le matin pour constater l'ampleur ... 2025 Comparées aux catastrophes des années précédentes, les ... Facebook › CRTVweb il y a 10 mois 2 Plus de 110 réactions Face aux risques d'inondation, les habitants du qu"
scrapers-data/dataset_google-search-scraper_2026-08-26_12-42-44-173.csv,GOOGLE_SEARCH_RESULT,"row 6, organicResults/3",Centre locality,Obala,Inondations,NONE_FOUND,UNKNOWN_REQUIRES_MANUAL_REVIEW,UNKNOWN_REQUIRES_MANUAL_REVIEW,FLOOD_EVIDENCE_NEEDS_DATE,UNASSESSED,Obala et Foumban renforcent leurs liens d'amitié et de fraternité · Des Travaux pour Prévenir les Inondations et Éboulements à Miskine · Lancement du Programme ... https://obala.cm › blog › page Obala Inondations 4 Actualités - Page 12 sur 12 - Commune d'Obala organic https://obala.cm/blog/page/12/ obala.cm
scrapers-data/dataset_google-search-scraper_2026-08-26_12-42-44-173.csv,GOOGLE_SEARCH_RESULT,"row 6, organicResults/5",Centre locality,Obala,Inondation; Inondations; inondations,NONE_FOUND,UNKNOWN_REQUIRES_MANUAL_REVIEW,UNKNOWN_REQUIRES_MANUAL_REVIEW,FLOOD_EVIDENCE_NEEDS_DATE,UNASSESSED,2022-09-15T12:00:00.000Z Inondation qui a causé de nombreuses pertes en matériel. Près de 75 familles victimes par les inondations à Obala dans le département de la ... https://afrikinfo.net › cameroun-inondations-a-obala-le-... Inondation inondations Obala 6 Cameroun- Inondations à OBALA : Le chef de l'État au chevet ... organic https://afrikinfo.net/cameroun-inondations-a-obala-le-chef-de-letat-au-chevet-des-sinistres/ afrikinfo.n
scrapers-data/dataset_google-search-scraper_2026-08-26_12-45-31-723.csv,GOOGLE_SEARCH_RESULT,"row 11, organicResults/8",Centre locality,Yaoundé,floods,NONE_FOUND,UNKNOWN_REQUIRES_MANUAL_REVIEW,UNKNOWN_REQUIRES_MANUAL_REVIEW,FLOOD_EVIDENCE_NEEDS_DATE,UNASSESSED,"In recent years, Yaoundé and Douala, major urban centres in Cameroon, have been severely affected by floods at a frequency of 5 to 10 times per ... https://www.researchgate.net › Fi... centres Cameroon floods 9 a: of natural hazards in C"
scrapers-data/dataset_google-search-scraper_2026-08-26_12-45-31-723.csv,GOOGLE_SEARCH_RESULT,"row 4, organicResults/1",Centre division; Centre locality,Mfoundi; Yaoundé,inondation,NONE_FOUND,UNKNOWN_REQUIRES_MANUAL_REVIEW,UNKNOWN_REQUIRES_MANUAL_REVIEW,FLOOD_EVIDENCE_NEEDS_DATE,UNASSESSED,0 juil. 2022 — L'objectif de cette contribution est de produire la carte de l'aléa inondation dans le bassin versant du Mfoundi à Yaoundé. ... 2024. Carine ... https://www.researchgate.net › ... › AHP inondation Mfoundi Yaoundé 2024 2 Contribution à la cartographie de l'aléa inondation dans le ... organic https://www.researchgate.net/publication/362135365_Contribution_a_la_cartographie_de_l'alea_inondation_dans_le_bassin_versant_du_Mfou
scrapers-data/dataset_google-search-scraper_2026-08-26_12-45-31-723.csv,GOOGLE_SEARCH_RESULT,"row 4, organicResults/2",Centre division; Centre locality,Mfoundi; Yaoundé,Inondations; inondations,NONE_FOUND,UNKNOWN_REQUIRES_MANUAL_REVIEW,UNKNOWN_REQUIRES_MANUAL_REVIEW,FLOOD_EVIDENCE_NEEDS_DATE,UNASSESSED,"MINHDU a visité le dalot situé à la voirie municipale, le canal du Mfoundi en contre bas du marché éponyme, l'exutoire des eaux au niveau de centre artisanal ... https://www.minhdu.gov.cm › inondations-au-centre-vill... Mfoundi 3 Inondations au centre-ville de Yaoundé organic https://www.minhdu.gov.cm/inondations-au-centre-ville-de-yaounde-le-minhdu-en-quete-des-solutions-durables/ - MINHDU"
scrapers-data/dataset_google-search-scraper_2026-08-26_12-45-31-723.csv,GOOGLE_SEARCH_RESULT,"row 4, organicResults/3",Centre locality,Yaoundé,inondations,4 avril 2024,UNKNOWN_REQUIRES_MANUAL_REVIEW,UNKNOWN_REQUIRES_MANUAL_REVIEW,POSSIBLE_DUPLICATE_REVIEW_REQUIRED,UNASSESSED,", suite à des inondations persistantes provoquées par une forte pluie ... Facebook › CRTVweb Info La ville de #Yaounde a connu une journée difficile ce jeudi 4 avril 2024 il y a 2 ans 4 Plus de 90 réactions La ville de #Yaounde a connu une journée difficile ce jeudi ... organic https://www.facebook.com/61556648015228/posts/la-ville-de-yaounde-a-connu-une-journ%C3%A9e-difficile-ce-jeudi-4-avril-2024-suite-%C3%A0-/122128649372221600/ Face"
scrapers-data/dataset_google-search-scraper_2026-08-26_12-45-31-723.csv,GOOGLE_SEARCH_RESULT,"row 4, organicResults/4",Centre locality,Yaoundé,inondations,NONE_FOUND,UNKNOWN_REQUIRES_MANUAL_REVIEW,UNKNOWN_REQUIRES_MANUAL_REVIEW,FLOOD_EVIDENCE_NEEDS_DATE,UNASSESSED,"Yaoundé étouffe sous les inondations : une crise humanitaire en pleine expansion. Depuis fin 2024, Yaoundé, la capitale politique du Cameroun, ... Facebook › My Media Prime TV il y a 1 an 5 Plus de 100 réactions Yaoundé étouffe sous les inondations : une crise humanitaire ... organic https://www.facebook.com/mymediaprime/posts/yaound%C3%A9-%C3%A9touffe-sous-les-inondations-une-crise-humanitaire-en-pleine-expansionde/110974203450"
scrapers-data/dataset_google-search-scraper_2026-08-26_12-45-31-723.csv,GOOGLE_SEARCH_RESULT,"row 4, organicResults/5",Centre division,Mfoundi,inondation; inondations,27 septembre 2024,UNKNOWN_REQUIRES_MANUAL_REVIEW,UNKNOWN_REQUIRES_MANUAL_REVIEW,POSSIBLE_DUPLICATE_REVIEW_REQUIRED,UNASSESSED,tembre 2024 dans l'arrondissement de Fokoué. ... Contribution à la cartographie de l'aléa inondation dans le bassin versant du Mfoundi à ... https://revue-irsi.com › home › article › download inondations 2024 inondation Mfoundi de WGF NJOMO · 2026 — aux inondations du 27 septembre 2024 dans l'arrondissement de Fokoué. ... Contribution à la cartographie de l'aléa inondation dans le bassin versant du Mfoundi à ... 6 Etude de la vulnérabil
scrapers-data/dataset_google-search-scraper_2026-08-26_12-45-31-723.csv,GOOGLE_SEARCH_RESULT,"row 4, organicResults/6",Centre locality,Yaoundé,inondation; inondations,NONE_FOUND,UNKNOWN_REQUIRES_MANUAL_REVIEW,UNKNOWN_REQUIRES_MANUAL_REVIEW,FLOOD_EVIDENCE_NEEDS_DATE,UNASSESSED,"5 Ce mémoire présente la création d'une carte web pour visualiser les zones à risque d'inondations et de glissements de terrain à Yaoundé, afin d'améliorer ... https://fr.scribd.com › document › Memoire inondations Yaoundé 2 7 Webmapping des risques d'inondation à Yaoundé | PDF organic https://fr.scribd.com/document/862518094/Memoire Scribd"
scrapers-data/dataset_google-search-scraper_2026-08-26_12-45-31-723.csv,GOOGLE_SEARCH_RESULT,"row 4, organicResults/7",Centre division; Centre locality,Mfoundi; Yaoundé,inondations,NONE_FOUND,UNKNOWN_REQUIRES_MANUAL_REVIEW,UNKNOWN_REQUIRES_MANUAL_REVIEW,FLOOD_EVIDENCE_NEEDS_DATE,UNASSESSED,"2022-09-30T12:00:00.000Z Ces inondations causées par la sortie du fleuve Mfoundi de son lit, viennent remettre au goût du jour, la problématique de la canalisation ... https://datacameroon.com › yaounde-lutte-contre-les-ino... inondations Mfoundi 8 15,8 milliards F Cfa pour lutter contre les inondations organic https://datacameroon.com/yaounde-lutte-contre-les-inondations-158/ DataCameroon"
scrapers-data/dataset_google-search-scraper_2026-08-26_12-45-31-723.csv,GOOGLE_SEARCH_RESULT,"row 5, organicResults/0",Centre locality,Mbalmayo,inondations,20 mai 2024,UNKNOWN_REQUIRES_MANUAL_REVIEW,UNKNOWN_REQUIRES_MANUAL_REVIEW,POSSIBLE_DUPLICATE_REVIEW_REQUIRED,UNASSESSED,Massa Média : Quel bilan faites-vous des inondations de 2024 dans le 9e arrondissement ? ... Mbalmayo ce 20 mai 2024. Facebook › Croix-Rouge Camerounaise inondations 2024 Mbalmayo 2024 il y a 1 an 1 Plus de 20 réactions La Croix-Rouge Camerounaise aux cotés des personnes ... organic https://www.facebook.com/lacroixrougecamerounaise/posts/la-croix-rouge-camerounaise-aux-cot%C3%A9s-des-pers
scrapers-data/dataset_google-search-scraper_2026-08-26_12-45-31-723.csv,GOOGLE_SEARCH_RESULT,"row 5, organicResults/3",Centre locality,Yaoundé,inondation; inondations,NONE_FOUND,UNKNOWN_REQUIRES_MANUAL_REVIEW,UNKNOWN_REQUIRES_MANUAL_REVIEW,FLOOD_EVIDENCE_NEEDS_DATE,UNASSESSED,"5 Ce mémoire présente la création d'une carte web pour visualiser les zones à risque d'inondations et de glissements de terrain à Yaoundé, afin d'améliorer ... https://fr.scribd.com › document › Memoire inondations 2 4 Webmapping des risques d'inondation à Yaoundé | PDF organic https://fr.scribd.com/document/862518094/Memoire Scribd"
scrapers-data/dataset_google-search-scraper_2026-08-26_12-45-31-723.csv,GOOGLE_SEARCH_RESULT,"row 5, organicResults/4",Centre locality,Mbalmayo,débordement; inondations,NONE_FOUND,UNKNOWN_REQUIRES_MANUAL_REVIEW,UNKNOWN_REQUIRES_MANUAL_REVIEW,FLOOD_EVIDENCE_NEEDS_DATE,UNASSESSED,"Elles peuvent provoquer des inondations par ruissellement et par débordement des cours d'eau, mais aussi des glissements de terrain, des coulées de boues et des ... https://meteofrance.com › meteo-monde › mbalmayo inondations 5 METEO Mbalmayo organic https://meteofrance.com/meteo-monde/mbalmayo/2228079 METEO France"
scrapers-data/dataset_google-search-scraper_2026-08-26_12-45-31-723.csv,GOOGLE_SEARCH_RESULT,"row 5, organicResults/5",Centre locality,Mbalmayo,inondations,NONE_FOUND,UNKNOWN_REQUIRES_MANUAL_REVIEW,UNKNOWN_REQUIRES_MANUAL_REVIEW,FLOOD_EVIDENCE_NEEDS_DATE,UNASSESSED,"sécheresses, des inondations, des incendies de forêt et la perte de biodiversité, elle nous envoie des ... Instagram › think_green_cmr inondations il y a 2 ans Plus de 10 ""J'aime"" 6 Join our team as we partner with the Mbalmayo Council for ... organic https://www.instagram.com/p/C9KHQgYOIMk/ Instagram · think_green_cmr"
scrapers-data/dataset_google-search-scraper_2026-08-26_12-45-31-723.csv,GOOGLE_SEARCH_RESULT,"row 6, organicResults/4",Centre division; Centre locality,Lékié; Monatélé,inondations,17 septembre 2024,UNKNOWN_REQUIRES_MANUAL_REVIEW,UNKNOWN_REQUIRES_MANUAL_REVIEW,POSSIBLE_DUPLICATE_REVIEW_REQUIRED,UNASSESSED,"Les inondations entrainent une hausse ... Les faits ont eu lieu à Monatélé, chef lieu du département de la Lékie, dans la nuit du 16 au 17 septembre 2024. https://actucameroun.com › Enfants inondations Monatélé Lékie 2024 5 Enfants - Page 5 organic https://actucameroun.com/tag/enfants/page/5/ Actu Cameroun"
scrapers-data/dataset_google-search-scraper_2026-08-26_12-45-31-723.csv,GOOGLE_SEARCH_RESULT,"row 6, organicResults/5",Centre division; Centre locality,Lékié; Monatélé,Inondations,NONE_FOUND,UNKNOWN_REQUIRES_MANUAL_REVIEW,UNKNOWN_REQUIRES_MANUAL_REVIEW,FLOOD_EVIDENCE_NEEDS_DATE,UNASSESSED,"9 avr. 2024 — Inondations à Limbé : Ketcha Courtès déplore 3 morts et ... Monatele, ont progressé de quelques points en ce début du mois ... https://fr.journalducameroun.com › information-continu Inondations Monatele 6 les travaux de la boucle de la Lekié en légère progression organic https://fr.journalducameroun.com/information-continu/cameroun-les-travaux-de-la-boucle-de-la-lekie-en-legere-progression/ Journalducameroun.co"
scrapers-data/dataset_google-search-scraper_2026-08-26_12-45-31-723.csv,GOOGLE_SEARCH_RESULT,"row 6, organicResults/6",Centre division; Centre locality,Lékié; Monatélé,inondation,NONE_FOUND,UNKNOWN_REQUIRES_MANUAL_REVIEW,UNKNOWN_REQUIRES_MANUAL_REVIEW,FLOOD_EVIDENCE_NEEDS_DATE,UNASSESSED,"... inondation, lacs naturels, barrages de retenues et fleuves. La pêche ... Lekié, Monatélé. 5, Darak, Logone et Chari, DARAK. 6, Kousséri, Logone et Chari ... https://www.fao.org › fishery › facp › cmr inondation Lekié Monatélé 7 Cameroun - Pêches et aquaculture de la FAO organic https://www.fao.org/fishery/facp/cmr/fr Food and Agriculture Organization"
scrapers-data/dataset_google-search-scraper_2026-08-26_12-45-31-723.csv,GOOGLE_SEARCH_RESULT,"row 6, organicResults/7",Centre division,Lékié,crue,NONE_FOUND,UNKNOWN_REQUIRES_MANUAL_REVIEW,UNKNOWN_REQUIRES_MANUAL_REVIEW,FLOOD_EVIDENCE_NEEDS_DATE,UNASSESSED,"... 2024, fait état de : ✓8 passagers décédés, ✓4 personnes portées disparues ... Oliaho Nefertity ▻ IBANG BITSCHË - FESTY LEKIÉ. Mwaka 2 · Public · LES ... Facebook › Alerte Meteo Madagasikara il y a 1 an 8 5 commentaires Le fameux fleuve de Betsiboka en crue (image Fanala Rasoa) organic https://www.facebook.com/groups/AlerteMeteoMada/perma"
scrapers-data/dataset_google-search-scraper_2026-08-26_12-45-31-723.csv,GOOGLE_SEARCH_RESULT,"row 9, organicResults/0",Centre division; Centre locality,Lékié; Obala,inondations,NONE_FOUND,UNKNOWN_REQUIRES_MANUAL_REVIEW,UNKNOWN_REQUIRES_MANUAL_REVIEW,FLOOD_EVIDENCE_NEEDS_DATE,UNASSESSED,"In Yaounde 7 subdivision and Obala in the Lekie Division, movements is sometimes almost impossible and accidents recorded due to the bad state ... Facebook › CRTVweb Info il y a 1 an 1 5 réactions The poor state of bridges and recurrent inondations continue ..."
scrapers-data/dataset_google-search-scraper_2026-08-26_12-45-31-723.csv,GOOGLE_SEARCH_RESULT,"row 9, organicResults/1",Centre division; Centre locality,Lékié; Obala,inondations,12 novembre 2024,UNKNOWN_REQUIRES_MANUAL_REVIEW,UNKNOWN_REQUIRES_MANUAL_REVIEW,POSSIBLE_DUPLICATE_REVIEW_REQUIRED,UNASSESSED,"12 novembre 2024 | ... Le couple présidentiel a apporté son soutien aux victimes des inondations du 18 mai à Obala, dans le département de la Lékié. https://actucameroun.com › tag › soutien-aux-victimes 2024 inondations Obala Lékié 2 soutien aux victimes organic https://actucameroun.com/tag/soutien-aux-victimes/ Actu Cameroun"
scrapers-data/dataset_google-search-scraper_2026-08-26_12-45-31-723.csv,GOOGLE_SEARCH_RESULT,"row 9, organicResults/4",Centre division; Centre locality,Lékié; Obala,inondations,NONE_FOUND,UNKNOWN_REQUIRES_MANUAL_REVIEW,UNKNOWN_REQUIRES_MANUAL_REVIEW,FLOOD_EVIDENCE_NEEDS_DATE,UNASSESSED,"sinistrés des inondations d'Obala ont besoin d'aide, partageons la publication pour toucher des âmes de bonne volonté. Facebook › Inside Lékié inondations Obala il y a 4 ans 5 8 réactions Les sinistrés des inondations d'Obala ont besoin d'aide ... organic https://www.facebook.com/100063985274712/videos/les-sinistr%C3%A9s-des-inondations-dobala-ont-besoin-daide-partageons-la-publication-/5464071630290229/ Facebook · Inside Lékié"
scrapers-data/dataset_google-search-scraper_2026-08-26_12-45-31-723.csv,GOOGLE_SEARCH_RESULT,"row 9, organicResults/6",Centre locality,Obala,INONDATIONS,NONE_FOUND,UNKNOWN_REQUIRES_MANUAL_REVIEW,UNKNOWN_REQUIRES_MANUAL_REVIEW,FLOOD_EVIDENCE_NEEDS_DATE,UNASSESSED,... INONDATIONS AUTOUR DES VILLAGES ET DES ETABLISSEMENTS PUBLICS DU DEPARTEMENT ... OBALA (lot 1) ET SANGMELIMA(lot 2) EN PROCEDURE D'URGENCE. FINANCEMENT ... https://katika237.com › tender › y=2024 INONDATIONS OBALA 7 Katika:Tender Marchés Publics organic https://katika237.com/tender/?y=2024 Katika237
scrapers-data/dataset_google-search-scraper_2026-08-26_12-45-31-723.csv,GOOGLE_SEARCH_RESULT,"row 9, organicResults/7",Centre division; Centre locality,Lékié; Obala,inondations,NONE_FOUND,UNKNOWN_REQUIRES_MANUAL_REVIEW,UNKNOWN_REQUIRES_MANUAL_REVIEW,FLOOD_EVIDENCE_NEEDS_DATE,UNASSESSED,ndations) ... entre 2020 et 2024 dans le département de la Lekie par exemple. ... 24% se retrouvent à Obala dans le département de la Lekié car ils ... https://www.researchgate.net › publication › links inondations 2024 Lekie Obala Lekié 8 Coordination Régionale du Centre organic https://www.researchgate.net/profile/Yanick-Tiamgne/publication/395353173_CONTRIBUTION_DU_PROGRAMME_DE_CONSOLIDATION_ET_DE_PERENNISATION_DU_CONSEIL_AGRICOLE_PC
scrapers-data/dataset_google-search-scraper_2026-08-26_12-46-35-438.csv,GOOGLE_SEARCH_RESULT,"row 16, organicResults/0",Centre locality,Obala,inondations,NONE_FOUND,UNKNOWN_REQUIRES_MANUAL_REVIEW,UNKNOWN_REQUIRES_MANUAL_REVIEW,FLOOD_EVIDENCE_NEEDS_DATE,UNASSESSED,"Obala: quelque 75 familles touchées par les inondations ont bénéficié de l'aide de l'État (photos). Ce sont au total 75 familles camerounaises qui ont profité, ...Read more https://actucameroun.com › tag Obala: quelque 75 familles touchées par les inondations ont bénéficié de l'aide de l'État 1 Obala - Page 3 organic https://actucameroun.com/tag/obala/page/3/ Actu Cameroun"
scrapers-data/dataset_google-search-scraper_2026-08-26_12-46-35-438.csv,GOOGLE_SEARCH_RESULT,"row 16, organicResults/1",Centre division; Centre locality,Lékié; Obala,inondations,NONE_FOUND,UNKNOWN_REQUIRES_MANUAL_REVIEW,UNKNOWN_REQUIRES_MANUAL_REVIEW,FLOOD_EVIDENCE_NEEDS_DATE,UNASSESSED,uelques 75 familles touchées par les inondations de mai dernier ont bénéficié de l'aide de l'État. Le MINAT Paul ATANGA NJI à Obala dans la Lékié.Read more https://archives.yusiip.cm › actuali... Obala inondations Obala Lékié 2 Obala: Quelques 75 familles touchées par les inondations ... organic https://archives.yusiip.cm/actualite_presentation.php?actualite=1278&titre=Obala:%20Quelques%2075%20familles%20touch%C3%A9es%20par%20les%20inon
scrapers-data/dataset_google-search-scraper_2026-08-26_12-46-35-438.csv,GOOGLE_SEARCH_RESULT,"row 16, organicResults/2",Centre Region phrase; Centre division; Centre locality,Région du Centre; Lékié; Obala,inondations,NONE_FOUND,UNKNOWN_REQUIRES_MANUAL_REVIEW,UNKNOWN_REQUIRES_MANUAL_REVIEW,FLOOD_EVIDENCE_NEEDS_DATE,UNASSESSED,"ns le département de la Lekié, région du Centre. Après avoir visité les zones affectées par les inondations dans la journée, et depuis ... Facebook › CRTVweb 1 year ago 3 320+ reactions Paul BIYA et le département de la Lekié, un amour toujours ... organic https://www.facebook.com/CRTVweb/posts/paul-biya-et-le-d%C3%A9partement-de-la-leki%C3%A9-un-amour-toujours-aussi-fort-le-pr%C3%A9siden/665494222539386/ Facebook · CRTVweb"
scrapers-data/dataset_google-search-scraper_2026-08-26_12-46-35-438.csv,GOOGLE_SEARCH_RESULT,"row 16, organicResults/3",Centre locality,Obala,inondation,NONE_FOUND,UNKNOWN_REQUIRES_MANUAL_REVIEW,UNKNOWN_REQUIRES_MANUAL_REVIEW,FLOOD_EVIDENCE_NEEDS_DATE,UNASSESSED,"le lycée au centre ville d'obala s'est effondré hier par l'inondation de la rivière foulou · No photo description available.Read more Facebook › UNESCO (United Nations Educational, Scientific and Cultural Organization) obala inondation 10 months ago 4 le nouveau pont sur la rivière foulou sera reconstruit par le ... organic https://www.facebook.com/groups/unescogroup/posts/2623855687981778/ Facebook · UNESCO (United Nations Educational"
scrapers-data/dataset_google-search-scraper_2026-08-26_12-46-35-438.csv,GOOGLE_SEARCH_RESULT,"row 2, organicResults/4",Centre division; Centre locality,Nyong-et-Mfoumou; Akonolinga,inondation,NONE_FOUND,UNKNOWN_REQUIRES_MANUAL_REVIEW,UNKNOWN_REQUIRES_MANUAL_REVIEW,FLOOD_EVIDENCE_NEEDS_DATE,UNASSESSED,"Akonolinga Infos ▻ Nyong-et-mfoumou. 2w · Public. AKONOLINGA ... Résultat : risque d'inondation, stagnation d'eau, et dégradation de la route. Facebook › FAN CLUB MIMI MEFO risque d'inondation, stagnation d'eau, et dégradation de la route il y a 1 jour 5 1 commentaire A"
scrapers-data/dataset_google-search-scraper_2026-08-26_12-46-35-438.csv,GOOGLE_SEARCH_RESULT,"row 3, organicResults/4",Centre division; Centre locality,Lékié; Obala,inondations,NONE_FOUND,UNKNOWN_REQUIRES_MANUAL_REVIEW,UNKNOWN_REQUIRES_MANUAL_REVIEW,FLOOD_EVIDENCE_NEEDS_DATE,UNASSESSED,Obala: Quelques 75 familles touchées par les inondations de mai dernier ont bénéficié de l'aide de l'État. Le MINAT Paul ATANGA NJI à Obala dans la Lékié. https://yusiip.cm › actualite_presentation inondations Lékié 5 Le MINAT Paul ATANGA NJI à Obala dans la Lékié organic https://yusiip.cm/actualite_presentation.php?actualite=1278 Yusiip
scrapers-data/dataset_google-search-scraper_2026-08-26_12-46-35-438.csv,GOOGLE_SEARCH_RESULT,"row 4, organicResults/3",Centre locality,Mbalmayo,crues,28 mai 2023; 9 janvier 2023,UNKNOWN_REQUIRES_MANUAL_REVIEW,UNKNOWN_REQUIRES_MANUAL_REVIEW,POSSIBLE_DUPLICATE_REVIEW_REQUIRED,UNASSESSED,28 mai 2023 — ... crues ont au total détruit 48 464 hectares de surface agricole ... Une pétition pour la réfection de la route Mbalmayo-Akono. 9 janvier 2023 ... https://vitrineducameroun.com › Environnement crues ont au total détruit 48 464 hectares de surface agricole 4 Les précipitations et les crues ont détruit 48 464 hectares ... organic ht
scrapers-data/dataset_google-search-scraper_2026-08-26_12-46-35-438.csv,GOOGLE_SEARCH_RESULT,"row 5, organicResults/0",Centre division; Centre locality,Mfoundi; Yaoundé,inondation,NONE_FOUND,UNKNOWN_REQUIRES_MANUAL_REVIEW,UNKNOWN_REQUIRES_MANUAL_REVIEW,FLOOD_EVIDENCE_NEEDS_DATE,UNASSESSED,20 juil. 2022 — L'objectif de cette contribution est de produire la carte de l'aléa inondation dans le bassin versant du Mfoundi à Yaoundé. ... 2023. https://www.researchgate.net › ... › AHP inondation Mfoundi Yaoundé 2023 1 Contribution à la cartographie de l'aléa inondation dans le ... organic https://www.researchgate.net/publication/362135365_Contribution_a_la_cartographie_de_l'alea_inondation_dans_le_bassin_versant_du_Mfou
scrapers-data/dataset_google-search-scraper_2026-08-26_12-46-35-438.csv,GOOGLE_SEARCH_RESULT,"row 5, organicResults/1",Centre division; Centre locality,Mfoundi; Yaoundé,inondations,NONE_FOUND,UNKNOWN_REQUIRES_MANUAL_REVIEW,UNKNOWN_REQUIRES_MANUAL_REVIEW,FLOOD_EVIDENCE_NEEDS_DATE,UNASSESSED,"2 — Dans le centre-ville de Yaoundé, l'avenue Kennedy et le marché de Mfoundi ont été gravement touchés par des inondations en 2018 et 2019, à la ... https://www.afdb.org › success-stories › oublie-la-pluie-y... Yaoundé Mfoundi inondations 2 à Yaoundé, capitale du Cameroun, un projet de gestion ... organic https://www.afdb.org/fr/success-stories/oublie-la-pluie-yaounde-capitale-du-cameroun-un-projet-de-gestion-de-leau-pare-aux-inondatio"
scrapers-data/dataset_google-search-scraper_2026-08-26_12-46-35-438.csv,GOOGLE_SEARCH_RESULT,"row 5, organicResults/2",Centre division; Centre locality,Mfoundi; Yaoundé,Inondations; inondations,NONE_FOUND,UNKNOWN_REQUIRES_MANUAL_REVIEW,UNKNOWN_REQUIRES_MANUAL_REVIEW,FLOOD_EVIDENCE_NEEDS_DATE,UNASSESSED,"MINHDU a visité le dalot situé à la voirie municipale, le canal du Mfoundi en contre bas du marché éponyme, l'exutoire des eaux au niveau de centre artisanal ... https://www.minhdu.gov.cm › inondations-au-centre-vill... Mfoundi 3 Inondations au centre-ville de Yaoundé organic https://www.minhdu.gov.cm/inondations-au-centre-ville-de-yaounde-le-minhdu-en-quete-des-solutions-durables/ - MINHDU"
scrapers-data/dataset_google-search-scraper_2026-08-26_12-46-35-438.csv,GOOGLE_SEARCH_RESULT,"row 5, organicResults/3",Centre division; Centre locality,Mfoundi; Yaoundé,inondations,NONE_FOUND,UNKNOWN_REQUIRES_MANUAL_REVIEW,UNKNOWN_REQUIRES_MANUAL_REVIEW,FLOOD_EVIDENCE_NEEDS_DATE,UNASSESSED,09-13T12:00:00.000Z Les populations de l'arrondissement de Yaoundé 1er procèdent depuis quelques jours au nettoyage des drains et l'élargissement du lit des ... http://journal.rdpcpdm.cm › 2022/09 › lutte-contre-les-... Yaoundé 4 Lutte contre les inondations : Le Mfoundi fait sa toilette organic http://journal.rdpcpdm.cm/2022/09/lutte-contre-les-inondations-le-mfoundi-fait-sa-toilette/ rdpcpdm.cm
scrapers-data/dataset_google-search-scraper_2026-08-26_12-46-35-438.csv,GOOGLE_SEARCH_RESULT,"row 5, organicResults/4",Centre division; Centre locality,Mfoundi; Yaoundé,inondation; inondations,29 novembre 2023,UNKNOWN_REQUIRES_MANUAL_REVIEW,UNKNOWN_REQUIRES_MANUAL_REVIEW,POSSIBLE_DUPLICATE_REVIEW_REQUIRED,UNASSESSED,"e 2023, des inondations exceptionnelles ... Contribution à la cartographie de l'aléa inondation dans le bassin versant du Mfoundi à Yaoundé. https://revue-irsi.com › home › article › download 2023 inondations inondation Mfoundi Yaoundé de WGF NJOMO · 2026 — Le 29 novembre 2023, des inondations exceptionnelles ... Contribution à la cartographie de l'aléa inondation dans le bassin versant du Mfoundi à Yaoundé. 5 Etude de la vulnérabilité"
scrapers-data/dataset_google-search-scraper_2026-08-26_12-46-35-438.csv,GOOGLE_SEARCH_RESULT,"row 5, organicResults/5",Centre division; Centre locality,Mfoundi; Yaoundé,inondations,NONE_FOUND,UNKNOWN_REQUIRES_MANUAL_REVIEW,UNKNOWN_REQUIRES_MANUAL_REVIEW,FLOOD_EVIDENCE_NEEDS_DATE,UNASSESSED,"p Lutte contre les inondations : Yaoundé 1er aménage la rivière Mfoundi · An 41 du Renouveau : La Section du Mfoundi 1 ravive sa flamme militante Instagram › yaounde1er_officiel Lutte contre les inondations : Yaoundé 1er aménage la rivière Mfoundi il y a 3 ans 1 ""J'aime"" 6 Yaoundé 1er aménage la rivière Mfoundi Sortir Les ... organic https://www.instagram.com/p/CiMBM4AIKQ2/ Instagram · yaounde1er_officiel"
scrapers-data/dataset_google-search-scraper_2026-08-26_12-46-35-438.csv,GOOGLE_SEARCH_RESULT,"row 5, organicResults/6",Centre division,Mfoundi,inondations,NONE_FOUND,UNKNOWN_REQUIRES_MANUAL_REVIEW,UNKNOWN_REQUIRES_MANUAL_REVIEW,FLOOD_EVIDENCE_NEEDS_DATE,UNASSESSED,"r les populations à faibles revenus, sont particulièrement exposées aux risques naturels tels que les inondations, les glissements ... https://www.researchgate.net › Lo... inondations 7 Localisation du bassin versant du Mfoundi. Location of the ... organic https://www.researchgate.net/figure/Localisation-du-bassin-versant-du-Mfoundi-Location-of-the-Mfoundi-watershed_fig1_362135365 ResearchGate"
scrapers-data/dataset_google-search-scraper_2026-08-26_12-46-35-438.csv,GOOGLE_SEARCH_RESULT,"row 5, organicResults/7",Centre division; Centre locality,Mfoundi; Yaoundé,inondations,NONE_FOUND,UNKNOWN_REQUIRES_MANUAL_REVIEW,UNKNOWN_REQUIRES_MANUAL_REVIEW,FLOOD_EVIDENCE_NEEDS_DATE,UNASSESSED,"2022-09-30T12:00:00.000Z Ces inondations causées par la sortie du fleuve Mfoundi de son lit, viennent remettre au goût du jour, la problématique de la canalisation ... https://datacameroon.com › yaounde-lutte-contre-les-ino... inondations Mfoundi 8 15,8 milliards F Cfa pour lutter contre les inondations organic https://datacameroon.com/yaounde-lutte-contre-les-inondations-158/ DataCameroon"
scrapers-data/dataset_google-search-scraper_2026-08-26_12-46-35-438.csv,GOOGLE_SEARCH_RESULT,"row 5, organicResults/8",Centre division; Centre locality,Mfoundi; Yaoundé,Inondation,NONE_FOUND,UNKNOWN_REQUIRES_MANUAL_REVIEW,UNKNOWN_REQUIRES_MANUAL_REVIEW,FLOOD_EVIDENCE_NEEDS_DATE,UNASSESSED,Yaoundé Mefou et Mfoundi Changement climatique. Activités anthropiques. Relations pluie-débit- nappe. Inondation. Date de publication: 2023. Editeur: Université ... https://dicames.online › jspui › handle Yaoundé Mfoundi Inondation 2023 9 Modélisation des interactions eaux de surface- ... organic https://dicames.online/jspui/handle/20.500.12177/11898 DICAMES
scrapers-data/dataset_google-search-scraper_2026-08-26_12-46-35-438.csv,GOOGLE_SEARCH_RESULT,"row 8, organicResults/6",Centre locality,Yaoundé,crue,NONE_FOUND,UNKNOWN_REQUIRES_MANUAL_REVIEW,UNKNOWN_REQUIRES_MANUAL_REVIEW,FLOOD_EVIDENCE_NEEDS_DATE,UNASSESSED,La zone de Mbandjock est située à environ 100 km au Nord-Est de la ville de Yaoundé et à 80 Km de Nanga Eboko. Elle est comprise entre 4°25'00'' et 4°33'00 ... https://www.memoireonline.com › Sciences Nanga Eboko 7 Caractérisation physico mécanique des blocs de terre crue ... organic https://www
scrapers-data/dataset_google-search-scraper_2026-08-26_12-48-26-605.csv,GOOGLE_SEARCH_RESULT,"row 11, organicResults/4",Centre division; Centre locality,Lékié; Monatélé,Inondation,NONE_FOUND,UNKNOWN_REQUIRES_MANUAL_REVIEW,UNKNOWN_REQUIRES_MANUAL_REVIEW,FLOOD_EVIDENCE_NEEDS_DATE,UNASSESSED,"Inondation : vers de nombreux sans abris. Archives Lékié : Monatélé fête ses 60 ans Lékié https://yusiip.cm › actualite_prese... Inondation : vers de nombreux sans abris 5 Les territoires, fers de lance du combat pour ... organic https://yusiip.cm/actualite_presentation.php?actualite=957&titre=Territori"
scrapers-data/dataset_google-search-scraper_2026-08-26_12-48-26-605.csv,GOOGLE_SEARCH_RESULT,"row 13, organicResults/5",Centre locality,Yaoundé,flood,NONE_FOUND,UNKNOWN_REQUIRES_MANUAL_REVIEW,UNKNOWN_REQUIRES_MANUAL_REVIEW,FLOOD_EVIDENCE_NEEDS_DATE,UNASSESSED,... Cameroon. Watch this video with USAID - US Agency for International ... @KSRelief and UNHCR partner to support flood affected populations in Far ... Facebook › U.S. Embassy Yaounde il y a 5 ans 6 Plus de 200 réactions 🖊📘 The United States is the single largest donor of ... organic https://www.facebook.com/yaounde.usembassy/videos/us-embassy-humanitarian-assistance-in-cameroon/98719578870408
scrapers-data/dataset_google-search-scraper_2026-08-26_12-48-26-605.csv,GOOGLE_SEARCH_RESULT,"row 15, organicResults/4",Centre division,Mfoundi,flood,NONE_FOUND,UNKNOWN_REQUIRES_MANUAL_REVIEW,UNKNOWN_REQUIRES_MANUAL_REVIEW,FLOOD_EVIDENCE_NEEDS_DATE,UNASSESSED,"undi watershed (96.5 km2) located in the heart of the ... https://hal.inrae.fr › hal-03506061 flood de D Nsangou · 2022 · Cité 139 fois — Thus, the present study aimed at evaluating the sensitivity to flood risks of the Mfoundi watershed (96.5 km2) located in the heart of the ... 5 Urban flood susceptibility modelling using AHP and GIS ... organic https://hal.inrae.fr/hal-03506061 INRAE"
scrapers-data/dataset_google-search-scraper_2026-08-26_12-48-26-605.csv,GOOGLE_SEARCH_RESULT,"row 6, organicResults/3",Centre locality,Yaoundé,inondation; inondations,NONE_FOUND,UNKNOWN_REQUIRES_MANUAL_REVIEW,UNKNOWN_REQUIRES_MANUAL_REVIEW,FLOOD_EVIDENCE_NEEDS_DATE,UNASSESSED,"5 Ce mémoire présente la création d'une carte web pour visualiser les zones à risque d'inondations et de glissements de terrain à Yaoundé, afin d'améliorer ... https://fr.scribd.com › document › Memoire inondations 2 4 Webmapping des risques d'inondation à Yaoundé | PDF organic https://fr.scribd.com/document/862518094/Memoire Scribd"
scrapers-data/dataset_google-search-scraper_2026-08-26_12-48-26-605.csv,GOOGLE_SEARCH_RESULT,"row 8, organicResults/0",Centre division; Centre locality,Lékié; Obala,inondations,NONE_FOUND,UNKNOWN_REQUIRES_MANUAL_REVIEW,UNKNOWN_REQUIRES_MANUAL_REVIEW,FLOOD_EVIDENCE_NEEDS_DATE,UNASSESSED,illes touchées par les inondations de mai dernier ont bénéficié de l'aide de l'État. Le MINAT Paul ATANGA NJI à Obala dans la Lékié. https://archives.yusiip.cm › actualite_presentation › titre... Obala inondations Obala Lékié 1 Obala: Quelques 75 familles touchées par les inondations ... organic https://archives.yusiip.cm/actualite_presentation.php?actualite=1278&titre=Obala:%20Quelques%2075%20familles%20touch%C3%A9es%20par%20les%20inon
scrapers-data/dataset_google-search-scraper_2026-08-26_12-48-26-605.csv,GOOGLE_SEARCH_RESULT,"row 8, organicResults/1",Centre locality,Obala,inondations,NONE_FOUND,UNKNOWN_REQUIRES_MANUAL_REVIEW,UNKNOWN_REQUIRES_MANUAL_REVIEW,FLOOD_EVIDENCE_NEEDS_DATE,UNASSESSED,"Obala: quelque 75 familles touchées par les inondations ont bénéficié de l'aide de l'État (photos). Ce sont au total 75 familles camerounaises qui ont profité, ... https://actucameroun.com › Obala Obala: quelque 75 familles touchées par les inondations ont bénéficié de l'aide de l'État 2 Obala - Page 3 organic https://actucameroun.com/tag/obala/page/3/ Actu Cameroun"
scrapers-data/dataset_google-search-scraper_2026-08-26_12-48-26-605.csv,GOOGLE_SEARCH_RESULT,"row 8, organicResults/4",Centre locality,Obala,flood,NONE_FOUND,UNKNOWN_REQUIRES_MANUAL_REVIEW,UNKNOWN_REQUIRES_MANUAL_REVIEW,FLOOD_EVIDENCE_NEEDS_DATE,UNASSESSED,"Obala flood victims get relief materials. It is upon instructions from the Head of State that the Minister of Territorial Administration, Atanga ... Facebook › Ministère de l'Administration Territoriale du Cameroun Obala flood victims get relief materials il y a 6 ans 5 Plus de 20 réactions Minister Atanga Nji Paul of Territorial Administration was in ... organic https://www.facebook.com/Minat.gov.cm/posts/minister-atanga-nji-paul-"
scrapers-data/dataset_google-search-scraper_2026-08-26_12-48-26-605.csv,GOOGLE_SEARCH_RESULT,"row 9, organicResults/0",Centre division; Centre locality,Mfoundi; Yaoundé,inondations,NONE_FOUND,UNKNOWN_REQUIRES_MANUAL_REVIEW,UNKNOWN_REQUIRES_MANUAL_REVIEW,FLOOD_EVIDENCE_NEEDS_DATE,UNASSESSED,"il est crucial de combiner le recalibrage structurel des drains (notamment le Mfoundi) ... Facebook › African Development Bank Group inondations Yaoundé Mfoundi il y a 5 mois 1 Plus de 30 réactions African - Avant 2021, Yaoundé retenait son souffle ... organic https://www.facebook.com/AfDBGroup/photos/avant-2021-yaound%C3%A9-retenait-son-souffle-%C3%A0-chaque-saison-des-pluies-les-inondatio/1365109632313372/ Facebook · African Developme"
scrapers-data/dataset_google-search-scraper_2026-08-26_12-48-26-605.csv,GOOGLE_SEARCH_RESULT,"row 9, organicResults/1",Centre division; Centre locality,Mfoundi; Yaoundé,inondation,NONE_FOUND,UNKNOWN_REQUIRES_MANUAL_REVIEW,UNKNOWN_REQUIRES_MANUAL_REVIEW,FLOOD_EVIDENCE_NEEDS_DATE,UNASSESSED,20 juil. 2022 — L'objectif de cette contribution est de produire la carte de l'aléa inondation dans le bassin versant du Mfoundi à Yaoundé. La méthode ... https://www.researchgate.net › ... › AHP inondation Mfoundi Yaoundé 2 Contribution à la cartographie de l'aléa inondation dans le ... organic https://www.researchgate.net/publication/362135365_Contribution_a_la_cartographie_de_l%27alea_inondation_dans_le_bassin_versant_du_Mfoundi
scrapers-data/dataset_google-search-scraper_2026-08-26_12-48-26-605.csv,GOOGLE_SEARCH_RESULT,"row 9, organicResults/2",Centre locality,Yaoundé,inondations,NONE_FOUND,UNKNOWN_REQUIRES_MANUAL_REVIEW,UNKNOWN_REQUIRES_MANUAL_REVIEW,FLOOD_EVIDENCE_NEEDS_DATE,UNASSESSED,"« Dans le centre-ville, nous sommes passés de quinze à trois inondations par an », souligne Gérard Essi Ntoumba, coordonnateur du projet. Une avancée décisive ... https://adf.afdb.org › success-stories › a-yaounde-lassai... inondations 3 À Yaoundé, l'assainissement transforme durablement la ... organic https://adf.afdb.org/fr/success-stories/a-yaounde-lassainissement-transforme-durablement-la-ville-et-des-vies/ African Dev"
scrapers-data/dataset_google-search-scraper_2026-08-26_12-48-26-605.csv,GOOGLE_SEARCH_RESULT,"row 9, organicResults/3",Centre locality,Yaoundé,inondations,NONE_FOUND,UNKNOWN_REQUIRES_MANUAL_REVIEW,UNKNOWN_REQUIRES_MANUAL_REVIEW,FLOOD_EVIDENCE_NEEDS_DATE,UNASSESSED,ois — Résumé : Les inondations constituent un danger pour les populations riveraines des bas-fonds de la Commune de Yaoundé 6 au Cameroun. Les populations. https://revues.imist.ma › EGSM › article › download inondations Yaoundé de M CHINDJI · 2023 · Cité 1 fois — Résumé : Les inondations constituent un danger pour les populations riveraines des bas-fonds de la Commune de Yaoundé 6 au Cameroun. Les populations. 4 les inondations dans les
scrapers-data/dataset_google-search-scraper_2026-08-26_12-48-26-605.csv,GOOGLE_SEARCH_RESULT,"row 9, organicResults/4",Centre division; Centre locality,Mfoundi; Yaoundé,inondations,NONE_FOUND,UNKNOWN_REQUIRES_MANUAL_REVIEW,UNKNOWN_REQUIRES_MANUAL_REVIEW,FLOOD_EVIDENCE_NEEDS_DATE,UNASSESSED,09-13T12:00:00.000Z Les populations de l'arrondissement de Yaoundé 1er procèdent depuis quelques jours au nettoyage des drains et l'élargissement du lit des ... http://journal.rdpcpdm.cm › 2022/09 › lutte-contre-les-... Yaoundé 5 Lutte contre les inondations : Le Mfoundi fait sa toilette organic http://journal.rdpcpdm.cm/2022/09/lutte-contre-les-inondations-le-mfoundi-fait-sa-toilette/ rdpcpdm.cm
scrapers-data/dataset_google-search-scraper_2026-08-26_12-48-26-605.csv,GOOGLE_SEARCH_RESULT,"row 9, organicResults/5",Centre locality,Yaoundé,inondations,NONE_FOUND,UNKNOWN_REQUIRES_MANUAL_REVIEW,UNKNOWN_REQUIRES_MANUAL_REVIEW,FLOOD_EVIDENCE_NEEDS_DATE,UNASSESSED,"Avant 2021, Yaoundé retenait son souffle à chaque saison des pluies. Les inondations étaient récurrentes dans la capitale camerounaise, entraînant des ... https://fr.linkedin.com › posts › african-development-ba... 2021 Yaoundé inondations 6 Post de African Development Bank Group organic https://fr.linkedin.com/posts/african-development-bank_journ%C3%A9emondialedeleau-worldwaterday-activity-7441484046335123456-GDXu LinkedIn"
scrapers-data/dataset_google-search-scraper_2026-08-26_12-48-26-605.csv,GOOGLE_SEARCH_RESULT,"row 9, organicResults/6",Centre division; Centre locality,Mfoundi; Yaoundé,inondations,NONE_FOUND,UNKNOWN_REQUIRES_MANUAL_REVIEW,UNKNOWN_REQUIRES_MANUAL_REVIEW,FLOOD_EVIDENCE_NEEDS_DATE,UNASSESSED,"juil. 2022 — Donc, lorsque le niveau d'eau monte au niveau du Mfoundi, les eaux de la rivière Mingoa ne peuvent plus rentrer et elles montent progressivement ... https://www.stopblablacam.com › societe › 0407-9036-y... Mfoundi 7 Yaoundé : de fortes pluies et des risques d'inondations ... organic https://www.stopblablacam.com/societe/0407-9036-yaounde-de-fortes-pluies-et-des-risques-d-inondations-annoncees-par-l-onacc StopBlaBlaCam"
scrapers-data/dataset_google-search-scraper_2026-08-26_12-48-26-605.csv,GOOGLE_SEARCH_RESULT,"row 9, organicResults/8",Centre locality,Yaoundé,inondations,NONE_FOUND,UNKNOWN_REQUIRES_MANUAL_REVIEW,UNKNOWN_REQUIRES_MANUAL_REVIEW,FLOOD_EVIDENCE_NEEDS_DATE,UNASSESSED,"ANGOLA — De violentes pluies ont provoqué des inondations meurtrières, faisant au moins 29 morts et des milliers de sinistrés dans ... Facebook › CRTVweb il y a 2 mois 9 Plus de 310 réactions Yaoundé sous la menace des eaux : après les dégâts causés ... organic https://www.facebook.com/CRTVweb/posts/yaound%C3%A9-sous-la-menace-des-eaux-apr%C3%A8s-les-d%C3%A9g%C3%A2ts-caus%C3%A9s-par-les-derni%C3%A8res-pluies/"
scrapers-data/dataset_google-search-scraper_2026-08-26_12-48-26-605.csv,GOOGLE_SEARCH_RESULT,"row 9, organicResults/9",Centre division; Centre locality,Mfoundi; Yaoundé,inondation,NONE_FOUND,UNKNOWN_REQUIRES_MANUAL_REVIEW,UNKNOWN_REQUIRES_MANUAL_REVIEW,FLOOD_EVIDENCE_NEEDS_DATE,UNASSESSED,"https://revue-irsi.com › home › article › download cartographie des zones à risques d'inondation à Yaoundé de WGF NJOMO · 2026 — cartographie des zones à risques d'inondation à Yaoundé : application au bassin versant du Mfoundi. [Mémoire de master, Université de Liège]. [33]. Zogning ... 10 Etude de la vulnérabilité sociale face aux risques d'inondation ... organic https://revue-irsi.com/index.php/home/article/download/426/273 revue-irs"
scrapers-data/dataset_google-search-scraper_2026-08-26_12-49-52-317.csv,GOOGLE_SEARCH_RESULT,"row 15, organicResults/6",Centre division,Mbam-et-Inoubou,Inondations,NONE_FOUND,UNKNOWN_REQUIRES_MANUAL_REVIEW,UNKNOWN_REQUIRES_MANUAL_REVIEW,FLOOD_EVIDENCE_NEEDS_DATE,UNASSESSED,2016-11-04T12:00:00.000Z Inondations à Limbé. DR Mbam-et-Inoubou : le préfet interdit le port ostentatoire des armes blanches DR. Afrique ... https://fr.journalducameroun.com › ... Inondations Mbam Inoubou 7 Au Cameroun La Recherche De Verite Sur Le Drame ... organic
scrapers-data/dataset_google-search-scraper_2026-08-26_12-49-52-317.csv,GOOGLE_SEARCH_RESULT,"row 16, organicResults/2",Centre locality,Yaoundé,Floods; floods,NONE_FOUND,UNKNOWN_REQUIRES_MANUAL_REVIEW,UNKNOWN_REQUIRES_MANUAL_REVIEW,FLOOD_EVIDENCE_NEEDS_DATE,UNASSESSED,"In recent years, Yaoundé and Douala, major urban centres in Cameroon, have been severely affected by floods at a frequency of 5 to 10 times per ... https://www.researchgate.net › Fl... centres Cameroon floods 3 Floods occurrence in Camer"
scrapers-data/dataset_google-search-scraper_2026-08-26_12-49-52-317.csv,GOOGLE_SEARCH_RESULT,"row 16, organicResults/5",Centre locality,Yaoundé,flood; floods,NONE_FOUND,UNKNOWN_REQUIRES_MANUAL_REVIEW,UNKNOWN_REQUIRES_MANUAL_REVIEW,FLOOD_EVIDENCE_NEEDS_DATE,UNASSESSED,"Here pictured is Post Central, one of several areas that were inundated, a ... Complaining about the flood is to destabilize Cameroon. Facebook › MMI News il y a 5 ans 6 Plus de 200 réactions Many remain stranded in Yaounde after floods yesterday ... organic https://www.facebook.com/MimiMefoInfo/videos/many-remain-stranded-in-yaounde-after-floods-yesterday-caused-by-heavy-rainshere/377508766579985/ Facebook · MMI News"
scrapers-data/dataset_google-search-scraper_2026-08-26_12-49-52-317.csv,GOOGLE_SEARCH_RESULT,"row 6, organicResults/0",Centre division; Centre locality,Lékié; Obala,inondations,NONE_FOUND,UNKNOWN_REQUIRES_MANUAL_REVIEW,UNKNOWN_REQUIRES_MANUAL_REVIEW,FLOOD_EVIDENCE_NEEDS_DATE,UNASSESSED,illes touchées par les inondations de mai dernier ont bénéficié de l'aide de l'État. Le MINAT Paul ATANGA NJI à Obala dans la Lékié. https://archives.yusiip.cm › actualite_presentation › titre... Obala inondations Obala Lékié 1 Obala: Quelques 75 familles touchées par les inondations ... organic https://archives.yusiip.cm/actualite_presentation.php?actualite=1278&titre=Obala:%20Quelques%2075%20familles%20touch%C3%A9es%20par%20les%20inon
scrapers-data/dataset_google-search-scraper_2026-08-26_12-49-52-317.csv,GOOGLE_SEARCH_RESULT,"row 6, organicResults/1",Centre locality,Obala,flood,NONE_FOUND,UNKNOWN_REQUIRES_MANUAL_REVIEW,UNKNOWN_REQUIRES_MANUAL_REVIEW,FLOOD_EVIDENCE_NEEDS_DATE,UNASSESSED,"Obala flood victims get relief materials. It is upon instructions from the Head of State that the Minister of Territorial Administration, Atanga ... Facebook › Ministère de l'Administration Territoriale du Cameroun Obala flood victims get relief materials il y a 6 ans 2 Plus de 20 réactions Minister Atanga Nji Paul of Territorial Administration was in ... organic https://www.facebook.com/Minat.gov.cm/posts/minister-atanga-nji-paul-"
scrapers-data/dataset_google-search-scraper_2026-08-26_12-49-52-317.csv,GOOGLE_SEARCH_RESULT,"row 6, organicResults/4",Centre division; Centre locality,Lékié; Obala,inondations,NONE_FOUND,UNKNOWN_REQUIRES_MANUAL_REVIEW,UNKNOWN_REQUIRES_MANUAL_REVIEW,FLOOD_EVIDENCE_NEEDS_DATE,UNASSESSED,"Le couple présidentiel a apporté son soutien aux victimes des inondations du 18 mai à Obala, dans le département de la Lékié. ... 2020 apporte son soutien aux ... https://actucameroun.com › tag › soutien-aux-victimes Le couple présidentiel a apporté son soutien aux victimes des inondations du 18 mai à Obala 5 soutien aux victimes organic"
scrapers-data/dataset_google-search-scraper_2026-08-26_12-49-52-317.csv,GOOGLE_SEARCH_RESULT,"row 6, organicResults/5",Centre locality,Yaoundé,inondations,NONE_FOUND,UNKNOWN_REQUIRES_MANUAL_REVIEW,UNKNOWN_REQUIRES_MANUAL_REVIEW,FLOOD_EVIDENCE_NEEDS_DATE,UNASSESSED,"Yaoundé, les précipitations sont de retour et avec elles, le calvaire des inondations dans les zones à risques et particulièrement ... Facebook › CRTVweb il y a 1 an 6 Plus de 120 réactions Yaoundé, les précipitations sont de retour et avec elles, le ... organic https://www.facebook.com/CRTVweb/posts/yaound%C3%A9-les-pr%C3%A9cipitations-sont-de-retour-et-avec-elles-le-calvaire-des-inondati/689677446787730/"
scrapers-data/dataset_google-search-scraper_2026-08-26_12-49-52-317.csv,GOOGLE_SEARCH_RESULT,"row 6, organicResults/7",Centre division; Centre locality,Lékié; Obala,inondations,NONE_FOUND,UNKNOWN_REQUIRES_MANUAL_REVIEW,UNKNOWN_REQUIRES_MANUAL_REVIEW,FLOOD_EVIDENCE_NEEDS_DATE,UNASSESSED,Obala: Quelques 75 familles touchées par les inondations de mai dernier ont bénéficié de l'aide de l'État. Le MINAT Paul ATANGA NJI à Obala dans la Lékié. https://yusiip.cm › actualite_presentation Obala inondations Obala Lékié 8 Le MINAT Paul ATANGA NJI à Obala dans la Lékié organic https://yusiip.cm/actualite_presentation.php?actualite=1278 Yusiip
scrapers-data/dataset_google-search-scraper_2026-08-26_12-49-52-317.csv,GOOGLE_SEARCH_RESULT,"row 8, organicResults/0",Centre division; Centre locality,Mfoundi; Yaoundé,inondations,NONE_FOUND,UNKNOWN_REQUIRES_MANUAL_REVIEW,UNKNOWN_REQUIRES_MANUAL_REVIEW,FLOOD_EVIDENCE_NEEDS_DATE,UNASSESSED,"2 — Dans le centre-ville de Yaoundé, l'avenue Kennedy et le marché de Mfoundi ont été gravement touchés par des inondations en 2018 et 2019, à la ... https://www.afdb.org › success-stories › oublie-la-pluie-y... Yaoundé Mfoundi inondations 1 à Yaoundé, capitale du Cameroun, un projet de gestion ... organic https://www.afdb.org/fr/success-stories/oublie-la-pluie-yaounde-capitale-du-cameroun-un-projet-de-gestion-de-leau-pare-aux-inondatio"
scrapers-data/dataset_google-search-scraper_2026-08-26_12-49-52-317.csv,GOOGLE_SEARCH_RESULT,"row 8, organicResults/1",Centre division; Centre locality,Mfoundi; Yaoundé,inondation,NONE_FOUND,UNKNOWN_REQUIRES_MANUAL_REVIEW,UNKNOWN_REQUIRES_MANUAL_REVIEW,FLOOD_EVIDENCE_NEEDS_DATE,UNASSESSED,20 juil. 2022 — L'objectif de cette contribution est de produire la carte de l'aléa inondation dans le bassin versant du Mfoundi à Yaoundé. La méthode ... https://www.researchgate.net › ... › AHP inondation Mfoundi Yaoundé 2 Contribution à la cartographie de l'aléa inondation dans le ... organic https://www.researchgate.net/publication/362135365_Contribution_a_la_cartographie_de_l'alea_inondation_dans_le_bassin_versant_du_Mfoundi_a
scrapers-data/dataset_google-search-scraper_2026-08-26_12-49-52-317.csv,GOOGLE_SEARCH_RESULT,"row 8, organicResults/2",Centre division,Mfoundi,inondation,NONE_FOUND,UNKNOWN_REQUIRES_MANUAL_REVIEW,UNKNOWN_REQUIRES_MANUAL_REVIEW,FLOOD_EVIDENCE_NEEDS_DATE,UNASSESSED,"diachronique de la vulnérabilité aux risques d'inondation : dans le département du Mfoundi (Cameroun) ; Auteur, Kenlack T., Gildas. Éditeur ; Langue ... https://www.lireka.com › ... › Biographies et Mémoires inondation Mfoundi 3 Analyse diachronique de la vulnérabilité aux risques d ... organic https://www.lireka.com/fr/pp/9786138423577-analyse-diachronique-de-la-vulnerabilite-aux-risques-dinondation?srsltid=AfmBOoq9t_MJ173s-XXKmlJu-6S"
scrapers-data/dataset_google-search-scraper_2026-08-26_12-49-52-317.csv,GOOGLE_SEARCH_RESULT,"row 8, organicResults/3",Centre locality,Yaoundé,inondations,NONE_FOUND,UNKNOWN_REQUIRES_MANUAL_REVIEW,UNKNOWN_REQUIRES_MANUAL_REVIEW,FLOOD_EVIDENCE_NEEDS_DATE,UNASSESSED,é 1 fois — Les principaux résultats indiquent que le milieu physique des bas-fonds de la Commune de Yaoundé 6 est fragile face à la permanence des inondations. Par ... https://revues.imist.ma › EGSM › article › download Yaoundé inondations de M CHINDJI · 2023 · Cité 1 fois — Les principaux résultats indiquent que le milieu physique des bas-fonds de la Commune de Yaoundé 6 est fragile face à la permanence des inondations. Par ... 4 les i
scrapers-data/dataset_google-search-scraper_2026-08-26_12-49-52-317.csv,GOOGLE_SEARCH_RESULT,"row 8, organicResults/4",Centre locality,Yaoundé,inondation; inondations,NONE_FOUND,UNKNOWN_REQUIRES_MANUAL_REVIEW,UNKNOWN_REQUIRES_MANUAL_REVIEW,FLOOD_EVIDENCE_NEEDS_DATE,UNASSESSED,"2019-09-20T12:00:00.000Z La ville de Yaoundé a connu de nombreuses inondations dans le centre-ville depuis une vingtaine d'années. Des gens ont perdu des membres de ... https://fr.allafrica.com › stories Yaoundé inondations 5 Objectif « Zéro inondation » à Yaoundé en 2020, grâce au ... organic https://fr.allafrica.com/stories/201909200746.html allAfrica.fr"
scrapers-data/dataset_google-search-scraper_2026-08-26_12-49-52-317.csv,GOOGLE_SEARCH_RESULT,"row 8, organicResults/5",Centre division; Centre locality,Mfoundi; Yaoundé,inondations,NONE_FOUND,UNKNOWN_REQUIRES_MANUAL_REVIEW,UNKNOWN_REQUIRES_MANUAL_REVIEW,FLOOD_EVIDENCE_NEEDS_DATE,UNASSESSED,ves du Mfoundi à Yaoundé sont l'œuvre du mauvais calibrage du lit de drainage souterrain traversant le centre de la ville. Il en est ... https://www.nss-journal.org › nss190003 › nss190003 Les inondations répétitives du Mfoundi à Yaoundé de F Saha · 2018 · Cité 24 fois — Les inondations répétitives du Mfoundi à Yaoundé sont l'œuvre du mauvais calibrage du lit de drainage souterrain traversant le centre de la ville. Il en est ... 6 natur
scrapers-data/dataset_google-search-scraper_2026-08-26_12-49-52-317.csv,GOOGLE_SEARCH_RESULT,"row 8, organicResults/6",Centre division; Centre locality,Mfoundi; Yaoundé,Inondation,NONE_FOUND,UNKNOWN_REQUIRES_MANUAL_REVIEW,UNKNOWN_REQUIRES_MANUAL_REVIEW,FLOOD_EVIDENCE_NEEDS_DATE,UNASSESSED,Yaoundé Mefou et Mfoundi Changement climatique. Activités anthropiques. Relations pluie-débit- nappe. Inondation. Date de publication: 2023. Editeur: Université ... https://dicames.online › jspui › handle Yaoundé Mfoundi Inondation 7 Modélisation des interactions eaux de surface- ... organic https://dicames.online/jspui/handle/20.500.12177/11898 DICAMES
scrapers-data/dataset_google-search-scraper_2026-08-26_12-49-52-317.csv,GOOGLE_SEARCH_RESULT,"row 8, organicResults/7",Centre locality,Yaoundé,inondations,NONE_FOUND,UNKNOWN_REQUIRES_MANUAL_REVIEW,UNKNOWN_REQUIRES_MANUAL_REVIEW,FLOOD_EVIDENCE_NEEDS_DATE,UNASSESSED,"5 La ville de Yaoundé, au Cameroun, est confrontée à un risque élevé d'inondations en raison d'une urbanisation anarchique, avec 34% de ses terres situées ... https://fr.scribd.com › document › Memoire-Wadjo La ville de Yaoundé, au Cameroun, est confrontée à un risque élevé d'inondations 2 8 Memoire Wadjo | PDF | Inondation organic https://fr.scribd.com/document/883675250/Memoire-Wadjo Scribd"
scrapers-data/dataset_google-search-scraper_2026-08-26_12-49-52-317.csv,GOOGLE_SEARCH_RESULT,"row 8, organicResults/8",Centre division; Centre locality,Mfoundi; Yaoundé,inondation,NONE_FOUND,UNKNOWN_REQUIRES_MANUAL_REVIEW,UNKNOWN_REQUIRES_MANUAL_REVIEW,FLOOD_EVIDENCE_NEEDS_DATE,UNASSESSED,"https://revue-irsi.com › home › article › download cartographie des zones à risques d'inondation à Yaoundé de WGF NJOMO · 2026 — cartographie des zones à risques d'inondation à Yaoundé : application au bassin versant du Mfoundi. [Mémoire de master, Université de Liège]. [33]. Zogning ... 9 Etude de la vulnérabilité sociale face aux risques d'inondation ... organic https://revue-irsi.com/index.php/home/article/download/426/273 revue-irsi"
scrapers-data/dataset_google-search-scraper_2026-08-26_12-49-52-317.csv,GOOGLE_SEARCH_RESULT,"row 8, organicResults/9",Centre locality,Yaoundé,Inondations; inondations,NONE_FOUND,UNKNOWN_REQUIRES_MANUAL_REVIEW,UNKNOWN_REQUIRES_MANUAL_REVIEW,FLOOD_EVIDENCE_NEEDS_DATE,UNASSESSED,"🌧️ Importantes inondations au centre-ville de Yaoundé, au niveau de la boulangerie Acropole ce jour. Les fortes pluies qui se sont abattues ... Facebook › Vert Rouge Jaune Importantes inondations au centre-ville de Yaoundé il y a 8 ans 10 Inondations suite à une forte pluie ce jour à yaounde organic https://www.facebook.com/VertRougeJaune237/posts/inondations-suite-%C3%A0-une-forte-pluie-ce-jour-%C3%A0-yaounde/1584572251564017/ Fac"
scrapers-data/dataset_google-search-scraper_2026-08-26_12-49-52-317.csv,GOOGLE_SEARCH_RESULT,"row 9, organicResults/3",Centre locality,Yaoundé,inondation; inondations,NONE_FOUND,UNKNOWN_REQUIRES_MANUAL_REVIEW,UNKNOWN_REQUIRES_MANUAL_REVIEW,FLOOD_EVIDENCE_NEEDS_DATE,UNASSESSED,"5 Ce mémoire présente la création d'une carte web pour visualiser les zones à risque d'inondations et de glissements de terrain à Yaoundé, afin d'améliorer ... https://fr.scribd.com › document › Memoire inondations 2 4 Webmapping des risques d'inondation à Yaoundé | PDF organic https://fr.scribd.com/document/862518094/Memoire Scribd"
scrapers-data/dataset_google-search-scraper_2026-08-26_12-49-52-317.csv,GOOGLE_SEARCH_RESULT,"row 9, organicResults/4",Centre locality,Mbalmayo,inondations,10 septembre 2020,UNKNOWN_REQUIRES_MANUAL_REVIEW,UNKNOWN_REQUIRES_MANUAL_REVIEW,POSSIBLE_DUPLICATE_REVIEW_REQUIRED,UNASSESSED,"2020-09-10T12:00:00.000Z Cameroun : risque d'inondations dans le Littoral et de pluies intenses jusqu'au 10 septembre 2020 ... Mbalmayo, Nanga ... https://fr.journalducameroun.com › cameroun-risque-di... risque d'inondations dans le Littoral et de pluies intenses jusqu'au 10 septembre 2020 5 Cameroun Risque Dinondations Dans Le Littoral Et De .."
scrapers-data/face and yout/dataset_youtube-scraper_2026-09-01_07-20-44-785.csv,youtube_video_metadata,row 4,centre_locality_or_division,Yaoundé,Inondation; inondations,2018-06-20T15:49:14.000Z,2018-06-20,UNKNOWN,GENERAL_FLOOD_REFERENCE,,"TITLE: Inondation à Yaoundé: Explication et sentiment des riverains
CHANNEL: Martial Tse
UPLOAD_DATE: 2018-06-20T15:49:14.000Z
DESCRIPTION: les causes des inondations urbaines à Yaoundé au Cameroun, Comprendre le sentiment des victimes"
scrapers-data/face and yout/dataset_youtube-scraper_2026-09-01_07-20-44-785.csv,youtube_video_metadata,row 5,centre_locality_or_division,biyem-assi,inondations,2020-01-06T14:39:44.000Z,2020-01-06,UNKNOWN,GENERAL_FLOOD_REFERENCE,,"TITLE: Lutte contre les inondations biyem-assi  Marcellin gansop
CHANNEL: gansop marcellin
UPLOAD_DATE: 2020-01-06T14:39:44.000Z
DESCRIPTION: Reportage sur la prévention des inondations à biyem-assi Gansop équinoxe tv"
scrapers-data/face and yout/dataset_youtube-scraper_2026-09-01_07-20-44-785.csv,youtube_video_metadata,row 6,centre_locality_or_division,Yaoundé,inondations,2012-09-23T05:38:03.000Z,2012-09-23,UNKNOWN,FLOOD_EVIDENCE_NEEDS_DATE,,"TITLE: videos inondations à Yaoundé quartier des etudiants de l'Université de Yaoundé 1
CHANNEL: la terre56
UPLOAD_DATE: 2012-09-23T05:38:03.000Z
DESCRIPTION:  "
scrapers-data/face and yout/dataset_youtube-scraper_2026-09-01_07-20-44-785.csv,youtube_video_metadata,row 11,centre_locality_or_division,YAOUNDÉ; yaoundé,INONDATIONS,2025-06-18T05:55:28.000Z,2025-06-18,UNKNOWN,FLOOD_EVIDENCE_NEEDS_DATE,,"TITLE: YAOUNDÉ 7ÈME : LES POPULATIONS FACE AU CALVAIRE DES INONDATIONS
CHANNEL: INFOS 237 NEWS
UPLOAD_DATE: 2025-06-18T05:55:28.000Z
DESCRIPTION: #infotv #parfaitayissi #blériotnyemeck #jeanjacquesze #stéphanembarga #espaceminé #libreexpression #lesamazones #legrandsoir #huruafrica  #martinezzogo #afrique #cameroun #yaoundé #politique #paulbiya #samueletoo #etoofils #football #fifa #caf #fecafoot #actu #actualité #débat

🔔Abonnez-vous à notre chaîne sur YouTube : https://www.youtube.com/@infos237news4
🔴Rejoignez-nous sur Facebook : https://www.facebook.com/infos237news"
scrapers-data/face and yout/dataset_youtube-scraper_2026-09-01_07-20-44-785.csv,youtube_video_metadata,row 12,centre_locality_or_division,YAOUNDÉ; yaoundé,inondations,2023-03-21T21:54:35.000Z,2023-03-21,UNKNOWN,FLOOD_EVIDENCE_NEEDS_DATE,,"TITLE: YAOUNDÉ DANS LES EAUX
CHANNEL: INFOS 237 NEWS
UPLOAD_DATE: 2023-03-21T21:54:35.000Z
DESCRIPTION: #yaoundé #inondations"
scrapers-data/face and yout/dataset_youtube-scraper_2026-09-01_07-20-44-785.csv,youtube_video_metadata,row 20,centre_locality_or_division,YAOUNDE,FLOOD,2021-06-17T06:06:36.000Z,2021-06-17,UNKNOWN,FLOOD_EVIDENCE_NEEDS_DATE,,"TITLE: HEAVY RAINFALL CAUSES FLOOD IN YAOUNDE 7 COUNCIL
CHANNEL: Subiru Madina
UPLOAD_DATE: 2021-06-17T06:06:36.000Z
DESCRIPTION: HEAVY RAINFALL CAUSES FLOOD IN YAOUNDE 7 COUNCIL"
scrapers-data/face and yout/dataset_youtube-scraper_2026-09-01_07-20-44-785.csv,youtube_video_metadata,row 46,centre_locality_or_division,YAOUNDÉ; yaoundé,inondations,2023-10-06T17:55:02.000Z,2023-10-06,UNKNOWN,FLOOD_EVIDENCE_NEEDS_DATE,,"TITLE: YAOUNDÉ IV : LE CARREFOUR TROPICANA DANS LES EAUX
CHANNEL: INFOS 237 NEWS
UPLOAD_DATE: 2023-10-06T17:55:02.000Z
DESCRIPTION: #yaoundé #inondations 

🔔Abonnez-vous à notre chaîne sur YouTube :    / @infos237news4  
🔴Rejoignez-nous sur Facebook :   / infos237news  "
scrapers-data/face and yout/dataset_youtube-scraper_2026-09-01_07-20-44-785.csv,youtube_video_metadata,row 67,centre_locality_or_division,Yaoundé,inondations,2017-09-28T03:49:29.000Z,2017-09-28,UNKNOWN,POSSIBLE_DUPLICATE,,"TITLE: EQUINOXE TV JT 20H00(CMR: Yaoundé sous les inondations) Mercredi 13 Septembre 2017
CHANNEL: Joel Mckoy
UPLOAD_DATE: 2017-09-28T03:49:29.000Z
DESCRIPTION: nan"
scrapers-data/face and yout/dataset_youtube-scraper_2026-09-01_07-20-44-785.csv,youtube_video_metadata,row 88,centre_locality_or_division,Yaoundé; ngousso,Inondation,2022-03-09T15:52:22.000Z,2022-03-09,UNKNOWN,FLOOD_EVIDENCE_NEEDS_DATE,,"TITLE: Inondation à Yaoundé: le personnes contraints d'évacuer.
CHANNEL: TELE DU TRIANGLE
UPLOAD_DATE: 2022-03-09T15:52:22.000Z
DESCRIPTION: Avec le retour des pluies, les riverains du quartier ngousso à Yaoundé ont les pieds dans l'eau. Et ils enregistrent d'importantes pertes matérielles."
scrapers-data/face and yout/dataset_youtube-scraper_2026-09-01_07-20-44-785.csv,youtube_video_metadata,row 89,centre_locality_or_division,YAOUNDÉ; yaoundé,inondations,2023-05-18T19:34:47.000Z,2023-05-18,UNKNOWN,FLOOD_EVIDENCE_NEEDS_DATE,,"TITLE: YAOUNDÉ UNE FORTE PLUIE FAIT DES RAVAGES
CHANNEL: INFOS 237 NEWS
UPLOAD_DATE: 2023-05-18T19:34:47.000Z
DESCRIPTION: #yaoundé #pluies #inondations

🔔 Abonnez-vous à notre chaîne sur YouTube :    / @infos237news4  
🔴Rejoignez-nous sur Facebook :   / infos237news  "
scrapers-data/face and yout/dataset_youtube-scraper_2026-09-01_07-20-44-785.csv,youtube_video_metadata,row 90,centre_locality_or_division,YAOUNDÉ,INONDATIONS,2022-05-17T23:00:02.000Z,2022-05-17,UNKNOWN,FLOOD_EVIDENCE_NEEDS_DATE,,"TITLE: SÉRIE D'INONDATIONS A YAOUNDÉ - ÉQUINOXE TV
CHANNEL: ÉQUINOXE TV
UPLOAD_DATE: 2022-05-17T23:00:02.000Z
DESCRIPTION: SÉRIE D'INONDATIONS A YAOUNDÉ - ÉQUINOXE TV"
scrapers-data/face and yout/dataset_youtube-scraper_2026-09-01_07-20-44-785.csv,youtube_video_metadata,row 91,centre_locality_or_division,Yaoundé; YAOUNDÉ,INONDATION,2011-09-22T11:12:04.000Z,2011-09-22,UNKNOWN,FLOOD_EVIDENCE_NEEDS_DATE,,"TITLE: Inondatio à Yaoundé OYOMABAN  [1].MP4
CHANNEL: bethesdaful
UPLOAD_DATE: 2011-09-22T11:12:04.000Z
DESCRIPTION: INONDATION à YAOUNDÉ"
scrapers-data/face and yout/dataset_youtube-scraper_2026-09-01_07-20-44-785.csv,youtube_video_metadata,row 93,centre_locality_or_division,Yaoundé,Flood,2021-06-07T18:53:20.000Z,2021-06-07,UNKNOWN,FLOOD_EVIDENCE_NEEDS_DATE,,"TITLE: Automobile Toyota Car Struggles in Flood Yaoundé/Cameroon Today . Toyota  Breaking News . trending
CHANNEL: Mr Talk Cartoon Comedy
UPLOAD_DATE: 2021-06-07T18:53:20.000Z
DESCRIPTION: nan"
scrapers-data/face and yout/dataset_youtube-scraper_2026-09-01_07-20-44-785.csv,youtube_video_metadata,row 95,centre_locality_or_division,YAOUNDÉ; BAFIA; Yaoundé; Bafia,inondations,2025-10-30T20:22:47.000Z,2025-10-30,UNKNOWN,GENERAL_FLOOD_REFERENCE,,"TITLE: YAOUNDÉ – ÉTAME-BAFIA : DES HABITATIONS SOUS LA MENACE DES EAUX ! 🌧️
CHANNEL: nadege yugain
UPLOAD_DATE: 2025-10-30T20:22:47.000Z
DESCRIPTION: De fortes pluies annoncées par l’ONACC menacent plusieurs quartiers de Yaoundé.
À Étame-Bafia, dans le 4ᵉ arrondissement, les habitants n’en dorment plus : les eaux montent, les maisons tremblent, et la peur s’installe…

👉 Découvrez dans ce reportage signé Nadège Yugain et Michel Azegue comment les populations vivent au quotidien sous la menace des inondations.

 Abonnez-vous pour ne rien manquer des reportages terrain et de l’actualité de proximité."
scrapers-data/face and yout/dataset_youtube-scraper_2026-09-01_07-20-44-785.csv,youtube_video_metadata,row 98,centre_locality_or_division,Elig-Edzoa; Yaoundé; YAOUNDE,inondation; INONDATION,2022-04-19T17:27:36.000Z,2022-04-19,UNKNOWN,FLOOD_EVIDENCE_NEEDS_DATE,,"TITLE: #TARA_ZOOM : Grave inondation au quartier Elig-Edzoa à Yaoundé 🤦‍♀️🤦‍♀️🌊🌊🌊🌊🌊🌊☔️☔️🇨🇲🇨🇲🇨🇲
CHANNEL: TARA PLUS TV
UPLOAD_DATE: 2022-04-19T17:27:36.000Z
DESCRIPTION: #TARA_ZOOM #TARA #INONDATION #YAOUNDE #ELIG_EDZOA"
scrapers-data/face and yout/dataset_youtube-scraper_2026-09-01_07-20-44-785.csv,youtube_video_metadata,row 99,centre_locality_or_division,Yaoundé,Inondation,2025-03-28T10:30:06.000Z,2025-03-28,UNKNOWN,FLOOD_EVIDENCE_NEEDS_DATE,,"TITLE: Inondation au marché éssos de Yaoundé et calvaire des populations3 BIYA DEM!SSIONNE AU PALAIS
CHANNEL: Daniel Nikon Officiel
UPLOAD_DATE: 2025-03-28T10:30:06.000Z
DESCRIPTION: Inondation au marché éssos de Yaoundé et calvaire des populations3 BIYA DEM!SSIONNE AU PALAIS"
scrapers-data/face and yout/dataset_youtube-scraper_2026-09-01_07-20-44-785.csv,youtube_video_metadata,row 100,centre_locality_or_division,yaounde; yaoundé,INONDATION,2022-10-13T23:00:14.000Z,2022-10-13,UNKNOWN,FLOOD_EVIDENCE_NEEDS_DATE,,"TITLE: GRAND REPORTAGE: INONDATION A MAROUA
CHANNEL: ÉQUINOXE TV
UPLOAD_DATE: 2022-10-13T23:00:14.000Z
DESCRIPTION: INONDATION A MAROUA    GRAND REPORTAGE - ÉQUINOXE TV

#équinoxetv
#audelàdelimagenousrendonscompte #douala #cameroun #cameroonian #equinoxetv #équinoxetv #yaounde #team237 #CAMEROON #cameroon🇨🇲 #cameroonfood #camerooniangirl #237showbiz
#237🇨🇲 #garoua #ngaoundere #bafoussam #bertoua #sangmelima #maroua #237 #audelàdelimagenousrendonscompte #buea #cnnafrica#bamenda #yaounde #yaoundé #bafoussam #237blogger #237bloggers"
scrapers-data/face and yout/dataset_youtube-scraper_2026-09-01_07-20-44-785.csv,youtube_video_metadata,row 106,centre_locality_or_division,YAOUNDÉ,INONDATIONS,2024-04-05T13:10:07.000Z,2024-04-05,UNKNOWN,FLOOD_EVIDENCE_NEEDS_DATE,,"TITLE: INONDATIONS ET EMBOUTEILLAGES MONSTRUEUX A YAOUNDÉ - ÉQUINOXE TV
CHANNEL: ÉQUINOXE TV
UPLOAD_DATE: 2024-04-05T13:10:07.000Z
DESCRIPTION: INONDATIONS ET EMBOUTEILLAGES MONSTRUEUX A YAOUNDÉ - ÉQUINOXE TV







#équinoxetv 
#audelàdelimagenousrendonscompte

Follow us on
Facebook : https://www.facebook.com/equinoxe.television
Twitter : https://twitter.com/EquinoxeTv_cm
Instagram :https://www.instagram.com/equinoxetvofficial/
https://www.pinterest.com/equinoxetelevision/
https://www.linkedin.com/in/equinoxe-television-b8b59a280/
https://www.tiktok.com/@equinoxetelevision"
scrapers-data/face and yout/dataset_youtube-scraper_2026-09-01_07-20-44-785.csv,youtube_video_metadata,row 109,centre_locality_or_division,Yaoundé; yaoundé,inondation; inondations,2026-06-07T17:00:34.000Z,2026-06-07,UNKNOWN,FLOOD_EVIDENCE_NEEDS_DATE,,"TITLE: LE CAMEROUN 🇨🇲 peut-il supporter une CATASTROPHE NATURELLE ?💔
CHANNEL: Alex Tchami
UPLOAD_DATE: 2026-06-07T17:00:34.000Z
DESCRIPTION: Suite à ma vidéo après l’inondation de la ville de Yaoundé (CAMEROUN), les camerounais estime que je ne devrais pas faire cette vidéo que je salis le pays.
#honte
#pays
#afrique 
#cameroun
#cameroun 
#yaoundé 
#inondations 
#catastrophenaturelle 
#paulbiya 
#samueletoo 
#denigrement
#salir"
scrapers-data/face and yout/dataset_youtube-scraper_2026-09-01_07-20-44-785.csv,youtube_video_metadata,row 117,centre_locality_or_division,Yaoundé,Inondations,2024-04-04T07:36:35.000Z,2024-04-04,UNKNOWN,FLOOD_EVIDENCE_NEEDS_DATE,,"TITLE: Éternelles Inondations à Yaoundé
CHANNEL: JMTV +
UPLOAD_DATE: 2024-04-04T07:36:35.000Z
DESCRIPTION: nan"
scrapers-data/face and yout/dataset_youtube-scraper_2026-09-01_07-20-44-785.csv,youtube_video_metadata,row 128,centre_locality_or_division,Yaoundé; yaoundé,inondations; inondation,2022-08-01T18:55:11.000Z,2022-08-01,UNKNOWN,GENERAL_FLOOD_REFERENCE,,"TITLE: Actualité Cameroun - Plan anti inondations à Yaoundé
CHANNEL: Investing Innovating In Africa TV
UPLOAD_DATE: 2022-08-01T18:55:11.000Z
DESCRIPTION: Actualité Cameroun - Plan anti inondations à Yaoundé 

Actualité Cameroun - Plan contre les inondations à Yaoundé 
 

actualité cameroun,douala,douala cameroun,journal cameroun,actualité douala,actualité yaoundé,journal douala,journal yaoundé,yaoundé,news,luttre contre les inondations yaoundé,plan contre les inondations yaoundé,plan anti inondations yaundé,plan anti inondations yaoundé,lutte contre les innondations douala,inondations douala,inondations yaoundé,inondations cameroun,anti-inondations douala,anti-inondations yaoundé,plan inondation yaoundé,inondations afrique"
scrapers-data/face and yout/dataset_youtube-scraper_2026-09-01_07-20-44-785.csv,youtube_video_metadata,row 131,centre_locality_or_division,Yaoundé,Inondation,2013-07-06T10:15:54.000Z,2013-07-06,2013-03-01,FLOOD_EVIDENCE_NEEDS_LOCATION,,"TITLE: Inondation en plein coeur de la capitale au Palais des Sport 2e Partie
CHANNEL: Les Visages d'Afrique
UPLOAD_DATE: 2013-07-06T10:15:54.000Z
DESCRIPTION: Inondation à Yaoundé au Palais des Sport le 1er mars 2013 où les voitures hautes sont imobilisées dans l'eau et le piétons ne peuvent pas poursuivre leur chemin."
scrapers-data/face and yout/dataset_youtube-scraper_2026-09-01_07-20-44-785.csv,youtube_video_metadata,row 133,centre_locality_or_division,YAOUNDE,INONDATIONS,2025-09-04T21:10:47.000Z,2025-09-04,UNKNOWN,FLOOD_EVIDENCE_NEEDS_DATE,,"TITLE: DOUALA ET YAOUNDE SOUS LES EAUX : LES INONDATIONS RAVIVENT LES FAILLES DE LA GESTION URBAINE
CHANNEL: SUD TV
UPLOAD_DATE: 2025-09-04T21:10:47.000Z
DESCRIPTION: nan"
scrapers-data/face and yout/dataset_youtube-scraper_2026-09-01_07-20-44-785.csv,youtube_video_metadata,row 136,centre_locality_or_division,ODZA; Odza,INONDATIONS,2023-10-10T21:32:40.000Z,2023-10-10,UNKNOWN,FLOOD_EVIDENCE_NEEDS_DATE,,"TITLE: INONDATIONS AU QUARTIER ODZA
CHANNEL: INFOS 237 NEWS
UPLOAD_DATE: 2023-10-10T21:32:40.000Z
DESCRIPTION: #Floods #Cameroon #Odza"
scrapers-data/face and yout/dataset_youtube-scraper_2026-09-01_07-20-44-785.csv,youtube_video_metadata,row 137,centre_locality_or_division,YAOUNDE,INONDATIONS,2022-07-02T03:30:06.000Z,2022-07-02,UNKNOWN,FLOOD_EVIDENCE_NEEDS_DATE,,"TITLE: LA GALÈRE DES INONDATIONS A YAOUNDÉ - ÉQUINOXE TV
CHANNEL: ÉQUINOXE TV
UPLOAD_DATE: 2022-07-02T03:30:06.000Z
DESCRIPTION: LA GALÈRE DES INONDATIONS A YAOUNDÉ - ÉQUINOXE TV"
scrapers-data/face and yout/dataset_youtube-scraper_2026-09-01_07-20-44-785.csv,youtube_video_metadata,row 139,centre_locality_or_division,Yaounde,flood,2015-10-02T16:08:43.000Z,2015-10-02,UNKNOWN,GENERAL_FLOOD_REFERENCE,,"TITLE: DRP Yaounde, Cameroon Field Trip for Reporters
CHANNEL: cbartok101
UPLOAD_DATE: 2015-10-02T16:08:43.000Z
DESCRIPTION: Developing Radio Partners organized a workshop on climate change in Cameroon in September 2015. One of the sessions featured a field trip along a flood-prone river near Yaounde's main market. Community radio reporters were able to interview an official from the Ministry of Environment."
scrapers-data/face and yout/dataset_youtube-scraper_2026-09-01_07-20-44-785.csv,youtube_video_metadata,row 140,centre_locality_or_division,Yaoundé,INONDATION,2024-04-04T20:01:22.000Z,2024-04-04,UNKNOWN,FLOOD_EVIDENCE_NEEDS_DATE,,"TITLE: INONDATION: Le centre ville de Yaoundé sous l'emprise des eaux
CHANNEL: Canal2 International
UPLOAD_DATE: 2024-04-04T20:01:22.000Z
DESCRIPTION: Abonnez-vous  https://goo.gl/hc9PXq 
Un programme de Canal 2 International.
Jt, 04/04/2024
Découvrez nos playlists 
( ( ( ( Cliquez sur tous les liens ) ) ) 

INFO
https://urlz.fr/fWJ8
https://goo.gl/GHBAJC
https://goo.gl/mRKRAU
https://goo.gl/XwdAEv
https://goo.gl/nrpUxb
https://goo.gl/bcme2M
https://goo.gl/tajemz 
https://goo.gl/9krKHR
https://goo.gl/DWQ3hb
https://goo.gl/93uJMH
https://goo.gl/EFs284
https://goo.gl/hVisc7
https://goo.gl/jxLVYM
https://goo.gl/tHCXDJ

DIVERTISSEMENT & SOCIETE
https://goo.gl/Hs8Rhu 
https://goo.gl/YDVPFk
https://goo.gl/B5Vrv4
https://goo.gl/7dPBSY
https://goo.gl/ciGK7P
https://goo.gl/eKoenX
https://goo.gl/WtZt7N 
https://goo.gl/jzns4k 


Toujours plus près de vous ... aussi sur les réseaux sociaux :
Twitter : @canal2inter
Facebook :   / canal2international  
Skype : Canal2 skype
Whatsapp : +237 652 551 091"
scrapers-data/face and yout/dataset_youtube-scraper_2026-09-01_07-20-44-785.csv,youtube_video_metadata,row 141,centre_locality_or_division,NKOLBISSON; YAOUNDE,INONDATION,2024-11-05T09:23:28.000Z,2024-11-05,UNKNOWN,FLOOD_EVIDENCE_NEEDS_DATE,,"TITLE: INONDATION A NKOLBISSON YAOUNDE
CHANNEL: Zoroman Officiel
UPLOAD_DATE: 2024-11-05T09:23:28.000Z
DESCRIPTION: nan"
scrapers-data/face and yout/dataset_youtube-scraper_2026-09-01_07-20-44-785.csv,youtube_video_metadata,row 142,centre_locality_or_division,YAOUNDÉ,INONDATIONS,2024-07-04T15:30:10.000Z,2024-07-04,UNKNOWN,FLOOD_EVIDENCE_NEEDS_DATE,,"TITLE: INONDATIONS DANS LA VILLE DE YAOUNDÉ - EQUINOXE TV
CHANNEL: ÉQUINOXE TV
UPLOAD_DATE: 2024-07-04T15:30:10.000Z
DESCRIPTION: INONDATIONS DANS LA VILLE DE YAOUNDÉ - EQUINOXE TV






#équinoxetv
#audelàdelimagenousrendonscompte








Follow us on
Facebook : https://www.facebook.com/equinoxe.television
Twitter : https://twitter.com/EquinoxeTv_cm
Instagram :https://www.instagram.com/equinoxetvofficial/
https://www.pinterest.com/equinoxetelevision/
https://www.linkedin.com/in/equinoxe-television-b8b59a280/
https://www.tiktok.com/@equinoxetelevision"
scrapers-data/face and yout/dataset_youtube-scraper_2026-09-01_07-20-44-785.csv,youtube_video_metadata,row 143,centre_locality_or_division,YAOUNDÉ,INONDATIONS,2026-08-18T09:00:43.000Z,2026-08-18,UNKNOWN,GENERAL_FLOOD_REFERENCE,,"TITLE: 1370 /naf/ CAMEROUN – YAOUNDÉ ET DOUALA SONT ÉPARGNÉES DES INONDATIONS 23.06.2022
CHANNEL: Monde Pour Christ_Délivrances Prophétiques
UPLOAD_DATE: 2026-08-18T09:00:43.000Z
DESCRIPTION: nan"
scrapers-data/face and yout/dataset_youtube-scraper_2026-09-01_07-20-44-785.csv,youtube_video_metadata,row 144,centre_locality_or_division,YAOUNDE; Yaoundé,inondations,2017-01-24T11:04:15.000Z,2017-01-24,UNKNOWN,GENERAL_FLOOD_REFERENCE,,"TITLE: KEEP YAOUNDE CLEAN
CHANNEL: JCI YAOUNDE UNIVERSITIES CAMEROON
UPLOAD_DATE: 2017-01-24T11:04:15.000Z
DESCRIPTION: ceci est un projet porté par JCI Cameroon Yaoundé Universities, ce projet vice à collecter les déchets plastique qui terminent leur parcours dans les drains de la ville, causant ainsi les inondations.
à la fin de ce projet l'équipe va faire une proposition de solution pour diminuer les causes de la présence des déchets dans les drains et caniveaux."
scrapers-data/face and yout/dataset_youtube-scraper_2026-09-01_07-20-44-785.csv,youtube_video_metadata,row 147,centre_locality_or_division,YAOUNDÉ,INONDATIONS,2026-06-05T20:54:14.000Z,2026-06-05,UNKNOWN,FLOOD_EVIDENCE_NEEDS_DATE,,"TITLE: INONDATIONS, YAOUNDÉ SOUS LES EAUX
CHANNEL: Info TV Officiel 
UPLOAD_DATE: 2026-06-05T20:54:14.000Z
DESCRIPTION: nan"
scrapers-data/face and yout/dataset_youtube-scraper_2026-09-01_07-20-44-785.csv,youtube_video_metadata,row 158,centre_locality_or_division,Yaoundé; Yaounde,flooding,2017-07-26T18:40:17.000Z,2017-07-26,UNKNOWN,GENERAL_FLOOD_REFERENCE,,"TITLE: Cameroon fights pollution by turning used plastic into jobs
CHANNEL: africanews
UPLOAD_DATE: 2017-07-26T18:40:17.000Z
DESCRIPTION: Plastic waste has become a major problem in Cameroon's capital, Yaoundé clogging up drains and rivers and causing flooding in the city whenever it rains.

Cameroon's government has been trying to tackle the country's plastic pollution troubles for years, but with little success.
Yaounde's streets are littered with piles of plastic bags and bottles and residents are worried.

Cheaper than other alternatives, plastic bags and bottles are popular in a place where the average income is less than 5…
READ MORE : http://www.africanews.com/2017/07/26/...

Africanews on YouTube brings you a daily dose of news, produced and realised in Africa, by and for Africans.
Africanews is the first pan-African multilingual media outlet, unique in its concept and vision.
Subscribe on our Youtube channel    / africanews   and receive all the latest news from the continent.

Africanews is available in English and French.
Website : www.africanews.com
Facebook :   / africanews.channel  
Twitter :   / africanews  "
scrapers-data/face and yout/dataset_youtube-scraper_2026-09-01_07-20-44-785.csv,youtube_video_metadata,row 159,centre_locality_or_division,Yaoundé; poste centrale; Kennedy; kennedy,inondation,2022-07-02T12:33:14.000Z,2022-07-02,UNKNOWN,FLOOD_EVIDENCE_NEEDS_DATE,,"TITLE: Yaoundé noyée dans les eaux
CHANNEL: NAJA TV
UPLOAD_DATE: 2022-07-02T12:33:14.000Z
DESCRIPTION: La poste centrale et l'avenue Kennedy sont devenus des lacs à ciel ouvert, en cas de fortes pluies. Les dégâts sont énormes et à chaque inondation, c'est le sauve qui peut.

#Yaoundé #Cameroun #Avenue_kennedy"
scrapers-data/face and yout/dataset_youtube-scraper_2026-09-01_07-20-44-785.csv,youtube_video_metadata,row 162,centre_locality_or_division,YAOUNDÉ; yaoundé,inondations,2023-04-07T16:16:47.000Z,2023-04-07,UNKNOWN,FLOOD_EVIDENCE_NEEDS_DATE,,"TITLE: YAOUNDÉ : UNE MINI CITÉ DANS LES EAUX
CHANNEL: INFOS 237 NEWS
UPLOAD_DATE: 2023-04-07T16:16:47.000Z
DESCRIPTION: #yaoundé #inondations 

🔔 Abonnez-vous à notre chaîne sur YouTube :    / @infos237news4  
🔴Rejoignez-nous sur Facebook :   / infos237news  "
scrapers-data/face and yout/dataset_youtube-scraper_2026-09-01_07-20-44-785.csv,youtube_video_metadata,row 164,centre_locality_or_division,YAOUNDÉ; Yaoundé; yaoundé,inondations,2026-06-06T17:00:21.000Z,2026-06-06,UNKNOWN,FLOOD_EVIDENCE_NEEDS_DATE,,"TITLE: La capitale politique du CAMEROUN 🇨🇲: YAOUNDÉ engloutis sous l’eau.
CHANNEL: Alex Tchami
UPLOAD_DATE: 2026-06-06T17:00:21.000Z
DESCRIPTION: Plus le temps passe plus la capitale politique du Cameroun 🇨🇲 (Yaoundé) est en danger ⚠️ avec des inondations qui persistent chaque jour.
#inondations 
#catastrophenaturelle 
#cameroun 
#yaoundé 
#eau
#afrique 
#activitehumaine
#paulbiya 
#mort
#pauvreté 
#promiscuity"
scrapers-data/face and yout/dataset_youtube-scraper_2026-09-01_07-20-44-785.csv,youtube_video_metadata,row 165,centre_locality_or_division,Yaoundé,Inondations,2026-06-06T12:16:17.000Z,2026-06-06,UNKNOWN,FLOOD_EVIDENCE_NEEDS_DATE,,"TITLE: Inondations: Yaoundé sous les Eaux
CHANNEL: Luther Junior SANA
UPLOAD_DATE: 2026-06-06T12:16:17.000Z
DESCRIPTION: nan"
scrapers-data/face and yout/dataset_youtube-scraper_2026-09-01_07-20-44-785.csv,youtube_video_metadata,row 168,centre_locality_or_division,Yaoundé,Inondations,2019-09-20T20:09:24.000Z,2019-09-20,UNKNOWN,FLOOD_EVIDENCE_NEEDS_DATE,,"TITLE: Inondations a Yaoundé-beyem assi
CHANNEL: Lyrics best song
UPLOAD_DATE: 2019-09-20T20:09:24.000Z
DESCRIPTION: nan"
scrapers-data/face and yout/dataset_youtube-scraper_2026-09-01_07-20-44-785.csv,youtube_video_metadata,row 175,centre_locality_or_division,Yaoundé; Biyem-Assi,,2024-10-14T15:21:01.000Z,2024-10-14,2024-10-07,VERIFIED_FLOOD_EVENT,CTR-FLD-2024-001,"TITLE: Yaoundé : des canalisations sèment la mort au quartier Biyem-Assi
CHANNEL: Album Social
UPLOAD_DATE: 2024-10-14T15:21:01.000Z
DESCRIPTION: Yaoundé : des canalisations sèment la mort au quartier Biyem-Assi 

La saison des pluies en cours révèle au grand jour les failles de certaines infrastructures urbaines. Le quartier Biyem-Assi, situé dans le 6e arrondissement de Yaoundé, vient une nouvelle fois d’enregistrer des victimes du fait des canalisations obstruées. C’est le cas d’un enfant de 13 ans qui a été emporté par la furie des eaux, le 7 octobre 2024, suite à une forte pluie.

Suivez Album Social sur vos réseaux sociaux :
----------
Facebook :  https://www.facebook.com/profile.php?...
Instagram :  / albumsocial237  
LinkedIn :    / 103469234  

Site Web : https://album-social.com/

https://album-social.com/mpox-au-came..."
scrapers-data/face and yout/dataset_youtube-scraper_2026-09-01_07-20-44-785.csv,youtube_video_metadata,row 179,centre_locality_or_division,Yaoundé,flood,2026-05-09T03:42:47.000Z,2026-05-09,UNKNOWN,FLOOD_EVIDENCE_NEEDS_DATE,,"TITLE: SOLMA - Mewoulou Call To Action @Solmafoundation @UNDP @prctvcameroun  @crtvwebtv @rescueorg
CHANNEL: Solmafoundation
UPLOAD_DATE: 2026-05-09T03:42:47.000Z
DESCRIPTION: SOLMA | MEWOULOU CALL TO ACTION

A community in motion, a challenge in silt. Witness the daily reality of Mewoulou, Yaoundé, and join the SOLMA Foundation in building a safer, more resilient future.

THE MISSION
This isn't just about mud and water. It's about the resilience of a neighborhood navigating a critical lack of infrastructure. Every flood represents a stalled commute, a risk to children, and a barrier to local economic growth.

The SOLMA Foundation is officially launching this Call to Action to fund and facilitate the Mewoulou Bridge Project (SOLMA-2026-BRG). Our goal is to move past the digital witness phase and into physical construction.

PROJECT DETAILS

Location: Mewoulou, Yaoundé, Cameroon

Sector: Centre des Handicapés

Project ID: SOLMA-2026-BRG

Mission: Infrastructure improvement, waste management, and bridge construction.

HOW TO SUPPORT
Join us in bridging the gap. Every share and every contribution moves us one step closer to dry land and safe passage.

Website: www.solmafoundation.org
Email: support@solmafoundation.org

#SolmaFoundation #Mewoulou #Yaoundé #Infrastructure #BridgeTheGap #SocialImpact #Cameroon"
scrapers-data/face and yout/dataset_youtube-scraper_2026-09-01_07-20-44-785.csv,youtube_video_metadata,row 194,centre_locality_or_division,ESSOS; YAOUNDÉ,INONDATIONS,2025-04-23T21:26:56.000Z,2025-04-23,UNKNOWN,FLOOD_EVIDENCE_NEEDS_DATE,,"TITLE: 🆘 ÉLECTION PRÉSIDENTIELLE : LES POUBELLES ET LES INONDATIONS AU MARCHÉ ESSOS À YAOUNDÉ
CHANNEL: Christ News Tv
UPLOAD_DATE: 2025-04-23T21:26:56.000Z
DESCRIPTION: #mauricekamto #paulbiya"
scrapers-data/face and yout/dataset_youtube-scraper_2026-09-01_07-20-44-785.csv,youtube_video_metadata,row 197,centre_locality_or_division,Yaounde; poste centrale; Yaoundé,Inondation,2019-03-07T11:47:10.000Z,2019-03-07,2019-03-07,FLOOD_EVIDENCE_NEEDS_LOCATION,,"TITLE: Yaounde - Inondation a la poste centrale
CHANNEL: un camerounais
UPLOAD_DATE: 2019-03-07T11:47:10.000Z
DESCRIPTION: Yaoundé
07/03/2019

Bienvenu au centre-ville de la capitale politique du Cameroun du roi Paul Biya et ses frères du village.
Les biyamerounais zombifié te diront qu’a New York, Paris, etc. il y’a aussi ce genre de chose donc c’est normal.
La honte."
scrapers-data/face and yout/dataset_youtube-scraper_2026-09-01_07-20-44-785.csv,youtube_video_metadata,row 205,centre_locality_or_division,MIMBOMAN; yaoundé,inondations,2023-10-06T17:53:08.000Z,2023-10-06,UNKNOWN,FLOOD_EVIDENCE_NEEDS_DATE,,"TITLE: MIMBOMAN PLATEAU : LES HABITANTS, LES PIEDS DANS L'EAU
CHANNEL: INFOS 237 NEWS
UPLOAD_DATE: 2023-10-06T17:53:08.000Z
DESCRIPTION: #yaoundé #inondations 

🔔Abonnez-vous à notre chaîne sur YouTube :    / @infos237news4  
🔴Rejoignez-nous sur Facebook :   / infos237news  "
scrapers-data/face and yout/dataset_youtube-scraper_2026-09-01_07-20-44-785.csv,youtube_video_metadata,row 206,centre_locality_or_division,Yaoundé,inondations,2009-06-12T02:16:16.000Z,2009-06-12,UNKNOWN,FLOOD_EVIDENCE_NEEDS_DATE,,"TITLE: MboaBLOG vous présente Yaoundé en saison pluvieuse
CHANNEL: MboaBLOG Os
UPLOAD_DATE: 2009-06-12T02:16:16.000Z
DESCRIPTION: Un jeune parle des inondations"
scrapers-data/face and yout/dataset_youtube-scraper_2026-09-01_07-20-44-785.csv,youtube_video_metadata,row 209,centre_locality_or_division,Yaoundé,inondations,2024-07-31T14:24:30.000Z,2024-07-31,UNKNOWN,FLOOD_EVIDENCE_NEEDS_DATE,,"TITLE: July 31, 2024
CHANNEL: elisee Yonta
UPLOAD_DATE: 2024-07-31T14:24:30.000Z
DESCRIPTION: Bonjour les amis, 

Je partage cette vidéo des inondations dans la ville de Yaoundé au Cameroun. 

Ce qui se passe au Cameroun, se passe aussi dans les autres pays africains avec l urbanisation non contrôlée. 

N'est ce pas temps de poser le problème de l urbanisation, de l évacuation des eaux et de l habitat regulee et contrôlée selon un plan d urbanisation ?

Cordialement. 

#eliseeyonta"
scrapers-data/face and yout/dataset_youtube-scraper_2026-09-01_07-20-44-785.csv,youtube_video_metadata,row 213,centre_locality_or_division,YAOUNDÉ; Nkolbisson; Yaoundé,INONDATIONS; inondations,2018-02-28T10:30:49.000Z,2018-02-28,2017-09-12,VERIFIED_FLOOD_EVENT,CTR-FLD-2017-001,"TITLE: DES INONDATIONS IMPRÉVISIBLES À YAOUNDÉ ET DOUALA /QU’ATTENDONS NOUS POUR DIRE TROP CEST TROP?
CHANNEL: THE HAIR DOCTORS Manchester
UPLOAD_DATE: 2018-02-28T10:30:49.000Z
DESCRIPTION: Alors que nous voulons organiser la CAN2019, voici ce que le cameroun montre aux yeux du monde qui sont rives vers nous! Pas croyable en 2018!

Les déchets plastiques et organiques ont bloqué la buse métallique qui permet l’écoulement des eaux.
A l’heure actuelle, il ne fait pas bon vivre au quartier Nkolbisson à Yaoundé dans la Région du Centre. Il se trouve que dans ce quartier de la capitale, les inondations font rage. Et personne n’y échappe. Le quotidien Le Jour dans son édition du 12 septembre 2017 qui en parle aussi, rapporte que les populations de ce côté maudissent la pluie, chaque fois qu’elle tombe. Ceci à cause des dégâts qu’elle commet à son passage. «Il y a quelques mois, j’ai perdu mes documents après une forte pluie. J’étais allé faire des achats au marché. Heureusement que mon acte n’était pas à la maison», raconte un habitant de Nkolbisson.

Sur les causes de ces inondations qui sont récurrentes dans ce quartier, certains habitants évoquent le fait que les déchets plastiques et organiques se retrouvent sur la buse métallique et empêchent donc l’écoulement des eaux. Pour d’autres c’est le pont situé au lieu-dit Caramba échangeur qui est à l’origine de ces inondations. «Le lit rétréci est incapable de contenir la marée en cas de forte pluie. C’est pour cette raison que l’eau quitte prestement son lit pour la chaussée et dans les maisons», explique un conducteur de moto du quartier.

Même s’il est clair que les habitants ne s’entendent pas sur les réelles causes de ces inondations, cependant ils portent tous un même plaidoyer. Celui de voir très prochainement les autorités agir pour abréger leur souffrance. «Nous implorons les autorités d’élargir le lit de ce cour d’eau. Il faudra également sensibiliser les populations sur l’usage des déchets afin qu’ils ne se retrouvent plus dans les eaux», déclare une habitante de Nkolbisson."
scrapers-data/face and yout/dataset_youtube-scraper_2026-09-01_07-20-44-785.csv,youtube_video_metadata,row 215,centre_locality_or_division,Yaoundé; Mfoundi,Flooding,2023-10-10T02:21:29.000Z,2023-10-10,UNKNOWN,FLOOD_EVIDENCE_NEEDS_DATE,,"TITLE: The Flooding in Yaoundé, Mfoundi, Cameroon/Cameroun   glissement de terrain meurtrier à Yaoundé
CHANNEL: Slava Rachelle
UPLOAD_DATE: 2023-10-10T02:21:29.000Z
DESCRIPTION: @viralreels @reels2023 @realtalkreels @Godisgood @GloryToGod @jesuschrist @reelsvideo @reelsfb @reelsviral @sound @fyp @followformore @viral @christian @shorts @share @Repost @trending @trend @capcut @fuel @fulltank @kings @seo @CNN @BBC @BBCHindi @CNN"
scrapers-data/face and yout/dataset_youtube-scraper_2026-09-01_07-20-44-785.csv,youtube_video_metadata,row 218,centre_locality_or_division,Yaoundé,Inondation; inondations,2020-06-16T07:54:39.000Z,2020-06-16,UNKNOWN,FLOOD_EVIDENCE_NEEDS_DATE,,"TITLE: Cameroun Inondation Yaoundé
CHANNEL: CAMER TV
UPLOAD_DATE: 2020-06-16T07:54:39.000Z
DESCRIPTION: les inondations ne sont pas finies dans la capitale"
scrapers-data/face and yout/dataset_youtube-scraper_2026-09-01_07-20-44-785.csv,youtube_video_metadata,row 219,centre_locality_or_division,Yaounde,Inondations,2017-05-09T06:11:22.000Z,2017-05-09,UNKNOWN,FLOOD_EVIDENCE_NEEDS_DATE,,"TITLE: Cameroun Yaoundé Inondations / Cameroon Yaounde Floods
CHANNEL: Hors Frontières 
UPLOAD_DATE: 2017-05-09T06:11:22.000Z
DESCRIPTION: Près de 5000 vidéos en HD. Sur 140 pays différents.
Abonnez-vous si vous aimez la vidéo !
Subscribe and like ! 

Facebook :  http://www.facebook.com/Hors-frontier... 
Site Internet : http://hors-frontieres.fr

Mon tour du monde continue. Déjà plus de 160 pays visités. Et comme toujours, voici les vidéos complètes de cette formidable aventure humaine.

Si vous aimez mon travail, abonnez-vous à ma chaîne. Vous serez ainsi les premiers informés des nouvelles publications.

--------------------------------------------------------------------------------------------------------------

My world tour continues . Already more than 160 countries visited. And as always, here is the full video of this great human adventure .

If you like my work , please subscribe to my channel. You'll be the first informed about new publications."
scrapers-data/face and yout/dataset_youtube-scraper_2026-09-01_07-20-44-785.csv,youtube_video_metadata,row 221,centre_locality_or_division,MFOUNDI; yaoundé; mfoundi,inondations,2022-10-01T21:43:46.000Z,2022-10-01,UNKNOWN,FLOOD_EVIDENCE_NEEDS_DATE,,"TITLE: UN TAXI NOYÉ PAR LES EAUX DU MFOUNDI
CHANNEL: INFOS 237 NEWS
UPLOAD_DATE: 2022-10-01T21:43:46.000Z
DESCRIPTION: #cameroun #yaoundé #pluies #inondations #mfoundi #taxinoyé"
scrapers-data/face and yout/dataset_youtube-scraper_2026-09-01_07-20-44-785.csv,youtube_video_metadata,row 227,centre_locality_or_division,YAOUNDE,INONDATION; inondations,2023-03-22T09:45:32.000Z,2023-03-22,UNKNOWN,FLOOD_EVIDENCE_NEEDS_DATE,,"TITLE: YAOUNDE CAPITALE POLITIQUE DU CAMEROUN DANS L'INONDATION TOTAL. MO'RADIO  fait le constat
CHANNEL: Mo Radio 87.7
UPLOAD_DATE: 2023-03-22T09:45:32.000Z
DESCRIPTION: saison pluvieuse les Camerounais dans la tourmente des inondations"
scrapers-data/face and yout/dataset_youtube-scraper_2026-09-01_07-20-44-785.csv,youtube_video_metadata,row 231,centre_locality_or_division,Yaoundé; Kennedy; Poste Centrale,inondations,2026-06-08T07:42:51.000Z,2026-06-08,UNKNOWN,GENERAL_FLOOD_REFERENCE,,"TITLE: De fortes pluies provoquent des inondations à Yaoundé depuis quelques jours
CHANNEL: séverin alega mbele
UPLOAD_DATE: 2026-06-08T07:42:51.000Z
DESCRIPTION: La Boulangerie Acropole a subi des dommages matériels importants ayant affecté son fonctionnement. L'Avenue Kennedy, les alentours de la Poste Centrale  sont sous la menace des inondations.
Les habitants de Yaoundé pensent qu'il faut curer les caniveaux régulièrement, un minimum de civisme et améliorer l'urbanisation"
scrapers-data/face and yout/dataset_youtube-scraper_2026-09-01_07-20-44-785.csv,youtube_video_metadata,row 233,centre_locality_or_division,Yaoundé,inondations,2021-06-19T20:03:45.000Z,2021-06-19,UNKNOWN,POSSIBLE_DUPLICATE,,"TITLE: inondations à la mairie de Yaoundé 7 Marcellin Gansop équinoxe TV
CHANNEL: Marcellin Gansop
UPLOAD_DATE: 2021-06-19T20:03:45.000Z
DESCRIPTION: reportage sur les inondations à la mairie de Yaoundé 7  Marcellin Gansop équinoxe TV"
scrapers-data/face and yout/dataset_youtube-scraper_2026-09-01_07-20-44-785.csv,youtube_video_metadata,row 250,centre_locality_or_division,Biyem-Assi,inondations,2018-09-22T07:18:29.000Z,2018-09-22,UNKNOWN,GENERAL_FLOOD_REFERENCE,,"TITLE: Voici ce qui cause les inondations à Biyem-Assi Lycée
CHANNEL: Franck Cena Yondo
UPLOAD_DATE: 2018-09-22T07:18:29.000Z
DESCRIPTION: Les déchets plastiques sont restés très longtemps dans cette rivière bouchant déjà la circulation d'eau. Malgré les pleures de la population riveraines, les autorités compétentes n'ont jamais soulevées le petit doigt pour pallier à cette situation..."
scrapers-data/face and yout/dataset_youtube-scraper_2026-09-01_07-20-44-785.csv,youtube_video_metadata,row 257,centre_locality_or_division,YAOUNDÉ,INONDATIONS,2022-07-03T11:13:09.000Z,2022-07-03,UNKNOWN,FLOOD_EVIDENCE_NEEDS_DATE,,"TITLE: LES INONDATIONS DE RETOUR À YAOUNDÉ
CHANNEL: INFOS 237 NEWS
UPLOAD_DATE: 2022-07-03T11:13:09.000Z
DESCRIPTION: #YAOUNDÉ #INONDATIONS #PLUIESDILUVIENNES"
scrapers-data/face and yout/dataset_youtube-scraper_2026-09-01_07-20-44-785.csv,youtube_video_metadata,row 272,centre_locality_or_division,YAOUNDE; Yaounde,INONDATIONS,2023-03-22T23:00:01.000Z,2023-03-22,UNKNOWN,GENERAL_FLOOD_REFERENCE,,"TITLE: YAOUNDE: MENACE DES INONDATIONS DANS LA CAPITALE - ÉQUINOXE TV
CHANNEL: ÉQUINOXE TV
UPLOAD_DATE: 2023-03-22T23:00:01.000Z
DESCRIPTION: YAOUNDE: MENACE DES INONDATIONS DANS LA CAPITALE - ÉQUINOXE TV



#Menacedesinondations
#Yaounde
#équinoxetv 
#audelàdelimagenousrendonscompte




Follow us on
Facebook : https://www.facebook.com/equinoxe.television
Twitter : https://twitter.com/EquinoxeTv_cm
Instagram :https://www.instagram.com/equinoxetvofficial/"
scrapers-data/face and yout/dataset_youtube-scraper_2026-09-01_07-20-44-785.csv,youtube_video_metadata,row 275,centre_locality_or_division,Yaoundé,inondations,2017-09-13T21:08:01.000Z,2017-09-13,UNKNOWN,FLOOD_EVIDENCE_NEEDS_DATE,,"TITLE: EQUINOXE TV - JT 20H00(CMR: Yaoundé sous les inondations) - Mercredi 13 Septembre 2017
CHANNEL: Kmer Replay
UPLOAD_DATE: 2017-09-13T21:08:01.000Z
DESCRIPTION: Présentation: Cédrick NOUFELE"
scrapers-data/face and yout/dataset_youtube-scraper_2026-09-01_07-20-44-785.csv,youtube_video_metadata,row 276,centre_locality_or_division,Yaoundé; Melen,inondation; inondations,2013-07-06T19:53:06.000Z,2013-07-06,2013-03-01,FLOOD_EVIDENCE_NEEDS_LOCATION,,"TITLE: L'inondation du 1er mars 2013 au carrefour MEEC à Yaoundé
CHANNEL: Les Visages d'Afrique
UPLOAD_DATE: 2013-07-06T19:53:06.000Z
DESCRIPTION: Après la pluie du 1er mars 2013, les populations du quartier Melen derrière le Parc National du Génie Civil n'ont pas dormi à cause des inondations; l'eau a envahi les dommiciles au points où non seulement les gens n'ont pas dormi, mais se sont vus obligés d'entreprendre les travaux d'investissement humain pour trouver une solution à leur problème sans attendre la Communauté Urbaine de Yaoundé qui prendrait tout son temps pour éventuellement apporter une réponse à ce problème."
scrapers-data/face and yout/dataset_youtube-scraper_2026-09-01_07-20-44-785.csv,youtube_video_metadata,row 277,centre_locality_or_division,Mbankolo; Yaoundé,inondation,2023-10-16T06:19:55.000Z,2023-10-16,UNKNOWN,FLOOD_EVIDENCE_NEEDS_DATE,,"TITLE: tremblement de terre et inondation à Mbankolo à Yaoundé
CHANNEL:  INTERNATIONALE  UN GESTE DIVIN 
UPLOAD_DATE: 2023-10-16T06:19:55.000Z
DESCRIPTION: nan"
scrapers-data/face and yout/dataset_youtube-scraper_2026-09-01_07-20-44-785.csv,youtube_video_metadata,row 281,centre_locality_or_division,YAOUNDÉ; Kennedy; Emah; Mokolo,INONDATIONS,2019-09-20T20:14:09.000Z,2019-09-20,2019-09-20,FLOOD_EVIDENCE_NEEDS_LOCATION,,"TITLE: CATASTROPHE  INONDATIONS À YAOUNDÉ
CHANNEL: Africa Circle TV
UPLOAD_DATE: 2019-09-20T20:14:09.000Z
DESCRIPTION: Avenue Kennedy, carrefour Emah Basile, Mokolo ont subit les foudres de la grande pluid qui s'est abattue dans la capitale politique ce vendredi 20 septembre 2019µ
N'oubliez pas de vous abonner à notre site web pour plus d'infos.
Vous pouvez nous suivre sur:
- Facebook: https://www.facebook.com/Africacircletv
- Twitter: https://twitter.com/afcir17
- Web : https://www.africacircletv.com/ 
©2019. #Regardez et #Partagez cette vidéo !!!!!!"
scrapers-data/face and yout/dataset_youtube-scraper_2026-09-01_07-20-44-785.csv,youtube_video_metadata,row 282,centre_locality_or_division,YAOUNDÉ; poste centrale; Kennedy; Yaoundé,inondations,2018-05-29T21:32:40.000Z,2018-05-29,UNKNOWN,FLOOD_EVIDENCE_NEEDS_DATE,,"TITLE: YAOUNDÉ SOUS LES EAUX / À QUAND LA SOLUTION À CETTE SITUATION?
CHANNEL: THE HAIR DOCTORS Manchester
UPLOAD_DATE: 2018-05-29T21:32:40.000Z
DESCRIPTION: Urgent

C'EST GRAVE À YAOUNDÉ

Après le passage d'une pluie torrentielle, la poste centrale, l'avenue Kennedy, l'Institut Français dans l'eau. On dirait la piscine centrale de Yaoundé. Les gens vous diront que c'est normal car même à Paris il y'a les inondations.

Yaoundé respire vraiment.

Paul CHOUTA (PC) le TGV de l'info"
scrapers-data/face and yout/dataset_youtube-scraper_2026-09-01_07-20-44-785.csv,youtube_video_metadata,row 287,centre_locality_or_division,OYOMABANG,INONDATIONS,2024-11-06T14:01:01.000Z,2024-11-06,UNKNOWN,FLOOD_EVIDENCE_NEEDS_DATE,,"TITLE: INONDATIONS À OYOMABANG: UN ÉLÈVE EMPORTÉ PAR LES EAUX - EQUINOXE TV
CHANNEL: ÉQUINOXE TV
UPLOAD_DATE: 2024-11-06T14:01:01.000Z
DESCRIPTION: INONDATIONS À OYOMABANG: UN ÉLÈVE EMPORTÉ PAR LES EAUX - EQUINOXE TV







#équinoxetv
#audelàdelimagenousrendonscompte





Follow us on
Facebook : https://www.facebook.com/equinoxe.television
Twitter : https://twitter.com/EquinoxeTv_cm
Instagram :https://www.instagram.com/equinoxetvofficial/
https://www.pinterest.com/equinoxetelevision/
https://www.linkedin.com/in/equinoxe-television-b8b59a280/
https://www.tiktok.com/@equinoxetelevision"
scrapers-data/face and yout/dataset_youtube-scraper_2026-09-01_07-20-44-785.csv,youtube_video_metadata,row 296,centre_locality_or_division,Yaoundé,Inondations; inondations,2025-09-08T16:14:42.000Z,2025-09-08,UNKNOWN,GENERAL_FLOOD_REFERENCE,,"TITLE: C’est grave à Yaoundé : Inondations incroyables
CHANNEL: CAPITALE FM 102.8
UPLOAD_DATE: 2025-09-08T16:14:42.000Z
DESCRIPTION: 🟨 ABONNE-TOI EN CLIQUANT ICI
   / @capitalefm102.8  
🔁 Réagissez en commentaire :   aoundé traverse une crise majeure avec des inondations incroyables qui paralysent la ville et mettent en danger la vie de milliers d’habitants. Dans cette vidéo, nous révélons l’ampleur des dégâts, les causes profondes de cette catastrophe et les implications pour tous #InondationYaoundé, #Yaoundé, #Cameroun, #UrgenceInondation, #CriseClimatique, #SituationGrave, #CatastropheNaturelle, #Sécurité, #SantéPublique, #ChangementsClimatiques, #DéveloppementDurable, #Résilience, #GestionDesRisques, #Urbanisation, #AlerteYaoundé, #ProtectionCivile, #Solidarité, #Environnement, #ImpactSocial, #Yaoundé2025"
